ISO-10303-21;
HEADER;
FILE_DESCRIPTION(('FreeCAD Model'),'2;1');
FILE_NAME('Open CASCADE Shape Model','2026-10-03T19:15:17',('Author'),(
    ''),'Open CASCADE STEP processor 7.8','FreeCAD','Unknown');
FILE_SCHEMA(('AUTOMOTIVE_DESIGN { 1 0 10303 214 1 1 1 1 }'));
ENDSEC;
DATA;
#1 = APPLICATION_PROTOCOL_DEFINITION('international standard',
  'automotive_design',2000,#2);
#2 = APPLICATION_CONTEXT(
  'core data for automotive mechanical design processes');
#3 = SHAPE_DEFINITION_REPRESENTATION(#4,#10);
#4 = PRODUCT_DEFINITION_SHAPE('','',#5);
#5 = PRODUCT_DEFINITION('design','',#6,#9);
#6 = PRODUCT_DEFINITION_FORMATION('','',#7);
#7 = PRODUCT('SCT2433STER_ESOP8_nominal','SCT2433STER_ESOP8_nominal','',
  (#8));
#8 = PRODUCT_CONTEXT('',#2,'mechanical');
#9 = PRODUCT_DEFINITION_CONTEXT('part definition',#2,'design');
#10 = SHAPE_REPRESENTATION('',(#11,#15,#19,#23,#27,#31,#35,#39,#43,#47,
    #51,#55),#59);
#11 = AXIS2_PLACEMENT_3D('',#12,#13,#14);
#12 = CARTESIAN_POINT('',(0.,0.,0.));
#13 = DIRECTION('',(0.,0.,1.));
#14 = DIRECTION('',(1.,0.,-0.));
#15 = AXIS2_PLACEMENT_3D('',#16,#17,#18);
#16 = CARTESIAN_POINT('',(0.,0.,0.));
#17 = DIRECTION('',(0.,0.,1.));
#18 = DIRECTION('',(1.,0.,0.));
#19 = AXIS2_PLACEMENT_3D('',#20,#21,#22);
#20 = CARTESIAN_POINT('',(0.,0.,0.));
#21 = DIRECTION('',(0.,0.,1.));
#22 = DIRECTION('',(1.,0.,0.));
#23 = AXIS2_PLACEMENT_3D('',#24,#25,#26);
#24 = CARTESIAN_POINT('',(0.,0.,0.));
#25 = DIRECTION('',(0.,0.,1.));
#26 = DIRECTION('',(1.,0.,0.));
#27 = AXIS2_PLACEMENT_3D('',#28,#29,#30);
#28 = CARTESIAN_POINT('',(0.,0.,0.));
#29 = DIRECTION('',(0.,0.,1.));
#30 = DIRECTION('',(1.,0.,0.));
#31 = AXIS2_PLACEMENT_3D('',#32,#33,#34);
#32 = CARTESIAN_POINT('',(0.,0.,0.));
#33 = DIRECTION('',(0.,0.,1.));
#34 = DIRECTION('',(1.,0.,0.));
#35 = AXIS2_PLACEMENT_3D('',#36,#37,#38);
#36 = CARTESIAN_POINT('',(0.,0.,0.));
#37 = DIRECTION('',(0.,0.,1.));
#38 = DIRECTION('',(1.,0.,0.));
#39 = AXIS2_PLACEMENT_3D('',#40,#41,#42);
#40 = CARTESIAN_POINT('',(0.,0.,0.));
#41 = DIRECTION('',(0.,0.,1.));
#42 = DIRECTION('',(1.,0.,0.));
#43 = AXIS2_PLACEMENT_3D('',#44,#45,#46);
#44 = CARTESIAN_POINT('',(0.,0.,0.));
#45 = DIRECTION('',(0.,0.,1.));
#46 = DIRECTION('',(1.,0.,0.));
#47 = AXIS2_PLACEMENT_3D('',#48,#49,#50);
#48 = CARTESIAN_POINT('',(0.,0.,0.));
#49 = DIRECTION('',(0.,0.,1.));
#50 = DIRECTION('',(1.,0.,0.));
#51 = AXIS2_PLACEMENT_3D('',#52,#53,#54);
#52 = CARTESIAN_POINT('',(0.,0.,0.));
#53 = DIRECTION('',(0.,0.,1.));
#54 = DIRECTION('',(1.,0.,0.));
#55 = AXIS2_PLACEMENT_3D('',#56,#57,#58);
#56 = CARTESIAN_POINT('',(0.,0.,0.));
#57 = DIRECTION('',(0.,0.,1.));
#58 = DIRECTION('',(1.,0.,0.));
#59 = ( GEOMETRIC_REPRESENTATION_CONTEXT(3) 
GLOBAL_UNCERTAINTY_ASSIGNED_CONTEXT((#63)) GLOBAL_UNIT_ASSIGNED_CONTEXT(
(#60,#61,#62)) REPRESENTATION_CONTEXT('Context #1',
  '3D Context with UNIT and UNCERTAINTY') );
#60 = ( LENGTH_UNIT() NAMED_UNIT(*) SI_UNIT(.MILLI.,.METRE.) );
#61 = ( NAMED_UNIT(*) PLANE_ANGLE_UNIT() SI_UNIT($,.RADIAN.) );
#62 = ( NAMED_UNIT(*) SI_UNIT($,.STERADIAN.) SOLID_ANGLE_UNIT() );
#63 = UNCERTAINTY_MEASURE_WITH_UNIT(LENGTH_MEASURE(1.E-07),#60,
  'distance_accuracy_value','confusion accuracy');
#64 = PRODUCT_RELATED_PRODUCT_CATEGORY('part',$,(#7));
#65 = SHAPE_DEFINITION_REPRESENTATION(#66,#72);
#66 = PRODUCT_DEFINITION_SHAPE('','',#67);
#67 = PRODUCT_DEFINITION('design','',#68,#71);
#68 = PRODUCT_DEFINITION_FORMATION('','',#69);
#69 = PRODUCT('Pin1_orientation_dot_schematic',
  'Pin1_orientation_dot_schematic','',(#70));
#70 = PRODUCT_CONTEXT('',#2,'mechanical');
#71 = PRODUCT_DEFINITION_CONTEXT('part definition',#2,'design');
#72 = ADVANCED_BREP_SHAPE_REPRESENTATION('',(#11,#73),#126);
#73 = MANIFOLD_SOLID_BREP('',#74);
#74 = CLOSED_SHELL('',(#75,#108,#117));
#75 = ADVANCED_FACE('',(#76),#103,.T.);
#76 = FACE_BOUND('',#77,.T.);
#77 = EDGE_LOOP('',(#78,#87,#95,#102));
#78 = ORIENTED_EDGE('',*,*,#79,.F.);
#79 = EDGE_CURVE('',#80,#80,#82,.T.);
#80 = VERTEX_POINT('',#81);
#81 = CARTESIAN_POINT('',(-1.3316,1.95,1.5));
#82 = CIRCLE('',#83,0.1584);
#83 = AXIS2_PLACEMENT_3D('',#84,#85,#86);
#84 = CARTESIAN_POINT('',(-1.49,1.95,1.5));
#85 = DIRECTION('',(0.,0.,1.));
#86 = DIRECTION('',(1.,0.,-0.));
#87 = ORIENTED_EDGE('',*,*,#88,.F.);
#88 = EDGE_CURVE('',#89,#80,#91,.T.);
#89 = VERTEX_POINT('',#90);
#90 = CARTESIAN_POINT('',(-1.3316,1.95,1.486));
#91 = LINE('',#92,#93);
#92 = CARTESIAN_POINT('',(-1.3316,1.95,1.486));
#93 = VECTOR('',#94,1.);
#94 = DIRECTION('',(0.,0.,1.));
#95 = ORIENTED_EDGE('',*,*,#96,.T.);
#96 = EDGE_CURVE('',#89,#89,#97,.T.);
#97 = CIRCLE('',#98,0.1584);
#98 = AXIS2_PLACEMENT_3D('',#99,#100,#101);
#99 = CARTESIAN_POINT('',(-1.49,1.95,1.486));
#100 = DIRECTION('',(0.,0.,1.));
#101 = DIRECTION('',(1.,0.,-0.));
#102 = ORIENTED_EDGE('',*,*,#88,.T.);
#103 = CYLINDRICAL_SURFACE('',#104,0.1584);
#104 = AXIS2_PLACEMENT_3D('',#105,#106,#107);
#105 = CARTESIAN_POINT('',(-1.49,1.95,1.486));
#106 = DIRECTION('',(0.,0.,1.));
#107 = DIRECTION('',(1.,0.,-0.));
#108 = ADVANCED_FACE('',(#109),#112,.T.);
#109 = FACE_BOUND('',#110,.T.);
#110 = EDGE_LOOP('',(#111));
#111 = ORIENTED_EDGE('',*,*,#79,.T.);
#112 = PLANE('',#113);
#113 = AXIS2_PLACEMENT_3D('',#114,#115,#116);
#114 = CARTESIAN_POINT('',(-1.49,1.95,1.5));
#115 = DIRECTION('',(0.,0.,1.));
#116 = DIRECTION('',(1.,0.,-0.));
#117 = ADVANCED_FACE('',(#118),#121,.F.);
#118 = FACE_BOUND('',#119,.T.);
#119 = EDGE_LOOP('',(#120));
#120 = ORIENTED_EDGE('',*,*,#96,.F.);
#121 = PLANE('',#122);
#122 = AXIS2_PLACEMENT_3D('',#123,#124,#125);
#123 = CARTESIAN_POINT('',(-1.49,1.95,1.486));
#124 = DIRECTION('',(0.,0.,1.));
#125 = DIRECTION('',(1.,0.,-0.));
#126 = ( GEOMETRIC_REPRESENTATION_CONTEXT(3) 
GLOBAL_UNCERTAINTY_ASSIGNED_CONTEXT((#130)) GLOBAL_UNIT_ASSIGNED_CONTEXT
((#127,#128,#129)) REPRESENTATION_CONTEXT('Context #1',
  '3D Context with UNIT and UNCERTAINTY') );
#127 = ( LENGTH_UNIT() NAMED_UNIT(*) SI_UNIT(.MILLI.,.METRE.) );
#128 = ( NAMED_UNIT(*) PLANE_ANGLE_UNIT() SI_UNIT($,.RADIAN.) );
#129 = ( NAMED_UNIT(*) SI_UNIT($,.STERADIAN.) SOLID_ANGLE_UNIT() );
#130 = UNCERTAINTY_MEASURE_WITH_UNIT(LENGTH_MEASURE(1.E-07),#127,
  'distance_accuracy_value','confusion accuracy');
#131 = CONTEXT_DEPENDENT_SHAPE_REPRESENTATION(#132,#134);
#132 = ( REPRESENTATION_RELATIONSHIP('','',#72,#10) 
REPRESENTATION_RELATIONSHIP_WITH_TRANSFORMATION(#133) 
SHAPE_REPRESENTATION_RELATIONSHIP() );
#133 = ITEM_DEFINED_TRANSFORMATION('','',#11,#15);
#134 = PRODUCT_DEFINITION_SHAPE('Placement','Placement of an item',#135
  );
#135 = NEXT_ASSEMBLY_USAGE_OCCURRENCE('81',
  'Pin1_orientation_dot_schematic','',#5,#67,$);
#136 = PRODUCT_RELATED_PRODUCT_CATEGORY('part',$,(#69));
#137 = SHAPE_DEFINITION_REPRESENTATION(#138,#144);
#138 = PRODUCT_DEFINITION_SHAPE('','',#139);
#139 = PRODUCT_DEFINITION('design','',#140,#143);
#140 = PRODUCT_DEFINITION_FORMATION('','',#141);
#141 = PRODUCT('Molded_body','Molded_body','',(#142));
#142 = PRODUCT_CONTEXT('',#2,'mechanical');
#143 = PRODUCT_DEFINITION_CONTEXT('part definition',#2,'design');
#144 = ADVANCED_BREP_SHAPE_REPRESENTATION('',(#11,#145),#428);
#145 = MANIFOLD_SOLID_BREP('',#146);
#146 = CLOSED_SHELL('',(#147,#185,#216,#239,#268,#291,#308,#331,#366,
    #382,#394,#419));
#147 = ADVANCED_FACE('',(#148),#180,.T.);
#148 = FACE_BOUND('',#149,.T.);
#149 = EDGE_LOOP('',(#150,#160,#167,#175));
#150 = ORIENTED_EDGE('',*,*,#151,.T.);
#151 = EDGE_CURVE('',#152,#154,#156,.T.);
#152 = VERTEX_POINT('',#153);
#153 = CARTESIAN_POINT('',(-1.86,-2.36,5.E-02));
#154 = VERTEX_POINT('',#155);
#155 = CARTESIAN_POINT('',(1.86,-2.36,5.E-02));
#156 = LINE('',#157,#158);
#157 = CARTESIAN_POINT('',(-1.86,-2.36,5.E-02));
#158 = VECTOR('',#159,1.);
#159 = DIRECTION('',(1.,0.,0.));
#160 = ORIENTED_EDGE('',*,*,#161,.T.);
#161 = EDGE_CURVE('',#154,#162,#164,.T.);
#162 = VERTEX_POINT('',#163);
#163 = CARTESIAN_POINT('',(1.95,-2.45,0.5575));
#164 = B_SPLINE_CURVE_WITH_KNOTS('',1,(#165,#166),.UNSPECIFIED.,.F.,.F.,
  (2,2),(0.,1.),.PIECEWISE_BEZIER_KNOTS.);
#165 = CARTESIAN_POINT('',(1.86,-2.36,5.E-02));
#166 = CARTESIAN_POINT('',(1.95,-2.45,0.5575));
#167 = ORIENTED_EDGE('',*,*,#168,.F.);
#168 = EDGE_CURVE('',#169,#162,#171,.T.);
#169 = VERTEX_POINT('',#170);
#170 = CARTESIAN_POINT('',(-1.95,-2.45,0.5575));
#171 = LINE('',#172,#173);
#172 = CARTESIAN_POINT('',(-1.95,-2.45,0.5575));
#173 = VECTOR('',#174,1.);
#174 = DIRECTION('',(1.,0.,0.));
#175 = ORIENTED_EDGE('',*,*,#176,.F.);
#176 = EDGE_CURVE('',#152,#169,#177,.T.);
#177 = B_SPLINE_CURVE_WITH_KNOTS('',1,(#178,#179),.UNSPECIFIED.,.F.,.F.,
  (2,2),(0.,1.),.PIECEWISE_BEZIER_KNOTS.);
#178 = CARTESIAN_POINT('',(-1.86,-2.36,5.E-02));
#179 = CARTESIAN_POINT('',(-1.95,-2.45,0.5575));
#180 = B_SPLINE_SURFACE_WITH_KNOTS('',1,1,(
    (#181,#182)
    ,(#183,#184
  )),.UNSPECIFIED.,.F.,.F.,.F.,(2,2),(2,2),(0.,3.9),(0.,1.),
  .PIECEWISE_BEZIER_KNOTS.);
#181 = CARTESIAN_POINT('',(-1.86,-2.36,5.E-02));
#182 = CARTESIAN_POINT('',(-1.95,-2.45,0.5575));
#183 = CARTESIAN_POINT('',(1.86,-2.36,5.E-02));
#184 = CARTESIAN_POINT('',(1.95,-2.45,0.5575));
#185 = ADVANCED_FACE('',(#186),#211,.T.);
#186 = FACE_BOUND('',#187,.F.);
#187 = EDGE_LOOP('',(#188,#189,#197,#205));
#188 = ORIENTED_EDGE('',*,*,#151,.T.);
#189 = ORIENTED_EDGE('',*,*,#190,.T.);
#190 = EDGE_CURVE('',#154,#191,#193,.T.);
#191 = VERTEX_POINT('',#192);
#192 = CARTESIAN_POINT('',(1.86,2.36,5.E-02));
#193 = LINE('',#194,#195);
#194 = CARTESIAN_POINT('',(1.86,-2.36,5.E-02));
#195 = VECTOR('',#196,1.);
#196 = DIRECTION('',(0.,1.,0.));
#197 = ORIENTED_EDGE('',*,*,#198,.T.);
#198 = EDGE_CURVE('',#191,#199,#201,.T.);
#199 = VERTEX_POINT('',#200);
#200 = CARTESIAN_POINT('',(-1.86,2.36,5.E-02));
#201 = LINE('',#202,#203);
#202 = CARTESIAN_POINT('',(1.86,2.36,5.E-02));
#203 = VECTOR('',#204,1.);
#204 = DIRECTION('',(-1.,0.,0.));
#205 = ORIENTED_EDGE('',*,*,#206,.T.);
#206 = EDGE_CURVE('',#199,#152,#207,.T.);
#207 = LINE('',#208,#209);
#208 = CARTESIAN_POINT('',(-1.86,2.36,5.E-02));
#209 = VECTOR('',#210,1.);
#210 = DIRECTION('',(0.,-1.,0.));
#211 = PLANE('',#212);
#212 = AXIS2_PLACEMENT_3D('',#213,#214,#215);
#213 = CARTESIAN_POINT('',(-1.86,-2.36,5.E-02));
#214 = DIRECTION('',(0.,0.,-1.));
#215 = DIRECTION('',(0.618996663017,0.78539361544,0.));
#216 = ADVANCED_FACE('',(#217),#234,.T.);
#217 = FACE_BOUND('',#218,.T.);
#218 = EDGE_LOOP('',(#219,#220,#227,#233));
#219 = ORIENTED_EDGE('',*,*,#190,.T.);
#220 = ORIENTED_EDGE('',*,*,#221,.T.);
#221 = EDGE_CURVE('',#191,#222,#224,.T.);
#222 = VERTEX_POINT('',#223);
#223 = CARTESIAN_POINT('',(1.95,2.45,0.5575));
#224 = B_SPLINE_CURVE_WITH_KNOTS('',1,(#225,#226),.UNSPECIFIED.,.F.,.F.,
  (2,2),(0.,1.),.PIECEWISE_BEZIER_KNOTS.);
#225 = CARTESIAN_POINT('',(1.86,2.36,5.E-02));
#226 = CARTESIAN_POINT('',(1.95,2.45,0.5575));
#227 = ORIENTED_EDGE('',*,*,#228,.F.);
#228 = EDGE_CURVE('',#162,#222,#229,.T.);
#229 = LINE('',#230,#231);
#230 = CARTESIAN_POINT('',(1.95,-2.45,0.5575));
#231 = VECTOR('',#232,1.);
#232 = DIRECTION('',(0.,1.,0.));
#233 = ORIENTED_EDGE('',*,*,#161,.F.);
#234 = B_SPLINE_SURFACE_WITH_KNOTS('',1,1,(
    (#235,#236)
    ,(#237,#238
  )),.UNSPECIFIED.,.F.,.F.,.F.,(2,2),(2,2),(0.,4.9),(0.,1.),
  .PIECEWISE_BEZIER_KNOTS.);
#235 = CARTESIAN_POINT('',(1.86,-2.36,5.E-02));
#236 = CARTESIAN_POINT('',(1.95,-2.45,0.5575));
#237 = CARTESIAN_POINT('',(1.86,2.36,5.E-02));
#238 = CARTESIAN_POINT('',(1.95,2.45,0.5575));
#239 = ADVANCED_FACE('',(#240),#263,.T.);
#240 = FACE_BOUND('',#241,.T.);
#241 = EDGE_LOOP('',(#242,#243,#250,#258));
#242 = ORIENTED_EDGE('',*,*,#168,.T.);
#243 = ORIENTED_EDGE('',*,*,#244,.T.);
#244 = EDGE_CURVE('',#162,#245,#247,.T.);
#245 = VERTEX_POINT('',#246);
#246 = CARTESIAN_POINT('',(1.86,-2.36,1.5));
#247 = B_SPLINE_CURVE_WITH_KNOTS('',1,(#248,#249),.UNSPECIFIED.,.F.,.F.,
  (2,2),(0.,1.),.PIECEWISE_BEZIER_KNOTS.);
#248 = CARTESIAN_POINT('',(1.95,-2.45,0.5575));
#249 = CARTESIAN_POINT('',(1.86,-2.36,1.5));
#250 = ORIENTED_EDGE('',*,*,#251,.F.);
#251 = EDGE_CURVE('',#252,#245,#254,.T.);
#252 = VERTEX_POINT('',#253);
#253 = CARTESIAN_POINT('',(-1.86,-2.36,1.5));
#254 = LINE('',#255,#256);
#255 = CARTESIAN_POINT('',(-1.86,-2.36,1.5));
#256 = VECTOR('',#257,1.);
#257 = DIRECTION('',(1.,0.,0.));
#258 = ORIENTED_EDGE('',*,*,#259,.F.);
#259 = EDGE_CURVE('',#169,#252,#260,.T.);
#260 = B_SPLINE_CURVE_WITH_KNOTS('',1,(#261,#262),.UNSPECIFIED.,.F.,.F.,
  (2,2),(0.,1.),.PIECEWISE_BEZIER_KNOTS.);
#261 = CARTESIAN_POINT('',(-1.95,-2.45,0.5575));
#262 = CARTESIAN_POINT('',(-1.86,-2.36,1.5));
#263 = B_SPLINE_SURFACE_WITH_KNOTS('',1,1,(
    (#264,#265)
    ,(#266,#267
  )),.UNSPECIFIED.,.F.,.F.,.F.,(2,2),(2,2),(0.,3.9),(0.,1.),
  .PIECEWISE_BEZIER_KNOTS.);
#264 = CARTESIAN_POINT('',(-1.95,-2.45,0.5575));
#265 = CARTESIAN_POINT('',(-1.86,-2.36,1.5));
#266 = CARTESIAN_POINT('',(1.95,-2.45,0.5575));
#267 = CARTESIAN_POINT('',(1.86,-2.36,1.5));
#268 = ADVANCED_FACE('',(#269),#286,.T.);
#269 = FACE_BOUND('',#270,.T.);
#270 = EDGE_LOOP('',(#271,#272,#273,#281));
#271 = ORIENTED_EDGE('',*,*,#206,.T.);
#272 = ORIENTED_EDGE('',*,*,#176,.T.);
#273 = ORIENTED_EDGE('',*,*,#274,.F.);
#274 = EDGE_CURVE('',#275,#169,#277,.T.);
#275 = VERTEX_POINT('',#276);
#276 = CARTESIAN_POINT('',(-1.95,2.45,0.5575));
#277 = LINE('',#278,#279);
#278 = CARTESIAN_POINT('',(-1.95,2.45,0.5575));
#279 = VECTOR('',#280,1.);
#280 = DIRECTION('',(0.,-1.,0.));
#281 = ORIENTED_EDGE('',*,*,#282,.F.);
#282 = EDGE_CURVE('',#199,#275,#283,.T.);
#283 = B_SPLINE_CURVE_WITH_KNOTS('',1,(#284,#285),.UNSPECIFIED.,.F.,.F.,
  (2,2),(0.,1.),.PIECEWISE_BEZIER_KNOTS.);
#284 = CARTESIAN_POINT('',(-1.86,2.36,5.E-02));
#285 = CARTESIAN_POINT('',(-1.95,2.45,0.5575));
#286 = B_SPLINE_SURFACE_WITH_KNOTS('',1,1,(
    (#287,#288)
    ,(#289,#290
  )),.UNSPECIFIED.,.F.,.F.,.F.,(2,2),(2,2),(0.,4.9),(0.,1.),
  .PIECEWISE_BEZIER_KNOTS.);
#287 = CARTESIAN_POINT('',(-1.86,2.36,5.E-02));
#288 = CARTESIAN_POINT('',(-1.95,2.45,0.5575));
#289 = CARTESIAN_POINT('',(-1.86,-2.36,5.E-02));
#290 = CARTESIAN_POINT('',(-1.95,-2.45,0.5575));
#291 = ADVANCED_FACE('',(#292),#303,.T.);
#292 = FACE_BOUND('',#293,.T.);
#293 = EDGE_LOOP('',(#294,#295,#296,#302));
#294 = ORIENTED_EDGE('',*,*,#198,.T.);
#295 = ORIENTED_EDGE('',*,*,#282,.T.);
#296 = ORIENTED_EDGE('',*,*,#297,.F.);
#297 = EDGE_CURVE('',#222,#275,#298,.T.);
#298 = LINE('',#299,#300);
#299 = CARTESIAN_POINT('',(1.95,2.45,0.5575));
#300 = VECTOR('',#301,1.);
#301 = DIRECTION('',(-1.,0.,0.));
#302 = ORIENTED_EDGE('',*,*,#221,.F.);
#303 = B_SPLINE_SURFACE_WITH_KNOTS('',1,1,(
    (#304,#305)
    ,(#306,#307
  )),.UNSPECIFIED.,.F.,.F.,.F.,(2,2),(2,2),(0.,3.9),(0.,1.),
  .PIECEWISE_BEZIER_KNOTS.);
#304 = CARTESIAN_POINT('',(1.86,2.36,5.E-02));
#305 = CARTESIAN_POINT('',(1.95,2.45,0.5575));
#306 = CARTESIAN_POINT('',(-1.86,2.36,5.E-02));
#307 = CARTESIAN_POINT('',(-1.95,2.45,0.5575));
#308 = ADVANCED_FACE('',(#309),#326,.T.);
#309 = FACE_BOUND('',#310,.T.);
#310 = EDGE_LOOP('',(#311,#312,#319,#325));
#311 = ORIENTED_EDGE('',*,*,#228,.T.);
#312 = ORIENTED_EDGE('',*,*,#313,.T.);
#313 = EDGE_CURVE('',#222,#314,#316,.T.);
#314 = VERTEX_POINT('',#315);
#315 = CARTESIAN_POINT('',(1.86,2.36,1.5));
#316 = B_SPLINE_CURVE_WITH_KNOTS('',1,(#317,#318),.UNSPECIFIED.,.F.,.F.,
  (2,2),(0.,1.),.PIECEWISE_BEZIER_KNOTS.);
#317 = CARTESIAN_POINT('',(1.95,2.45,0.5575));
#318 = CARTESIAN_POINT('',(1.86,2.36,1.5));
#319 = ORIENTED_EDGE('',*,*,#320,.F.);
#320 = EDGE_CURVE('',#245,#314,#321,.T.);
#321 = LINE('',#322,#323);
#322 = CARTESIAN_POINT('',(1.86,-2.36,1.5));
#323 = VECTOR('',#324,1.);
#324 = DIRECTION('',(0.,1.,0.));
#325 = ORIENTED_EDGE('',*,*,#244,.F.);
#326 = B_SPLINE_SURFACE_WITH_KNOTS('',1,1,(
    (#327,#328)
    ,(#329,#330
  )),.UNSPECIFIED.,.F.,.F.,.F.,(2,2),(2,2),(0.,4.9),(0.,1.),
  .PIECEWISE_BEZIER_KNOTS.);
#327 = CARTESIAN_POINT('',(1.95,-2.45,0.5575));
#328 = CARTESIAN_POINT('',(1.86,-2.36,1.5));
#329 = CARTESIAN_POINT('',(1.95,2.45,0.5575));
#330 = CARTESIAN_POINT('',(1.86,2.36,1.5));
#331 = ADVANCED_FACE('',(#332,#350),#361,.F.);
#332 = FACE_BOUND('',#333,.F.);
#333 = EDGE_LOOP('',(#334,#335,#343,#349));
#334 = ORIENTED_EDGE('',*,*,#251,.F.);
#335 = ORIENTED_EDGE('',*,*,#336,.F.);
#336 = EDGE_CURVE('',#337,#252,#339,.T.);
#337 = VERTEX_POINT('',#338);
#338 = CARTESIAN_POINT('',(-1.86,2.36,1.5));
#339 = LINE('',#340,#341);
#340 = CARTESIAN_POINT('',(-1.86,2.36,1.5));
#341 = VECTOR('',#342,1.);
#342 = DIRECTION('',(0.,-1.,0.));
#343 = ORIENTED_EDGE('',*,*,#344,.F.);
#344 = EDGE_CURVE('',#314,#337,#345,.T.);
#345 = LINE('',#346,#347);
#346 = CARTESIAN_POINT('',(1.86,2.36,1.5));
#347 = VECTOR('',#348,1.);
#348 = DIRECTION('',(-1.,0.,0.));
#349 = ORIENTED_EDGE('',*,*,#320,.F.);
#350 = FACE_BOUND('',#351,.F.);
#351 = EDGE_LOOP('',(#352));
#352 = ORIENTED_EDGE('',*,*,#353,.T.);
#353 = EDGE_CURVE('',#354,#354,#356,.T.);
#354 = VERTEX_POINT('',#355);
#355 = CARTESIAN_POINT('',(-1.31,1.95,1.5));
#356 = CIRCLE('',#357,0.18);
#357 = AXIS2_PLACEMENT_3D('',#358,#359,#360);
#358 = CARTESIAN_POINT('',(-1.49,1.95,1.5));
#359 = DIRECTION('',(0.,0.,1.));
#360 = DIRECTION('',(1.,0.,-0.));
#361 = PLANE('',#362);
#362 = AXIS2_PLACEMENT_3D('',#363,#364,#365);
#363 = CARTESIAN_POINT('',(-1.86,-2.36,1.5));
#364 = DIRECTION('',(0.,0.,-1.));
#365 = DIRECTION('',(0.618996663017,0.78539361544,0.));
#366 = ADVANCED_FACE('',(#367),#377,.T.);
#367 = FACE_BOUND('',#368,.T.);
#368 = EDGE_LOOP('',(#369,#370,#371,#372));
#369 = ORIENTED_EDGE('',*,*,#274,.T.);
#370 = ORIENTED_EDGE('',*,*,#259,.T.);
#371 = ORIENTED_EDGE('',*,*,#336,.F.);
#372 = ORIENTED_EDGE('',*,*,#373,.F.);
#373 = EDGE_CURVE('',#275,#337,#374,.T.);
#374 = B_SPLINE_CURVE_WITH_KNOTS('',1,(#375,#376),.UNSPECIFIED.,.F.,.F.,
  (2,2),(0.,1.),.PIECEWISE_BEZIER_KNOTS.);
#375 = CARTESIAN_POINT('',(-1.95,2.45,0.5575));
#376 = CARTESIAN_POINT('',(-1.86,2.36,1.5));
#377 = B_SPLINE_SURFACE_WITH_KNOTS('',1,1,(
    (#378,#379)
    ,(#380,#381
  )),.UNSPECIFIED.,.F.,.F.,.F.,(2,2),(2,2),(0.,4.9),(0.,1.),
  .PIECEWISE_BEZIER_KNOTS.);
#378 = CARTESIAN_POINT('',(-1.95,2.45,0.5575));
#379 = CARTESIAN_POINT('',(-1.86,2.36,1.5));
#380 = CARTESIAN_POINT('',(-1.95,-2.45,0.5575));
#381 = CARTESIAN_POINT('',(-1.86,-2.36,1.5));
#382 = ADVANCED_FACE('',(#383),#389,.T.);
#383 = FACE_BOUND('',#384,.T.);
#384 = EDGE_LOOP('',(#385,#386,#387,#388));
#385 = ORIENTED_EDGE('',*,*,#297,.T.);
#386 = ORIENTED_EDGE('',*,*,#373,.T.);
#387 = ORIENTED_EDGE('',*,*,#344,.F.);
#388 = ORIENTED_EDGE('',*,*,#313,.F.);
#389 = B_SPLINE_SURFACE_WITH_KNOTS('',1,1,(
    (#390,#391)
    ,(#392,#393
  )),.UNSPECIFIED.,.F.,.F.,.F.,(2,2),(2,2),(0.,3.9),(0.,1.),
  .PIECEWISE_BEZIER_KNOTS.);
#390 = CARTESIAN_POINT('',(1.95,2.45,0.5575));
#391 = CARTESIAN_POINT('',(1.86,2.36,1.5));
#392 = CARTESIAN_POINT('',(-1.95,2.45,0.5575));
#393 = CARTESIAN_POINT('',(-1.86,2.36,1.5));
#394 = ADVANCED_FACE('',(#395),#414,.F.);
#395 = FACE_BOUND('',#396,.F.);
#396 = EDGE_LOOP('',(#397,#398,#406,#413));
#397 = ORIENTED_EDGE('',*,*,#353,.F.);
#398 = ORIENTED_EDGE('',*,*,#399,.F.);
#399 = EDGE_CURVE('',#400,#354,#402,.T.);
#400 = VERTEX_POINT('',#401);
#401 = CARTESIAN_POINT('',(-1.31,1.95,1.475));
#402 = LINE('',#403,#404);
#403 = CARTESIAN_POINT('',(-1.31,1.95,1.475));
#404 = VECTOR('',#405,1.);
#405 = DIRECTION('',(0.,0.,1.));
#406 = ORIENTED_EDGE('',*,*,#407,.T.);
#407 = EDGE_CURVE('',#400,#400,#408,.T.);
#408 = CIRCLE('',#409,0.18);
#409 = AXIS2_PLACEMENT_3D('',#410,#411,#412);
#410 = CARTESIAN_POINT('',(-1.49,1.95,1.475));
#411 = DIRECTION('',(0.,0.,1.));
#412 = DIRECTION('',(1.,0.,-0.));
#413 = ORIENTED_EDGE('',*,*,#399,.T.);
#414 = CYLINDRICAL_SURFACE('',#415,0.18);
#415 = AXIS2_PLACEMENT_3D('',#416,#417,#418);
#416 = CARTESIAN_POINT('',(-1.49,1.95,1.475));
#417 = DIRECTION('',(0.,0.,1.));
#418 = DIRECTION('',(1.,0.,-0.));
#419 = ADVANCED_FACE('',(#420),#423,.T.);
#420 = FACE_BOUND('',#421,.F.);
#421 = EDGE_LOOP('',(#422));
#422 = ORIENTED_EDGE('',*,*,#407,.F.);
#423 = PLANE('',#424);
#424 = AXIS2_PLACEMENT_3D('',#425,#426,#427);
#425 = CARTESIAN_POINT('',(-1.49,1.95,1.475));
#426 = DIRECTION('',(0.,0.,1.));
#427 = DIRECTION('',(1.,0.,-0.));
#428 = ( GEOMETRIC_REPRESENTATION_CONTEXT(3) 
GLOBAL_UNCERTAINTY_ASSIGNED_CONTEXT((#432)) GLOBAL_UNIT_ASSIGNED_CONTEXT
((#429,#430,#431)) REPRESENTATION_CONTEXT('Context #1',
  '3D Context with UNIT and UNCERTAINTY') );
#429 = ( LENGTH_UNIT() NAMED_UNIT(*) SI_UNIT(.MILLI.,.METRE.) );
#430 = ( NAMED_UNIT(*) PLANE_ANGLE_UNIT() SI_UNIT($,.RADIAN.) );
#431 = ( NAMED_UNIT(*) SI_UNIT($,.STERADIAN.) SOLID_ANGLE_UNIT() );
#432 = UNCERTAINTY_MEASURE_WITH_UNIT(LENGTH_MEASURE(1.E-07),#429,
  'distance_accuracy_value','confusion accuracy');
#433 = CONTEXT_DEPENDENT_SHAPE_REPRESENTATION(#434,#436);
#434 = ( REPRESENTATION_RELATIONSHIP('','',#144,#10) 
REPRESENTATION_RELATIONSHIP_WITH_TRANSFORMATION(#435) 
SHAPE_REPRESENTATION_RELATIONSHIP() );
#435 = ITEM_DEFINED_TRANSFORMATION('','',#11,#19);
#436 = PRODUCT_DEFINITION_SHAPE('Placement','Placement of an item',#437
  );
#437 = NEXT_ASSEMBLY_USAGE_OCCURRENCE('82','Molded_body','',#5,#139,$);
#438 = PRODUCT_RELATED_PRODUCT_CATEGORY('part',$,(#141));
#439 = SHAPE_DEFINITION_REPRESENTATION(#440,#446);
#440 = PRODUCT_DEFINITION_SHAPE('','',#441);
#441 = PRODUCT_DEFINITION('design','',#442,#445);
#442 = PRODUCT_DEFINITION_FORMATION('','',#443);
#443 = PRODUCT('Thermal_pad_9','Thermal_pad_9','',(#444));
#444 = PRODUCT_CONTEXT('',#2,'mechanical');
#445 = PRODUCT_DEFINITION_CONTEXT('part definition',#2,'design');
#446 = ADVANCED_BREP_SHAPE_REPRESENTATION('',(#11,#447),#597);
#447 = MANIFOLD_SOLID_BREP('',#448);
#448 = CLOSED_SHELL('',(#449,#489,#529,#551,#573,#585));
#449 = ADVANCED_FACE('',(#450),#484,.F.);
#450 = FACE_BOUND('',#451,.F.);
#451 = EDGE_LOOP('',(#452,#462,#470,#478));
#452 = ORIENTED_EDGE('',*,*,#453,.F.);
#453 = EDGE_CURVE('',#454,#456,#458,.T.);
#454 = VERTEX_POINT('',#455);
#455 = CARTESIAN_POINT('',(-1.13,-1.575,0.));
#456 = VERTEX_POINT('',#457);
#457 = CARTESIAN_POINT('',(-1.13,-1.575,0.15));
#458 = LINE('',#459,#460);
#459 = CARTESIAN_POINT('',(-1.13,-1.575,0.));
#460 = VECTOR('',#461,1.);
#461 = DIRECTION('',(0.,0.,1.));
#462 = ORIENTED_EDGE('',*,*,#463,.T.);
#463 = EDGE_CURVE('',#454,#464,#466,.T.);
#464 = VERTEX_POINT('',#465);
#465 = CARTESIAN_POINT('',(-1.13,1.575,0.));
#466 = LINE('',#467,#468);
#467 = CARTESIAN_POINT('',(-1.13,-1.575,0.));
#468 = VECTOR('',#469,1.);
#469 = DIRECTION('',(-0.,1.,0.));
#470 = ORIENTED_EDGE('',*,*,#471,.T.);
#471 = EDGE_CURVE('',#464,#472,#474,.T.);
#472 = VERTEX_POINT('',#473);
#473 = CARTESIAN_POINT('',(-1.13,1.575,0.15));
#474 = LINE('',#475,#476);
#475 = CARTESIAN_POINT('',(-1.13,1.575,0.));
#476 = VECTOR('',#477,1.);
#477 = DIRECTION('',(0.,0.,1.));
#478 = ORIENTED_EDGE('',*,*,#479,.F.);
#479 = EDGE_CURVE('',#456,#472,#480,.T.);
#480 = LINE('',#481,#482);
#481 = CARTESIAN_POINT('',(-1.13,-1.575,0.15));
#482 = VECTOR('',#483,1.);
#483 = DIRECTION('',(-0.,1.,0.));
#484 = PLANE('',#485);
#485 = AXIS2_PLACEMENT_3D('',#486,#487,#488);
#486 = CARTESIAN_POINT('',(-1.13,-1.575,0.));
#487 = DIRECTION('',(1.,0.,-0.));
#488 = DIRECTION('',(0.,0.,1.));
#489 = ADVANCED_FACE('',(#490),#524,.T.);
#490 = FACE_BOUND('',#491,.T.);
#491 = EDGE_LOOP('',(#492,#502,#510,#518));
#492 = ORIENTED_EDGE('',*,*,#493,.F.);
#493 = EDGE_CURVE('',#494,#496,#498,.T.);
#494 = VERTEX_POINT('',#495);
#495 = CARTESIAN_POINT('',(1.13,-1.575,0.));
#496 = VERTEX_POINT('',#497);
#497 = CARTESIAN_POINT('',(1.13,-1.575,0.15));
#498 = LINE('',#499,#500);
#499 = CARTESIAN_POINT('',(1.13,-1.575,0.));
#500 = VECTOR('',#501,1.);
#501 = DIRECTION('',(0.,0.,1.));
#502 = ORIENTED_EDGE('',*,*,#503,.T.);
#503 = EDGE_CURVE('',#494,#504,#506,.T.);
#504 = VERTEX_POINT('',#505);
#505 = CARTESIAN_POINT('',(1.13,1.575,0.));
#506 = LINE('',#507,#508);
#507 = CARTESIAN_POINT('',(1.13,-1.575,0.));
#508 = VECTOR('',#509,1.);
#509 = DIRECTION('',(-0.,1.,0.));
#510 = ORIENTED_EDGE('',*,*,#511,.T.);
#511 = EDGE_CURVE('',#504,#512,#514,.T.);
#512 = VERTEX_POINT('',#513);
#513 = CARTESIAN_POINT('',(1.13,1.575,0.15));
#514 = LINE('',#515,#516);
#515 = CARTESIAN_POINT('',(1.13,1.575,0.));
#516 = VECTOR('',#517,1.);
#517 = DIRECTION('',(0.,0.,1.));
#518 = ORIENTED_EDGE('',*,*,#519,.F.);
#519 = EDGE_CURVE('',#496,#512,#520,.T.);
#520 = LINE('',#521,#522);
#521 = CARTESIAN_POINT('',(1.13,-1.575,0.15));
#522 = VECTOR('',#523,1.);
#523 = DIRECTION('',(-0.,1.,0.));
#524 = PLANE('',#525);
#525 = AXIS2_PLACEMENT_3D('',#526,#527,#528);
#526 = CARTESIAN_POINT('',(1.13,-1.575,0.));
#527 = DIRECTION('',(1.,0.,-0.));
#528 = DIRECTION('',(0.,0.,1.));
#529 = ADVANCED_FACE('',(#530),#546,.F.);
#530 = FACE_BOUND('',#531,.F.);
#531 = EDGE_LOOP('',(#532,#538,#539,#545));
#532 = ORIENTED_EDGE('',*,*,#533,.F.);
#533 = EDGE_CURVE('',#454,#494,#534,.T.);
#534 = LINE('',#535,#536);
#535 = CARTESIAN_POINT('',(-1.13,-1.575,0.));
#536 = VECTOR('',#537,1.);
#537 = DIRECTION('',(1.,0.,-0.));
#538 = ORIENTED_EDGE('',*,*,#453,.T.);
#539 = ORIENTED_EDGE('',*,*,#540,.T.);
#540 = EDGE_CURVE('',#456,#496,#541,.T.);
#541 = LINE('',#542,#543);
#542 = CARTESIAN_POINT('',(-1.13,-1.575,0.15));
#543 = VECTOR('',#544,1.);
#544 = DIRECTION('',(1.,0.,-0.));
#545 = ORIENTED_EDGE('',*,*,#493,.F.);
#546 = PLANE('',#547);
#547 = AXIS2_PLACEMENT_3D('',#548,#549,#550);
#548 = CARTESIAN_POINT('',(-1.13,-1.575,0.));
#549 = DIRECTION('',(-0.,1.,0.));
#550 = DIRECTION('',(0.,0.,1.));
#551 = ADVANCED_FACE('',(#552),#568,.T.);
#552 = FACE_BOUND('',#553,.T.);
#553 = EDGE_LOOP('',(#554,#560,#561,#567));
#554 = ORIENTED_EDGE('',*,*,#555,.F.);
#555 = EDGE_CURVE('',#464,#504,#556,.T.);
#556 = LINE('',#557,#558);
#557 = CARTESIAN_POINT('',(-1.13,1.575,0.));
#558 = VECTOR('',#559,1.);
#559 = DIRECTION('',(1.,0.,-0.));
#560 = ORIENTED_EDGE('',*,*,#471,.T.);
#561 = ORIENTED_EDGE('',*,*,#562,.T.);
#562 = EDGE_CURVE('',#472,#512,#563,.T.);
#563 = LINE('',#564,#565);
#564 = CARTESIAN_POINT('',(-1.13,1.575,0.15));
#565 = VECTOR('',#566,1.);
#566 = DIRECTION('',(1.,0.,-0.));
#567 = ORIENTED_EDGE('',*,*,#511,.F.);
#568 = PLANE('',#569);
#569 = AXIS2_PLACEMENT_3D('',#570,#571,#572);
#570 = CARTESIAN_POINT('',(-1.13,1.575,0.));
#571 = DIRECTION('',(-0.,1.,0.));
#572 = DIRECTION('',(0.,0.,1.));
#573 = ADVANCED_FACE('',(#574),#580,.F.);
#574 = FACE_BOUND('',#575,.F.);
#575 = EDGE_LOOP('',(#576,#577,#578,#579));
#576 = ORIENTED_EDGE('',*,*,#463,.F.);
#577 = ORIENTED_EDGE('',*,*,#533,.T.);
#578 = ORIENTED_EDGE('',*,*,#503,.T.);
#579 = ORIENTED_EDGE('',*,*,#555,.F.);
#580 = PLANE('',#581);
#581 = AXIS2_PLACEMENT_3D('',#582,#583,#584);
#582 = CARTESIAN_POINT('',(-1.13,-1.575,0.));
#583 = DIRECTION('',(0.,0.,1.));
#584 = DIRECTION('',(1.,0.,-0.));
#585 = ADVANCED_FACE('',(#586),#592,.T.);
#586 = FACE_BOUND('',#587,.T.);
#587 = EDGE_LOOP('',(#588,#589,#590,#591));
#588 = ORIENTED_EDGE('',*,*,#479,.F.);
#589 = ORIENTED_EDGE('',*,*,#540,.T.);
#590 = ORIENTED_EDGE('',*,*,#519,.T.);
#591 = ORIENTED_EDGE('',*,*,#562,.F.);
#592 = PLANE('',#593);
#593 = AXIS2_PLACEMENT_3D('',#594,#595,#596);
#594 = CARTESIAN_POINT('',(-1.13,-1.575,0.15));
#595 = DIRECTION('',(0.,0.,1.));
#596 = DIRECTION('',(1.,0.,-0.));
#597 = ( GEOMETRIC_REPRESENTATION_CONTEXT(3) 
GLOBAL_UNCERTAINTY_ASSIGNED_CONTEXT((#601)) GLOBAL_UNIT_ASSIGNED_CONTEXT
((#598,#599,#600)) REPRESENTATION_CONTEXT('Context #1',
  '3D Context with UNIT and UNCERTAINTY') );
#598 = ( LENGTH_UNIT() NAMED_UNIT(*) SI_UNIT(.MILLI.,.METRE.) );
#599 = ( NAMED_UNIT(*) PLANE_ANGLE_UNIT() SI_UNIT($,.RADIAN.) );
#600 = ( NAMED_UNIT(*) SI_UNIT($,.STERADIAN.) SOLID_ANGLE_UNIT() );
#601 = UNCERTAINTY_MEASURE_WITH_UNIT(LENGTH_MEASURE(1.E-07),#598,
  'distance_accuracy_value','confusion accuracy');
#602 = CONTEXT_DEPENDENT_SHAPE_REPRESENTATION(#603,#605);
#603 = ( REPRESENTATION_RELATIONSHIP('','',#446,#10) 
REPRESENTATION_RELATIONSHIP_WITH_TRANSFORMATION(#604) 
SHAPE_REPRESENTATION_RELATIONSHIP() );
#604 = ITEM_DEFINED_TRANSFORMATION('','',#11,#23);
#605 = PRODUCT_DEFINITION_SHAPE('Placement','Placement of an item',#606
  );
#606 = NEXT_ASSEMBLY_USAGE_OCCURRENCE('83','Thermal_pad_9','',#5,#441,$
  );
#607 = PRODUCT_RELATED_PRODUCT_CATEGORY('part',$,(#443));
#608 = SHAPE_DEFINITION_REPRESENTATION(#609,#615);
#609 = PRODUCT_DEFINITION_SHAPE('','',#610);
#610 = PRODUCT_DEFINITION('design','',#611,#614);
#611 = PRODUCT_DEFINITION_FORMATION('','',#612);
#612 = PRODUCT('Lead_1','Lead_1','',(#613));
#613 = PRODUCT_CONTEXT('',#2,'mechanical');
#614 = PRODUCT_DEFINITION_CONTEXT('part definition',#2,'design');
#615 = ADVANCED_BREP_SHAPE_REPRESENTATION('',(#11,#616),#898);
#616 = MANIFOLD_SOLID_BREP('',#617);
#617 = CLOSED_SHELL('',(#618,#658,#689,#720,#751,#782,#813,#844,#866,
    #882));
#618 = ADVANCED_FACE('',(#619),#653,.T.);
#619 = FACE_BOUND('',#620,.T.);
#620 = EDGE_LOOP('',(#621,#631,#639,#647));
#621 = ORIENTED_EDGE('',*,*,#622,.T.);
#622 = EDGE_CURVE('',#623,#625,#627,.T.);
#623 = VERTEX_POINT('',#624);
#624 = CARTESIAN_POINT('',(-1.89,1.695,0.855));
#625 = VERTEX_POINT('',#626);
#626 = CARTESIAN_POINT('',(-1.89,2.115,0.855));
#627 = LINE('',#628,#629);
#628 = CARTESIAN_POINT('',(-1.89,1.695,0.855));
#629 = VECTOR('',#630,1.);
#630 = DIRECTION('',(0.,1.,0.));
#631 = ORIENTED_EDGE('',*,*,#632,.T.);
#632 = EDGE_CURVE('',#625,#633,#635,.T.);
#633 = VERTEX_POINT('',#634);
#634 = CARTESIAN_POINT('',(-1.97,2.115,0.855));
#635 = LINE('',#636,#637);
#636 = CARTESIAN_POINT('',(-1.89,2.115,0.855));
#637 = VECTOR('',#638,1.);
#638 = DIRECTION('',(-1.,0.,0.));
#639 = ORIENTED_EDGE('',*,*,#640,.F.);
#640 = EDGE_CURVE('',#641,#633,#643,.T.);
#641 = VERTEX_POINT('',#642);
#642 = CARTESIAN_POINT('',(-1.97,1.695,0.855));
#643 = LINE('',#644,#645);
#644 = CARTESIAN_POINT('',(-1.97,1.695,0.855));
#645 = VECTOR('',#646,1.);
#646 = DIRECTION('',(0.,1.,0.));
#647 = ORIENTED_EDGE('',*,*,#648,.F.);
#648 = EDGE_CURVE('',#623,#641,#649,.T.);
#649 = LINE('',#650,#651);
#650 = CARTESIAN_POINT('',(-1.89,1.695,0.855));
#651 = VECTOR('',#652,1.);
#652 = DIRECTION('',(-1.,0.,0.));
#653 = PLANE('',#654);
#654 = AXIS2_PLACEMENT_3D('',#655,#656,#657);
#655 = CARTESIAN_POINT('',(-1.89,1.695,0.855));
#656 = DIRECTION('',(0.,-0.,1.));
#657 = DIRECTION('',(-1.,0.,0.));
#658 = ADVANCED_FACE('',(#659),#684,.T.);
#659 = FACE_BOUND('',#660,.T.);
#660 = EDGE_LOOP('',(#661,#662,#670,#678));
#661 = ORIENTED_EDGE('',*,*,#640,.T.);
#662 = ORIENTED_EDGE('',*,*,#663,.T.);
#663 = EDGE_CURVE('',#633,#664,#666,.T.);
#664 = VERTEX_POINT('',#665);
#665 = CARTESIAN_POINT('',(-2.165,2.115,0.21));
#666 = LINE('',#667,#668);
#667 = CARTESIAN_POINT('',(-1.97,2.115,0.855));
#668 = VECTOR('',#669,1.);
#669 = DIRECTION('',(-0.289389501276,0.,-0.957211427299));
#670 = ORIENTED_EDGE('',*,*,#671,.F.);
#671 = EDGE_CURVE('',#672,#664,#674,.T.);
#672 = VERTEX_POINT('',#673);
#673 = CARTESIAN_POINT('',(-2.165,1.695,0.21));
#674 = LINE('',#675,#676);
#675 = CARTESIAN_POINT('',(-2.165,1.695,0.21));
#676 = VECTOR('',#677,1.);
#677 = DIRECTION('',(0.,1.,0.));
#678 = ORIENTED_EDGE('',*,*,#679,.F.);
#679 = EDGE_CURVE('',#641,#672,#680,.T.);
#680 = LINE('',#681,#682);
#681 = CARTESIAN_POINT('',(-1.97,1.695,0.855));
#682 = VECTOR('',#683,1.);
#683 = DIRECTION('',(-0.289389501276,0.,-0.957211427299));
#684 = PLANE('',#685);
#685 = AXIS2_PLACEMENT_3D('',#686,#687,#688);
#686 = CARTESIAN_POINT('',(-1.97,1.695,0.855));
#687 = DIRECTION('',(-0.957211427299,0.,0.289389501276));
#688 = DIRECTION('',(-0.289389501276,0.,-0.957211427299));
#689 = ADVANCED_FACE('',(#690),#715,.T.);
#690 = FACE_BOUND('',#691,.T.);
#691 = EDGE_LOOP('',(#692,#693,#701,#709));
#692 = ORIENTED_EDGE('',*,*,#671,.T.);
#693 = ORIENTED_EDGE('',*,*,#694,.T.);
#694 = EDGE_CURVE('',#664,#695,#697,.T.);
#695 = VERTEX_POINT('',#696);
#696 = CARTESIAN_POINT('',(-3.,2.115,0.21));
#697 = LINE('',#698,#699);
#698 = CARTESIAN_POINT('',(-2.165,2.115,0.21));
#699 = VECTOR('',#700,1.);
#700 = DIRECTION('',(-1.,0.,0.));
#701 = ORIENTED_EDGE('',*,*,#702,.F.);
#702 = EDGE_CURVE('',#703,#695,#705,.T.);
#703 = VERTEX_POINT('',#704);
#704 = CARTESIAN_POINT('',(-3.,1.695,0.21));
#705 = LINE('',#706,#707);
#706 = CARTESIAN_POINT('',(-3.,1.695,0.21));
#707 = VECTOR('',#708,1.);
#708 = DIRECTION('',(0.,1.,0.));
#709 = ORIENTED_EDGE('',*,*,#710,.F.);
#710 = EDGE_CURVE('',#672,#703,#711,.T.);
#711 = LINE('',#712,#713);
#712 = CARTESIAN_POINT('',(-2.165,1.695,0.21));
#713 = VECTOR('',#714,1.);
#714 = DIRECTION('',(-1.,0.,0.));
#715 = PLANE('',#716);
#716 = AXIS2_PLACEMENT_3D('',#717,#718,#719);
#717 = CARTESIAN_POINT('',(-2.165,1.695,0.21));
#718 = DIRECTION('',(0.,-0.,1.));
#719 = DIRECTION('',(-1.,0.,0.));
#720 = ADVANCED_FACE('',(#721),#746,.T.);
#721 = FACE_BOUND('',#722,.T.);
#722 = EDGE_LOOP('',(#723,#724,#732,#740));
#723 = ORIENTED_EDGE('',*,*,#702,.T.);
#724 = ORIENTED_EDGE('',*,*,#725,.T.);
#725 = EDGE_CURVE('',#695,#726,#728,.T.);
#726 = VERTEX_POINT('',#727);
#727 = CARTESIAN_POINT('',(-3.,2.115,0.));
#728 = LINE('',#729,#730);
#729 = CARTESIAN_POINT('',(-3.,2.115,0.21));
#730 = VECTOR('',#731,1.);
#731 = DIRECTION('',(0.,0.,-1.));
#732 = ORIENTED_EDGE('',*,*,#733,.F.);
#733 = EDGE_CURVE('',#734,#726,#736,.T.);
#734 = VERTEX_POINT('',#735);
#735 = CARTESIAN_POINT('',(-3.,1.695,0.));
#736 = LINE('',#737,#738);
#737 = CARTESIAN_POINT('',(-3.,1.695,0.));
#738 = VECTOR('',#739,1.);
#739 = DIRECTION('',(0.,1.,0.));
#740 = ORIENTED_EDGE('',*,*,#741,.F.);
#741 = EDGE_CURVE('',#703,#734,#742,.T.);
#742 = LINE('',#743,#744);
#743 = CARTESIAN_POINT('',(-3.,1.695,0.21));
#744 = VECTOR('',#745,1.);
#745 = DIRECTION('',(0.,0.,-1.));
#746 = PLANE('',#747);
#747 = AXIS2_PLACEMENT_3D('',#748,#749,#750);
#748 = CARTESIAN_POINT('',(-3.,1.695,0.21));
#749 = DIRECTION('',(-1.,0.,0.));
#750 = DIRECTION('',(0.,0.,-1.));
#751 = ADVANCED_FACE('',(#752),#777,.T.);
#752 = FACE_BOUND('',#753,.T.);
#753 = EDGE_LOOP('',(#754,#755,#763,#771));
#754 = ORIENTED_EDGE('',*,*,#733,.T.);
#755 = ORIENTED_EDGE('',*,*,#756,.T.);
#756 = EDGE_CURVE('',#726,#757,#759,.T.);
#757 = VERTEX_POINT('',#758);
#758 = CARTESIAN_POINT('',(-2.085,2.115,0.));
#759 = LINE('',#760,#761);
#760 = CARTESIAN_POINT('',(-3.,2.115,0.));
#761 = VECTOR('',#762,1.);
#762 = DIRECTION('',(1.,0.,0.));
#763 = ORIENTED_EDGE('',*,*,#764,.F.);
#764 = EDGE_CURVE('',#765,#757,#767,.T.);
#765 = VERTEX_POINT('',#766);
#766 = CARTESIAN_POINT('',(-2.085,1.695,0.));
#767 = LINE('',#768,#769);
#768 = CARTESIAN_POINT('',(-2.085,1.695,0.));
#769 = VECTOR('',#770,1.);
#770 = DIRECTION('',(0.,1.,0.));
#771 = ORIENTED_EDGE('',*,*,#772,.F.);
#772 = EDGE_CURVE('',#734,#765,#773,.T.);
#773 = LINE('',#774,#775);
#774 = CARTESIAN_POINT('',(-3.,1.695,0.));
#775 = VECTOR('',#776,1.);
#776 = DIRECTION('',(1.,0.,0.));
#777 = PLANE('',#778);
#778 = AXIS2_PLACEMENT_3D('',#779,#780,#781);
#779 = CARTESIAN_POINT('',(-3.,1.695,0.));
#780 = DIRECTION('',(0.,0.,-1.));
#781 = DIRECTION('',(1.,0.,0.));
#782 = ADVANCED_FACE('',(#783),#808,.T.);
#783 = FACE_BOUND('',#784,.T.);
#784 = EDGE_LOOP('',(#785,#786,#794,#802));
#785 = ORIENTED_EDGE('',*,*,#764,.T.);
#786 = ORIENTED_EDGE('',*,*,#787,.T.);
#787 = EDGE_CURVE('',#757,#788,#790,.T.);
#788 = VERTEX_POINT('',#789);
#789 = CARTESIAN_POINT('',(-1.92,2.115,0.645));
#790 = LINE('',#791,#792);
#791 = CARTESIAN_POINT('',(-2.085,2.115,0.));
#792 = VECTOR('',#793,1.);
#793 = DIRECTION('',(0.247833249983,0.,0.968802704478));
#794 = ORIENTED_EDGE('',*,*,#795,.F.);
#795 = EDGE_CURVE('',#796,#788,#798,.T.);
#796 = VERTEX_POINT('',#797);
#797 = CARTESIAN_POINT('',(-1.92,1.695,0.645));
#798 = LINE('',#799,#800);
#799 = CARTESIAN_POINT('',(-1.92,1.695,0.645));
#800 = VECTOR('',#801,1.);
#801 = DIRECTION('',(0.,1.,0.));
#802 = ORIENTED_EDGE('',*,*,#803,.F.);
#803 = EDGE_CURVE('',#765,#796,#804,.T.);
#804 = LINE('',#805,#806);
#805 = CARTESIAN_POINT('',(-2.085,1.695,0.));
#806 = VECTOR('',#807,1.);
#807 = DIRECTION('',(0.247833249983,0.,0.968802704478));
#808 = PLANE('',#809);
#809 = AXIS2_PLACEMENT_3D('',#810,#811,#812);
#810 = CARTESIAN_POINT('',(-2.085,1.695,0.));
#811 = DIRECTION('',(0.968802704478,0.,-0.247833249983));
#812 = DIRECTION('',(0.247833249983,0.,0.968802704478));
#813 = ADVANCED_FACE('',(#814),#839,.T.);
#814 = FACE_BOUND('',#815,.T.);
#815 = EDGE_LOOP('',(#816,#817,#825,#833));
#816 = ORIENTED_EDGE('',*,*,#795,.T.);
#817 = ORIENTED_EDGE('',*,*,#818,.T.);
#818 = EDGE_CURVE('',#788,#819,#821,.T.);
#819 = VERTEX_POINT('',#820);
#820 = CARTESIAN_POINT('',(-1.89,2.115,0.645));
#821 = LINE('',#822,#823);
#822 = CARTESIAN_POINT('',(-1.92,2.115,0.645));
#823 = VECTOR('',#824,1.);
#824 = DIRECTION('',(1.,0.,0.));
#825 = ORIENTED_EDGE('',*,*,#826,.F.);
#826 = EDGE_CURVE('',#827,#819,#829,.T.);
#827 = VERTEX_POINT('',#828);
#828 = CARTESIAN_POINT('',(-1.89,1.695,0.645));
#829 = LINE('',#830,#831);
#830 = CARTESIAN_POINT('',(-1.89,1.695,0.645));
#831 = VECTOR('',#832,1.);
#832 = DIRECTION('',(0.,1.,0.));
#833 = ORIENTED_EDGE('',*,*,#834,.F.);
#834 = EDGE_CURVE('',#796,#827,#835,.T.);
#835 = LINE('',#836,#837);
#836 = CARTESIAN_POINT('',(-1.92,1.695,0.645));
#837 = VECTOR('',#838,1.);
#838 = DIRECTION('',(1.,0.,0.));
#839 = PLANE('',#840);
#840 = AXIS2_PLACEMENT_3D('',#841,#842,#843);
#841 = CARTESIAN_POINT('',(-1.92,1.695,0.645));
#842 = DIRECTION('',(0.,0.,-1.));
#843 = DIRECTION('',(1.,0.,0.));
#844 = ADVANCED_FACE('',(#845),#861,.T.);
#845 = FACE_BOUND('',#846,.T.);
#846 = EDGE_LOOP('',(#847,#848,#854,#855));
#847 = ORIENTED_EDGE('',*,*,#826,.T.);
#848 = ORIENTED_EDGE('',*,*,#849,.T.);
#849 = EDGE_CURVE('',#819,#625,#850,.T.);
#850 = LINE('',#851,#852);
#851 = CARTESIAN_POINT('',(-1.89,2.115,0.645));
#852 = VECTOR('',#853,1.);
#853 = DIRECTION('',(0.,0.,1.));
#854 = ORIENTED_EDGE('',*,*,#622,.F.);
#855 = ORIENTED_EDGE('',*,*,#856,.F.);
#856 = EDGE_CURVE('',#827,#623,#857,.T.);
#857 = LINE('',#858,#859);
#858 = CARTESIAN_POINT('',(-1.89,1.695,0.645));
#859 = VECTOR('',#860,1.);
#860 = DIRECTION('',(0.,0.,1.));
#861 = PLANE('',#862);
#862 = AXIS2_PLACEMENT_3D('',#863,#864,#865);
#863 = CARTESIAN_POINT('',(-1.89,1.695,0.645));
#864 = DIRECTION('',(1.,0.,0.));
#865 = DIRECTION('',(0.,0.,1.));
#866 = ADVANCED_FACE('',(#867),#877,.T.);
#867 = FACE_BOUND('',#868,.T.);
#868 = EDGE_LOOP('',(#869,#870,#871,#872,#873,#874,#875,#876));
#869 = ORIENTED_EDGE('',*,*,#648,.T.);
#870 = ORIENTED_EDGE('',*,*,#679,.T.);
#871 = ORIENTED_EDGE('',*,*,#710,.T.);
#872 = ORIENTED_EDGE('',*,*,#741,.T.);
#873 = ORIENTED_EDGE('',*,*,#772,.T.);
#874 = ORIENTED_EDGE('',*,*,#803,.T.);
#875 = ORIENTED_EDGE('',*,*,#834,.T.);
#876 = ORIENTED_EDGE('',*,*,#856,.T.);
#877 = PLANE('',#878);
#878 = AXIS2_PLACEMENT_3D('',#879,#880,#881);
#879 = CARTESIAN_POINT('',(-2.333841378819,1.695,0.280742594362));
#880 = DIRECTION('',(-0.,-1.,-0.));
#881 = DIRECTION('',(0.,0.,-1.));
#882 = ADVANCED_FACE('',(#883),#893,.F.);
#883 = FACE_BOUND('',#884,.F.);
#884 = EDGE_LOOP('',(#885,#886,#887,#888,#889,#890,#891,#892));
#885 = ORIENTED_EDGE('',*,*,#632,.T.);
#886 = ORIENTED_EDGE('',*,*,#663,.T.);
#887 = ORIENTED_EDGE('',*,*,#694,.T.);
#888 = ORIENTED_EDGE('',*,*,#725,.T.);
#889 = ORIENTED_EDGE('',*,*,#756,.T.);
#890 = ORIENTED_EDGE('',*,*,#787,.T.);
#891 = ORIENTED_EDGE('',*,*,#818,.T.);
#892 = ORIENTED_EDGE('',*,*,#849,.T.);
#893 = PLANE('',#894);
#894 = AXIS2_PLACEMENT_3D('',#895,#896,#897);
#895 = CARTESIAN_POINT('',(-2.333841378819,2.115,0.280742594362));
#896 = DIRECTION('',(-0.,-1.,-0.));
#897 = DIRECTION('',(0.,0.,-1.));
#898 = ( GEOMETRIC_REPRESENTATION_CONTEXT(3) 
GLOBAL_UNCERTAINTY_ASSIGNED_CONTEXT((#902)) GLOBAL_UNIT_ASSIGNED_CONTEXT
((#899,#900,#901)) REPRESENTATION_CONTEXT('Context #1',
  '3D Context with UNIT and UNCERTAINTY') );
#899 = ( LENGTH_UNIT() NAMED_UNIT(*) SI_UNIT(.MILLI.,.METRE.) );
#900 = ( NAMED_UNIT(*) PLANE_ANGLE_UNIT() SI_UNIT($,.RADIAN.) );
#901 = ( NAMED_UNIT(*) SI_UNIT($,.STERADIAN.) SOLID_ANGLE_UNIT() );
#902 = UNCERTAINTY_MEASURE_WITH_UNIT(LENGTH_MEASURE(1.E-07),#899,
  'distance_accuracy_value','confusion accuracy');
#903 = CONTEXT_DEPENDENT_SHAPE_REPRESENTATION(#904,#906);
#904 = ( REPRESENTATION_RELATIONSHIP('','',#615,#10) 
REPRESENTATION_RELATIONSHIP_WITH_TRANSFORMATION(#905) 
SHAPE_REPRESENTATION_RELATIONSHIP() );
#905 = ITEM_DEFINED_TRANSFORMATION('','',#11,#27);
#906 = PRODUCT_DEFINITION_SHAPE('Placement','Placement of an item',#907
  );
#907 = NEXT_ASSEMBLY_USAGE_OCCURRENCE('84','Lead_1','',#5,#610,$);
#908 = PRODUCT_RELATED_PRODUCT_CATEGORY('part',$,(#612));
#909 = SHAPE_DEFINITION_REPRESENTATION(#910,#916);
#910 = PRODUCT_DEFINITION_SHAPE('','',#911);
#911 = PRODUCT_DEFINITION('design','',#912,#915);
#912 = PRODUCT_DEFINITION_FORMATION('','',#913);
#913 = PRODUCT('Lead_8','Lead_8','',(#914));
#914 = PRODUCT_CONTEXT('',#2,'mechanical');
#915 = PRODUCT_DEFINITION_CONTEXT('part definition',#2,'design');
#916 = ADVANCED_BREP_SHAPE_REPRESENTATION('',(#11,#917),#1199);
#917 = MANIFOLD_SOLID_BREP('',#918);
#918 = CLOSED_SHELL('',(#919,#959,#990,#1021,#1052,#1083,#1114,#1145,
    #1167,#1183));
#919 = ADVANCED_FACE('',(#920),#954,.F.);
#920 = FACE_BOUND('',#921,.F.);
#921 = EDGE_LOOP('',(#922,#932,#940,#948));
#922 = ORIENTED_EDGE('',*,*,#923,.T.);
#923 = EDGE_CURVE('',#924,#926,#928,.T.);
#924 = VERTEX_POINT('',#925);
#925 = CARTESIAN_POINT('',(1.89,1.695,0.855));
#926 = VERTEX_POINT('',#927);
#927 = CARTESIAN_POINT('',(1.89,2.115,0.855));
#928 = LINE('',#929,#930);
#929 = CARTESIAN_POINT('',(1.89,1.695,0.855));
#930 = VECTOR('',#931,1.);
#931 = DIRECTION('',(0.,1.,0.));
#932 = ORIENTED_EDGE('',*,*,#933,.T.);
#933 = EDGE_CURVE('',#926,#934,#936,.T.);
#934 = VERTEX_POINT('',#935);
#935 = CARTESIAN_POINT('',(1.97,2.115,0.855));
#936 = LINE('',#937,#938);
#937 = CARTESIAN_POINT('',(1.89,2.115,0.855));
#938 = VECTOR('',#939,1.);
#939 = DIRECTION('',(1.,0.,0.));
#940 = ORIENTED_EDGE('',*,*,#941,.F.);
#941 = EDGE_CURVE('',#942,#934,#944,.T.);
#942 = VERTEX_POINT('',#943);
#943 = CARTESIAN_POINT('',(1.97,1.695,0.855));
#944 = LINE('',#945,#946);
#945 = CARTESIAN_POINT('',(1.97,1.695,0.855));
#946 = VECTOR('',#947,1.);
#947 = DIRECTION('',(0.,1.,0.));
#948 = ORIENTED_EDGE('',*,*,#949,.F.);
#949 = EDGE_CURVE('',#924,#942,#950,.T.);
#950 = LINE('',#951,#952);
#951 = CARTESIAN_POINT('',(1.89,1.695,0.855));
#952 = VECTOR('',#953,1.);
#953 = DIRECTION('',(1.,0.,0.));
#954 = PLANE('',#955);
#955 = AXIS2_PLACEMENT_3D('',#956,#957,#958);
#956 = CARTESIAN_POINT('',(1.89,1.695,0.855));
#957 = DIRECTION('',(0.,0.,-1.));
#958 = DIRECTION('',(1.,0.,0.));
#959 = ADVANCED_FACE('',(#960),#985,.F.);
#960 = FACE_BOUND('',#961,.F.);
#961 = EDGE_LOOP('',(#962,#963,#971,#979));
#962 = ORIENTED_EDGE('',*,*,#941,.T.);
#963 = ORIENTED_EDGE('',*,*,#964,.T.);
#964 = EDGE_CURVE('',#934,#965,#967,.T.);
#965 = VERTEX_POINT('',#966);
#966 = CARTESIAN_POINT('',(2.165,2.115,0.21));
#967 = LINE('',#968,#969);
#968 = CARTESIAN_POINT('',(1.97,2.115,0.855));
#969 = VECTOR('',#970,1.);
#970 = DIRECTION('',(0.289389501276,0.,-0.957211427299));
#971 = ORIENTED_EDGE('',*,*,#972,.F.);
#972 = EDGE_CURVE('',#973,#965,#975,.T.);
#973 = VERTEX_POINT('',#974);
#974 = CARTESIAN_POINT('',(2.165,1.695,0.21));
#975 = LINE('',#976,#977);
#976 = CARTESIAN_POINT('',(2.165,1.695,0.21));
#977 = VECTOR('',#978,1.);
#978 = DIRECTION('',(0.,1.,0.));
#979 = ORIENTED_EDGE('',*,*,#980,.F.);
#980 = EDGE_CURVE('',#942,#973,#981,.T.);
#981 = LINE('',#982,#983);
#982 = CARTESIAN_POINT('',(1.97,1.695,0.855));
#983 = VECTOR('',#984,1.);
#984 = DIRECTION('',(0.289389501276,0.,-0.957211427299));
#985 = PLANE('',#986);
#986 = AXIS2_PLACEMENT_3D('',#987,#988,#989);
#987 = CARTESIAN_POINT('',(1.97,1.695,0.855));
#988 = DIRECTION('',(-0.957211427299,0.,-0.289389501276));
#989 = DIRECTION('',(0.289389501276,0.,-0.957211427299));
#990 = ADVANCED_FACE('',(#991),#1016,.F.);
#991 = FACE_BOUND('',#992,.F.);
#992 = EDGE_LOOP('',(#993,#994,#1002,#1010));
#993 = ORIENTED_EDGE('',*,*,#972,.T.);
#994 = ORIENTED_EDGE('',*,*,#995,.T.);
#995 = EDGE_CURVE('',#965,#996,#998,.T.);
#996 = VERTEX_POINT('',#997);
#997 = CARTESIAN_POINT('',(3.,2.115,0.21));
#998 = LINE('',#999,#1000);
#999 = CARTESIAN_POINT('',(2.165,2.115,0.21));
#1000 = VECTOR('',#1001,1.);
#1001 = DIRECTION('',(1.,0.,0.));
#1002 = ORIENTED_EDGE('',*,*,#1003,.F.);
#1003 = EDGE_CURVE('',#1004,#996,#1006,.T.);
#1004 = VERTEX_POINT('',#1005);
#1005 = CARTESIAN_POINT('',(3.,1.695,0.21));
#1006 = LINE('',#1007,#1008);
#1007 = CARTESIAN_POINT('',(3.,1.695,0.21));
#1008 = VECTOR('',#1009,1.);
#1009 = DIRECTION('',(0.,1.,0.));
#1010 = ORIENTED_EDGE('',*,*,#1011,.F.);
#1011 = EDGE_CURVE('',#973,#1004,#1012,.T.);
#1012 = LINE('',#1013,#1014);
#1013 = CARTESIAN_POINT('',(2.165,1.695,0.21));
#1014 = VECTOR('',#1015,1.);
#1015 = DIRECTION('',(1.,0.,0.));
#1016 = PLANE('',#1017);
#1017 = AXIS2_PLACEMENT_3D('',#1018,#1019,#1020);
#1018 = CARTESIAN_POINT('',(2.165,1.695,0.21));
#1019 = DIRECTION('',(0.,0.,-1.));
#1020 = DIRECTION('',(1.,0.,0.));
#1021 = ADVANCED_FACE('',(#1022),#1047,.F.);
#1022 = FACE_BOUND('',#1023,.F.);
#1023 = EDGE_LOOP('',(#1024,#1025,#1033,#1041));
#1024 = ORIENTED_EDGE('',*,*,#1003,.T.);
#1025 = ORIENTED_EDGE('',*,*,#1026,.T.);
#1026 = EDGE_CURVE('',#996,#1027,#1029,.T.);
#1027 = VERTEX_POINT('',#1028);
#1028 = CARTESIAN_POINT('',(3.,2.115,0.));
#1029 = LINE('',#1030,#1031);
#1030 = CARTESIAN_POINT('',(3.,2.115,0.21));
#1031 = VECTOR('',#1032,1.);
#1032 = DIRECTION('',(0.,0.,-1.));
#1033 = ORIENTED_EDGE('',*,*,#1034,.F.);
#1034 = EDGE_CURVE('',#1035,#1027,#1037,.T.);
#1035 = VERTEX_POINT('',#1036);
#1036 = CARTESIAN_POINT('',(3.,1.695,0.));
#1037 = LINE('',#1038,#1039);
#1038 = CARTESIAN_POINT('',(3.,1.695,0.));
#1039 = VECTOR('',#1040,1.);
#1040 = DIRECTION('',(0.,1.,0.));
#1041 = ORIENTED_EDGE('',*,*,#1042,.F.);
#1042 = EDGE_CURVE('',#1004,#1035,#1043,.T.);
#1043 = LINE('',#1044,#1045);
#1044 = CARTESIAN_POINT('',(3.,1.695,0.21));
#1045 = VECTOR('',#1046,1.);
#1046 = DIRECTION('',(0.,0.,-1.));
#1047 = PLANE('',#1048);
#1048 = AXIS2_PLACEMENT_3D('',#1049,#1050,#1051);
#1049 = CARTESIAN_POINT('',(3.,1.695,0.21));
#1050 = DIRECTION('',(-1.,0.,0.));
#1051 = DIRECTION('',(0.,0.,-1.));
#1052 = ADVANCED_FACE('',(#1053),#1078,.F.);
#1053 = FACE_BOUND('',#1054,.F.);
#1054 = EDGE_LOOP('',(#1055,#1056,#1064,#1072));
#1055 = ORIENTED_EDGE('',*,*,#1034,.T.);
#1056 = ORIENTED_EDGE('',*,*,#1057,.T.);
#1057 = EDGE_CURVE('',#1027,#1058,#1060,.T.);
#1058 = VERTEX_POINT('',#1059);
#1059 = CARTESIAN_POINT('',(2.085,2.115,0.));
#1060 = LINE('',#1061,#1062);
#1061 = CARTESIAN_POINT('',(3.,2.115,0.));
#1062 = VECTOR('',#1063,1.);
#1063 = DIRECTION('',(-1.,0.,0.));
#1064 = ORIENTED_EDGE('',*,*,#1065,.F.);
#1065 = EDGE_CURVE('',#1066,#1058,#1068,.T.);
#1066 = VERTEX_POINT('',#1067);
#1067 = CARTESIAN_POINT('',(2.085,1.695,0.));
#1068 = LINE('',#1069,#1070);
#1069 = CARTESIAN_POINT('',(2.085,1.695,0.));
#1070 = VECTOR('',#1071,1.);
#1071 = DIRECTION('',(0.,1.,0.));
#1072 = ORIENTED_EDGE('',*,*,#1073,.F.);
#1073 = EDGE_CURVE('',#1035,#1066,#1074,.T.);
#1074 = LINE('',#1075,#1076);
#1075 = CARTESIAN_POINT('',(3.,1.695,0.));
#1076 = VECTOR('',#1077,1.);
#1077 = DIRECTION('',(-1.,0.,0.));
#1078 = PLANE('',#1079);
#1079 = AXIS2_PLACEMENT_3D('',#1080,#1081,#1082);
#1080 = CARTESIAN_POINT('',(3.,1.695,0.));
#1081 = DIRECTION('',(0.,-0.,1.));
#1082 = DIRECTION('',(-1.,0.,0.));
#1083 = ADVANCED_FACE('',(#1084),#1109,.F.);
#1084 = FACE_BOUND('',#1085,.F.);
#1085 = EDGE_LOOP('',(#1086,#1087,#1095,#1103));
#1086 = ORIENTED_EDGE('',*,*,#1065,.T.);
#1087 = ORIENTED_EDGE('',*,*,#1088,.T.);
#1088 = EDGE_CURVE('',#1058,#1089,#1091,.T.);
#1089 = VERTEX_POINT('',#1090);
#1090 = CARTESIAN_POINT('',(1.92,2.115,0.645));
#1091 = LINE('',#1092,#1093);
#1092 = CARTESIAN_POINT('',(2.085,2.115,0.));
#1093 = VECTOR('',#1094,1.);
#1094 = DIRECTION('',(-0.247833249983,0.,0.968802704478));
#1095 = ORIENTED_EDGE('',*,*,#1096,.F.);
#1096 = EDGE_CURVE('',#1097,#1089,#1099,.T.);
#1097 = VERTEX_POINT('',#1098);
#1098 = CARTESIAN_POINT('',(1.92,1.695,0.645));
#1099 = LINE('',#1100,#1101);
#1100 = CARTESIAN_POINT('',(1.92,1.695,0.645));
#1101 = VECTOR('',#1102,1.);
#1102 = DIRECTION('',(0.,1.,0.));
#1103 = ORIENTED_EDGE('',*,*,#1104,.F.);
#1104 = EDGE_CURVE('',#1066,#1097,#1105,.T.);
#1105 = LINE('',#1106,#1107);
#1106 = CARTESIAN_POINT('',(2.085,1.695,0.));
#1107 = VECTOR('',#1108,1.);
#1108 = DIRECTION('',(-0.247833249983,0.,0.968802704478));
#1109 = PLANE('',#1110);
#1110 = AXIS2_PLACEMENT_3D('',#1111,#1112,#1113);
#1111 = CARTESIAN_POINT('',(2.085,1.695,0.));
#1112 = DIRECTION('',(0.968802704478,-0.,0.247833249983));
#1113 = DIRECTION('',(-0.247833249983,0.,0.968802704478));
#1114 = ADVANCED_FACE('',(#1115),#1140,.F.);
#1115 = FACE_BOUND('',#1116,.F.);
#1116 = EDGE_LOOP('',(#1117,#1118,#1126,#1134));
#1117 = ORIENTED_EDGE('',*,*,#1096,.T.);
#1118 = ORIENTED_EDGE('',*,*,#1119,.T.);
#1119 = EDGE_CURVE('',#1089,#1120,#1122,.T.);
#1120 = VERTEX_POINT('',#1121);
#1121 = CARTESIAN_POINT('',(1.89,2.115,0.645));
#1122 = LINE('',#1123,#1124);
#1123 = CARTESIAN_POINT('',(1.92,2.115,0.645));
#1124 = VECTOR('',#1125,1.);
#1125 = DIRECTION('',(-1.,0.,0.));
#1126 = ORIENTED_EDGE('',*,*,#1127,.F.);
#1127 = EDGE_CURVE('',#1128,#1120,#1130,.T.);
#1128 = VERTEX_POINT('',#1129);
#1129 = CARTESIAN_POINT('',(1.89,1.695,0.645));
#1130 = LINE('',#1131,#1132);
#1131 = CARTESIAN_POINT('',(1.89,1.695,0.645));
#1132 = VECTOR('',#1133,1.);
#1133 = DIRECTION('',(0.,1.,0.));
#1134 = ORIENTED_EDGE('',*,*,#1135,.F.);
#1135 = EDGE_CURVE('',#1097,#1128,#1136,.T.);
#1136 = LINE('',#1137,#1138);
#1137 = CARTESIAN_POINT('',(1.92,1.695,0.645));
#1138 = VECTOR('',#1139,1.);
#1139 = DIRECTION('',(-1.,0.,0.));
#1140 = PLANE('',#1141);
#1141 = AXIS2_PLACEMENT_3D('',#1142,#1143,#1144);
#1142 = CARTESIAN_POINT('',(1.92,1.695,0.645));
#1143 = DIRECTION('',(0.,-0.,1.));
#1144 = DIRECTION('',(-1.,0.,0.));
#1145 = ADVANCED_FACE('',(#1146),#1162,.F.);
#1146 = FACE_BOUND('',#1147,.F.);
#1147 = EDGE_LOOP('',(#1148,#1149,#1155,#1156));
#1148 = ORIENTED_EDGE('',*,*,#1127,.T.);
#1149 = ORIENTED_EDGE('',*,*,#1150,.T.);
#1150 = EDGE_CURVE('',#1120,#926,#1151,.T.);
#1151 = LINE('',#1152,#1153);
#1152 = CARTESIAN_POINT('',(1.89,2.115,0.645));
#1153 = VECTOR('',#1154,1.);
#1154 = DIRECTION('',(0.,0.,1.));
#1155 = ORIENTED_EDGE('',*,*,#923,.F.);
#1156 = ORIENTED_EDGE('',*,*,#1157,.F.);
#1157 = EDGE_CURVE('',#1128,#924,#1158,.T.);
#1158 = LINE('',#1159,#1160);
#1159 = CARTESIAN_POINT('',(1.89,1.695,0.645));
#1160 = VECTOR('',#1161,1.);
#1161 = DIRECTION('',(0.,0.,1.));
#1162 = PLANE('',#1163);
#1163 = AXIS2_PLACEMENT_3D('',#1164,#1165,#1166);
#1164 = CARTESIAN_POINT('',(1.89,1.695,0.645));
#1165 = DIRECTION('',(1.,0.,0.));
#1166 = DIRECTION('',(0.,0.,1.));
#1167 = ADVANCED_FACE('',(#1168),#1178,.F.);
#1168 = FACE_BOUND('',#1169,.F.);
#1169 = EDGE_LOOP('',(#1170,#1171,#1172,#1173,#1174,#1175,#1176,#1177));
#1170 = ORIENTED_EDGE('',*,*,#949,.T.);
#1171 = ORIENTED_EDGE('',*,*,#980,.T.);
#1172 = ORIENTED_EDGE('',*,*,#1011,.T.);
#1173 = ORIENTED_EDGE('',*,*,#1042,.T.);
#1174 = ORIENTED_EDGE('',*,*,#1073,.T.);
#1175 = ORIENTED_EDGE('',*,*,#1104,.T.);
#1176 = ORIENTED_EDGE('',*,*,#1135,.T.);
#1177 = ORIENTED_EDGE('',*,*,#1157,.T.);
#1178 = PLANE('',#1179);
#1179 = AXIS2_PLACEMENT_3D('',#1180,#1181,#1182);
#1180 = CARTESIAN_POINT('',(2.333841378819,1.695,0.280742594362));
#1181 = DIRECTION('',(0.,1.,0.));
#1182 = DIRECTION('',(0.,-0.,1.));
#1183 = ADVANCED_FACE('',(#1184),#1194,.T.);
#1184 = FACE_BOUND('',#1185,.T.);
#1185 = EDGE_LOOP('',(#1186,#1187,#1188,#1189,#1190,#1191,#1192,#1193));
#1186 = ORIENTED_EDGE('',*,*,#933,.T.);
#1187 = ORIENTED_EDGE('',*,*,#964,.T.);
#1188 = ORIENTED_EDGE('',*,*,#995,.T.);
#1189 = ORIENTED_EDGE('',*,*,#1026,.T.);
#1190 = ORIENTED_EDGE('',*,*,#1057,.T.);
#1191 = ORIENTED_EDGE('',*,*,#1088,.T.);
#1192 = ORIENTED_EDGE('',*,*,#1119,.T.);
#1193 = ORIENTED_EDGE('',*,*,#1150,.T.);
#1194 = PLANE('',#1195);
#1195 = AXIS2_PLACEMENT_3D('',#1196,#1197,#1198);
#1196 = CARTESIAN_POINT('',(2.333841378819,2.115,0.280742594362));
#1197 = DIRECTION('',(0.,1.,0.));
#1198 = DIRECTION('',(0.,-0.,1.));
#1199 = ( GEOMETRIC_REPRESENTATION_CONTEXT(3) 
GLOBAL_UNCERTAINTY_ASSIGNED_CONTEXT((#1203)) 
GLOBAL_UNIT_ASSIGNED_CONTEXT((#1200,#1201,#1202)) REPRESENTATION_CONTEXT
('Context #1','3D Context with UNIT and UNCERTAINTY') );
#1200 = ( LENGTH_UNIT() NAMED_UNIT(*) SI_UNIT(.MILLI.,.METRE.) );
#1201 = ( NAMED_UNIT(*) PLANE_ANGLE_UNIT() SI_UNIT($,.RADIAN.) );
#1202 = ( NAMED_UNIT(*) SI_UNIT($,.STERADIAN.) SOLID_ANGLE_UNIT() );
#1203 = UNCERTAINTY_MEASURE_WITH_UNIT(LENGTH_MEASURE(1.E-07),#1200,
  'distance_accuracy_value','confusion accuracy');
#1204 = CONTEXT_DEPENDENT_SHAPE_REPRESENTATION(#1205,#1207);
#1205 = ( REPRESENTATION_RELATIONSHIP('','',#916,#10) 
REPRESENTATION_RELATIONSHIP_WITH_TRANSFORMATION(#1206) 
SHAPE_REPRESENTATION_RELATIONSHIP() );
#1206 = ITEM_DEFINED_TRANSFORMATION('','',#11,#31);
#1207 = PRODUCT_DEFINITION_SHAPE('Placement','Placement of an item',
  #1208);
#1208 = NEXT_ASSEMBLY_USAGE_OCCURRENCE('85','Lead_8','',#5,#911,$);
#1209 = PRODUCT_RELATED_PRODUCT_CATEGORY('part',$,(#913));
#1210 = SHAPE_DEFINITION_REPRESENTATION(#1211,#1217);
#1211 = PRODUCT_DEFINITION_SHAPE('','',#1212);
#1212 = PRODUCT_DEFINITION('design','',#1213,#1216);
#1213 = PRODUCT_DEFINITION_FORMATION('','',#1214);
#1214 = PRODUCT('Lead_2','Lead_2','',(#1215));
#1215 = PRODUCT_CONTEXT('',#2,'mechanical');
#1216 = PRODUCT_DEFINITION_CONTEXT('part definition',#2,'design');
#1217 = ADVANCED_BREP_SHAPE_REPRESENTATION('',(#11,#1218),#1500);
#1218 = MANIFOLD_SOLID_BREP('',#1219);
#1219 = CLOSED_SHELL('',(#1220,#1260,#1291,#1322,#1353,#1384,#1415,#1446
    ,#1468,#1484));
#1220 = ADVANCED_FACE('',(#1221),#1255,.T.);
#1221 = FACE_BOUND('',#1222,.T.);
#1222 = EDGE_LOOP('',(#1223,#1233,#1241,#1249));
#1223 = ORIENTED_EDGE('',*,*,#1224,.T.);
#1224 = EDGE_CURVE('',#1225,#1227,#1229,.T.);
#1225 = VERTEX_POINT('',#1226);
#1226 = CARTESIAN_POINT('',(-1.89,0.425,0.855));
#1227 = VERTEX_POINT('',#1228);
#1228 = CARTESIAN_POINT('',(-1.89,0.845,0.855));
#1229 = LINE('',#1230,#1231);
#1230 = CARTESIAN_POINT('',(-1.89,0.425,0.855));
#1231 = VECTOR('',#1232,1.);
#1232 = DIRECTION('',(0.,1.,0.));
#1233 = ORIENTED_EDGE('',*,*,#1234,.T.);
#1234 = EDGE_CURVE('',#1227,#1235,#1237,.T.);
#1235 = VERTEX_POINT('',#1236);
#1236 = CARTESIAN_POINT('',(-1.97,0.845,0.855));
#1237 = LINE('',#1238,#1239);
#1238 = CARTESIAN_POINT('',(-1.89,0.845,0.855));
#1239 = VECTOR('',#1240,1.);
#1240 = DIRECTION('',(-1.,0.,0.));
#1241 = ORIENTED_EDGE('',*,*,#1242,.F.);
#1242 = EDGE_CURVE('',#1243,#1235,#1245,.T.);
#1243 = VERTEX_POINT('',#1244);
#1244 = CARTESIAN_POINT('',(-1.97,0.425,0.855));
#1245 = LINE('',#1246,#1247);
#1246 = CARTESIAN_POINT('',(-1.97,0.425,0.855));
#1247 = VECTOR('',#1248,1.);
#1248 = DIRECTION('',(0.,1.,0.));
#1249 = ORIENTED_EDGE('',*,*,#1250,.F.);
#1250 = EDGE_CURVE('',#1225,#1243,#1251,.T.);
#1251 = LINE('',#1252,#1253);
#1252 = CARTESIAN_POINT('',(-1.89,0.425,0.855));
#1253 = VECTOR('',#1254,1.);
#1254 = DIRECTION('',(-1.,0.,0.));
#1255 = PLANE('',#1256);
#1256 = AXIS2_PLACEMENT_3D('',#1257,#1258,#1259);
#1257 = CARTESIAN_POINT('',(-1.89,0.425,0.855));
#1258 = DIRECTION('',(0.,-0.,1.));
#1259 = DIRECTION('',(-1.,0.,0.));
#1260 = ADVANCED_FACE('',(#1261),#1286,.T.);
#1261 = FACE_BOUND('',#1262,.T.);
#1262 = EDGE_LOOP('',(#1263,#1264,#1272,#1280));
#1263 = ORIENTED_EDGE('',*,*,#1242,.T.);
#1264 = ORIENTED_EDGE('',*,*,#1265,.T.);
#1265 = EDGE_CURVE('',#1235,#1266,#1268,.T.);
#1266 = VERTEX_POINT('',#1267);
#1267 = CARTESIAN_POINT('',(-2.165,0.845,0.21));
#1268 = LINE('',#1269,#1270);
#1269 = CARTESIAN_POINT('',(-1.97,0.845,0.855));
#1270 = VECTOR('',#1271,1.);
#1271 = DIRECTION('',(-0.289389501276,0.,-0.957211427299));
#1272 = ORIENTED_EDGE('',*,*,#1273,.F.);
#1273 = EDGE_CURVE('',#1274,#1266,#1276,.T.);
#1274 = VERTEX_POINT('',#1275);
#1275 = CARTESIAN_POINT('',(-2.165,0.425,0.21));
#1276 = LINE('',#1277,#1278);
#1277 = CARTESIAN_POINT('',(-2.165,0.425,0.21));
#1278 = VECTOR('',#1279,1.);
#1279 = DIRECTION('',(0.,1.,0.));
#1280 = ORIENTED_EDGE('',*,*,#1281,.F.);
#1281 = EDGE_CURVE('',#1243,#1274,#1282,.T.);
#1282 = LINE('',#1283,#1284);
#1283 = CARTESIAN_POINT('',(-1.97,0.425,0.855));
#1284 = VECTOR('',#1285,1.);
#1285 = DIRECTION('',(-0.289389501276,0.,-0.957211427299));
#1286 = PLANE('',#1287);
#1287 = AXIS2_PLACEMENT_3D('',#1288,#1289,#1290);
#1288 = CARTESIAN_POINT('',(-1.97,0.425,0.855));
#1289 = DIRECTION('',(-0.957211427299,0.,0.289389501276));
#1290 = DIRECTION('',(-0.289389501276,0.,-0.957211427299));
#1291 = ADVANCED_FACE('',(#1292),#1317,.T.);
#1292 = FACE_BOUND('',#1293,.T.);
#1293 = EDGE_LOOP('',(#1294,#1295,#1303,#1311));
#1294 = ORIENTED_EDGE('',*,*,#1273,.T.);
#1295 = ORIENTED_EDGE('',*,*,#1296,.T.);
#1296 = EDGE_CURVE('',#1266,#1297,#1299,.T.);
#1297 = VERTEX_POINT('',#1298);
#1298 = CARTESIAN_POINT('',(-3.,0.845,0.21));
#1299 = LINE('',#1300,#1301);
#1300 = CARTESIAN_POINT('',(-2.165,0.845,0.21));
#1301 = VECTOR('',#1302,1.);
#1302 = DIRECTION('',(-1.,0.,0.));
#1303 = ORIENTED_EDGE('',*,*,#1304,.F.);
#1304 = EDGE_CURVE('',#1305,#1297,#1307,.T.);
#1305 = VERTEX_POINT('',#1306);
#1306 = CARTESIAN_POINT('',(-3.,0.425,0.21));
#1307 = LINE('',#1308,#1309);
#1308 = CARTESIAN_POINT('',(-3.,0.425,0.21));
#1309 = VECTOR('',#1310,1.);
#1310 = DIRECTION('',(0.,1.,0.));
#1311 = ORIENTED_EDGE('',*,*,#1312,.F.);
#1312 = EDGE_CURVE('',#1274,#1305,#1313,.T.);
#1313 = LINE('',#1314,#1315);
#1314 = CARTESIAN_POINT('',(-2.165,0.425,0.21));
#1315 = VECTOR('',#1316,1.);
#1316 = DIRECTION('',(-1.,0.,0.));
#1317 = PLANE('',#1318);
#1318 = AXIS2_PLACEMENT_3D('',#1319,#1320,#1321);
#1319 = CARTESIAN_POINT('',(-2.165,0.425,0.21));
#1320 = DIRECTION('',(0.,-0.,1.));
#1321 = DIRECTION('',(-1.,0.,0.));
#1322 = ADVANCED_FACE('',(#1323),#1348,.T.);
#1323 = FACE_BOUND('',#1324,.T.);
#1324 = EDGE_LOOP('',(#1325,#1326,#1334,#1342));
#1325 = ORIENTED_EDGE('',*,*,#1304,.T.);
#1326 = ORIENTED_EDGE('',*,*,#1327,.T.);
#1327 = EDGE_CURVE('',#1297,#1328,#1330,.T.);
#1328 = VERTEX_POINT('',#1329);
#1329 = CARTESIAN_POINT('',(-3.,0.845,0.));
#1330 = LINE('',#1331,#1332);
#1331 = CARTESIAN_POINT('',(-3.,0.845,0.21));
#1332 = VECTOR('',#1333,1.);
#1333 = DIRECTION('',(0.,0.,-1.));
#1334 = ORIENTED_EDGE('',*,*,#1335,.F.);
#1335 = EDGE_CURVE('',#1336,#1328,#1338,.T.);
#1336 = VERTEX_POINT('',#1337);
#1337 = CARTESIAN_POINT('',(-3.,0.425,0.));
#1338 = LINE('',#1339,#1340);
#1339 = CARTESIAN_POINT('',(-3.,0.425,0.));
#1340 = VECTOR('',#1341,1.);
#1341 = DIRECTION('',(0.,1.,0.));
#1342 = ORIENTED_EDGE('',*,*,#1343,.F.);
#1343 = EDGE_CURVE('',#1305,#1336,#1344,.T.);
#1344 = LINE('',#1345,#1346);
#1345 = CARTESIAN_POINT('',(-3.,0.425,0.21));
#1346 = VECTOR('',#1347,1.);
#1347 = DIRECTION('',(0.,0.,-1.));
#1348 = PLANE('',#1349);
#1349 = AXIS2_PLACEMENT_3D('',#1350,#1351,#1352);
#1350 = CARTESIAN_POINT('',(-3.,0.425,0.21));
#1351 = DIRECTION('',(-1.,0.,0.));
#1352 = DIRECTION('',(0.,0.,-1.));
#1353 = ADVANCED_FACE('',(#1354),#1379,.T.);
#1354 = FACE_BOUND('',#1355,.T.);
#1355 = EDGE_LOOP('',(#1356,#1357,#1365,#1373));
#1356 = ORIENTED_EDGE('',*,*,#1335,.T.);
#1357 = ORIENTED_EDGE('',*,*,#1358,.T.);
#1358 = EDGE_CURVE('',#1328,#1359,#1361,.T.);
#1359 = VERTEX_POINT('',#1360);
#1360 = CARTESIAN_POINT('',(-2.085,0.845,0.));
#1361 = LINE('',#1362,#1363);
#1362 = CARTESIAN_POINT('',(-3.,0.845,0.));
#1363 = VECTOR('',#1364,1.);
#1364 = DIRECTION('',(1.,0.,0.));
#1365 = ORIENTED_EDGE('',*,*,#1366,.F.);
#1366 = EDGE_CURVE('',#1367,#1359,#1369,.T.);
#1367 = VERTEX_POINT('',#1368);
#1368 = CARTESIAN_POINT('',(-2.085,0.425,0.));
#1369 = LINE('',#1370,#1371);
#1370 = CARTESIAN_POINT('',(-2.085,0.425,0.));
#1371 = VECTOR('',#1372,1.);
#1372 = DIRECTION('',(0.,1.,0.));
#1373 = ORIENTED_EDGE('',*,*,#1374,.F.);
#1374 = EDGE_CURVE('',#1336,#1367,#1375,.T.);
#1375 = LINE('',#1376,#1377);
#1376 = CARTESIAN_POINT('',(-3.,0.425,0.));
#1377 = VECTOR('',#1378,1.);
#1378 = DIRECTION('',(1.,0.,0.));
#1379 = PLANE('',#1380);
#1380 = AXIS2_PLACEMENT_3D('',#1381,#1382,#1383);
#1381 = CARTESIAN_POINT('',(-3.,0.425,0.));
#1382 = DIRECTION('',(0.,0.,-1.));
#1383 = DIRECTION('',(1.,0.,0.));
#1384 = ADVANCED_FACE('',(#1385),#1410,.T.);
#1385 = FACE_BOUND('',#1386,.T.);
#1386 = EDGE_LOOP('',(#1387,#1388,#1396,#1404));
#1387 = ORIENTED_EDGE('',*,*,#1366,.T.);
#1388 = ORIENTED_EDGE('',*,*,#1389,.T.);
#1389 = EDGE_CURVE('',#1359,#1390,#1392,.T.);
#1390 = VERTEX_POINT('',#1391);
#1391 = CARTESIAN_POINT('',(-1.92,0.845,0.645));
#1392 = LINE('',#1393,#1394);
#1393 = CARTESIAN_POINT('',(-2.085,0.845,0.));
#1394 = VECTOR('',#1395,1.);
#1395 = DIRECTION('',(0.247833249983,0.,0.968802704478));
#1396 = ORIENTED_EDGE('',*,*,#1397,.F.);
#1397 = EDGE_CURVE('',#1398,#1390,#1400,.T.);
#1398 = VERTEX_POINT('',#1399);
#1399 = CARTESIAN_POINT('',(-1.92,0.425,0.645));
#1400 = LINE('',#1401,#1402);
#1401 = CARTESIAN_POINT('',(-1.92,0.425,0.645));
#1402 = VECTOR('',#1403,1.);
#1403 = DIRECTION('',(0.,1.,0.));
#1404 = ORIENTED_EDGE('',*,*,#1405,.F.);
#1405 = EDGE_CURVE('',#1367,#1398,#1406,.T.);
#1406 = LINE('',#1407,#1408);
#1407 = CARTESIAN_POINT('',(-2.085,0.425,0.));
#1408 = VECTOR('',#1409,1.);
#1409 = DIRECTION('',(0.247833249983,0.,0.968802704478));
#1410 = PLANE('',#1411);
#1411 = AXIS2_PLACEMENT_3D('',#1412,#1413,#1414);
#1412 = CARTESIAN_POINT('',(-2.085,0.425,0.));
#1413 = DIRECTION('',(0.968802704478,0.,-0.247833249983));
#1414 = DIRECTION('',(0.247833249983,0.,0.968802704478));
#1415 = ADVANCED_FACE('',(#1416),#1441,.T.);
#1416 = FACE_BOUND('',#1417,.T.);
#1417 = EDGE_LOOP('',(#1418,#1419,#1427,#1435));
#1418 = ORIENTED_EDGE('',*,*,#1397,.T.);
#1419 = ORIENTED_EDGE('',*,*,#1420,.T.);
#1420 = EDGE_CURVE('',#1390,#1421,#1423,.T.);
#1421 = VERTEX_POINT('',#1422);
#1422 = CARTESIAN_POINT('',(-1.89,0.845,0.645));
#1423 = LINE('',#1424,#1425);
#1424 = CARTESIAN_POINT('',(-1.92,0.845,0.645));
#1425 = VECTOR('',#1426,1.);
#1426 = DIRECTION('',(1.,0.,0.));
#1427 = ORIENTED_EDGE('',*,*,#1428,.F.);
#1428 = EDGE_CURVE('',#1429,#1421,#1431,.T.);
#1429 = VERTEX_POINT('',#1430);
#1430 = CARTESIAN_POINT('',(-1.89,0.425,0.645));
#1431 = LINE('',#1432,#1433);
#1432 = CARTESIAN_POINT('',(-1.89,0.425,0.645));
#1433 = VECTOR('',#1434,1.);
#1434 = DIRECTION('',(0.,1.,0.));
#1435 = ORIENTED_EDGE('',*,*,#1436,.F.);
#1436 = EDGE_CURVE('',#1398,#1429,#1437,.T.);
#1437 = LINE('',#1438,#1439);
#1438 = CARTESIAN_POINT('',(-1.92,0.425,0.645));
#1439 = VECTOR('',#1440,1.);
#1440 = DIRECTION('',(1.,0.,0.));
#1441 = PLANE('',#1442);
#1442 = AXIS2_PLACEMENT_3D('',#1443,#1444,#1445);
#1443 = CARTESIAN_POINT('',(-1.92,0.425,0.645));
#1444 = DIRECTION('',(0.,0.,-1.));
#1445 = DIRECTION('',(1.,0.,0.));
#1446 = ADVANCED_FACE('',(#1447),#1463,.T.);
#1447 = FACE_BOUND('',#1448,.T.);
#1448 = EDGE_LOOP('',(#1449,#1450,#1456,#1457));
#1449 = ORIENTED_EDGE('',*,*,#1428,.T.);
#1450 = ORIENTED_EDGE('',*,*,#1451,.T.);
#1451 = EDGE_CURVE('',#1421,#1227,#1452,.T.);
#1452 = LINE('',#1453,#1454);
#1453 = CARTESIAN_POINT('',(-1.89,0.845,0.645));
#1454 = VECTOR('',#1455,1.);
#1455 = DIRECTION('',(0.,0.,1.));
#1456 = ORIENTED_EDGE('',*,*,#1224,.F.);
#1457 = ORIENTED_EDGE('',*,*,#1458,.F.);
#1458 = EDGE_CURVE('',#1429,#1225,#1459,.T.);
#1459 = LINE('',#1460,#1461);
#1460 = CARTESIAN_POINT('',(-1.89,0.425,0.645));
#1461 = VECTOR('',#1462,1.);
#1462 = DIRECTION('',(0.,0.,1.));
#1463 = PLANE('',#1464);
#1464 = AXIS2_PLACEMENT_3D('',#1465,#1466,#1467);
#1465 = CARTESIAN_POINT('',(-1.89,0.425,0.645));
#1466 = DIRECTION('',(1.,0.,0.));
#1467 = DIRECTION('',(0.,0.,1.));
#1468 = ADVANCED_FACE('',(#1469),#1479,.T.);
#1469 = FACE_BOUND('',#1470,.T.);
#1470 = EDGE_LOOP('',(#1471,#1472,#1473,#1474,#1475,#1476,#1477,#1478));
#1471 = ORIENTED_EDGE('',*,*,#1250,.T.);
#1472 = ORIENTED_EDGE('',*,*,#1281,.T.);
#1473 = ORIENTED_EDGE('',*,*,#1312,.T.);
#1474 = ORIENTED_EDGE('',*,*,#1343,.T.);
#1475 = ORIENTED_EDGE('',*,*,#1374,.T.);
#1476 = ORIENTED_EDGE('',*,*,#1405,.T.);
#1477 = ORIENTED_EDGE('',*,*,#1436,.T.);
#1478 = ORIENTED_EDGE('',*,*,#1458,.T.);
#1479 = PLANE('',#1480);
#1480 = AXIS2_PLACEMENT_3D('',#1481,#1482,#1483);
#1481 = CARTESIAN_POINT('',(-2.333841378819,0.425,0.280742594362));
#1482 = DIRECTION('',(-0.,-1.,-0.));
#1483 = DIRECTION('',(0.,0.,-1.));
#1484 = ADVANCED_FACE('',(#1485),#1495,.F.);
#1485 = FACE_BOUND('',#1486,.F.);
#1486 = EDGE_LOOP('',(#1487,#1488,#1489,#1490,#1491,#1492,#1493,#1494));
#1487 = ORIENTED_EDGE('',*,*,#1234,.T.);
#1488 = ORIENTED_EDGE('',*,*,#1265,.T.);
#1489 = ORIENTED_EDGE('',*,*,#1296,.T.);
#1490 = ORIENTED_EDGE('',*,*,#1327,.T.);
#1491 = ORIENTED_EDGE('',*,*,#1358,.T.);
#1492 = ORIENTED_EDGE('',*,*,#1389,.T.);
#1493 = ORIENTED_EDGE('',*,*,#1420,.T.);
#1494 = ORIENTED_EDGE('',*,*,#1451,.T.);
#1495 = PLANE('',#1496);
#1496 = AXIS2_PLACEMENT_3D('',#1497,#1498,#1499);
#1497 = CARTESIAN_POINT('',(-2.333841378819,0.845,0.280742594362));
#1498 = DIRECTION('',(-0.,-1.,-0.));
#1499 = DIRECTION('',(0.,0.,-1.));
#1500 = ( GEOMETRIC_REPRESENTATION_CONTEXT(3) 
GLOBAL_UNCERTAINTY_ASSIGNED_CONTEXT((#1504)) 
GLOBAL_UNIT_ASSIGNED_CONTEXT((#1501,#1502,#1503)) REPRESENTATION_CONTEXT
('Context #1','3D Context with UNIT and UNCERTAINTY') );
#1501 = ( LENGTH_UNIT() NAMED_UNIT(*) SI_UNIT(.MILLI.,.METRE.) );
#1502 = ( NAMED_UNIT(*) PLANE_ANGLE_UNIT() SI_UNIT($,.RADIAN.) );
#1503 = ( NAMED_UNIT(*) SI_UNIT($,.STERADIAN.) SOLID_ANGLE_UNIT() );
#1504 = UNCERTAINTY_MEASURE_WITH_UNIT(LENGTH_MEASURE(1.E-07),#1501,
  'distance_accuracy_value','confusion accuracy');
#1505 = CONTEXT_DEPENDENT_SHAPE_REPRESENTATION(#1506,#1508);
#1506 = ( REPRESENTATION_RELATIONSHIP('','',#1217,#10) 
REPRESENTATION_RELATIONSHIP_WITH_TRANSFORMATION(#1507) 
SHAPE_REPRESENTATION_RELATIONSHIP() );
#1507 = ITEM_DEFINED_TRANSFORMATION('','',#11,#35);
#1508 = PRODUCT_DEFINITION_SHAPE('Placement','Placement of an item',
  #1509);
#1509 = NEXT_ASSEMBLY_USAGE_OCCURRENCE('86','Lead_2','',#5,#1212,$);
#1510 = PRODUCT_RELATED_PRODUCT_CATEGORY('part',$,(#1214));
#1511 = SHAPE_DEFINITION_REPRESENTATION(#1512,#1518);
#1512 = PRODUCT_DEFINITION_SHAPE('','',#1513);
#1513 = PRODUCT_DEFINITION('design','',#1514,#1517);
#1514 = PRODUCT_DEFINITION_FORMATION('','',#1515);
#1515 = PRODUCT('Lead_7','Lead_7','',(#1516));
#1516 = PRODUCT_CONTEXT('',#2,'mechanical');
#1517 = PRODUCT_DEFINITION_CONTEXT('part definition',#2,'design');
#1518 = ADVANCED_BREP_SHAPE_REPRESENTATION('',(#11,#1519),#1801);
#1519 = MANIFOLD_SOLID_BREP('',#1520);
#1520 = CLOSED_SHELL('',(#1521,#1561,#1592,#1623,#1654,#1685,#1716,#1747
    ,#1769,#1785));
#1521 = ADVANCED_FACE('',(#1522),#1556,.F.);
#1522 = FACE_BOUND('',#1523,.F.);
#1523 = EDGE_LOOP('',(#1524,#1534,#1542,#1550));
#1524 = ORIENTED_EDGE('',*,*,#1525,.T.);
#1525 = EDGE_CURVE('',#1526,#1528,#1530,.T.);
#1526 = VERTEX_POINT('',#1527);
#1527 = CARTESIAN_POINT('',(1.89,0.425,0.855));
#1528 = VERTEX_POINT('',#1529);
#1529 = CARTESIAN_POINT('',(1.89,0.845,0.855));
#1530 = LINE('',#1531,#1532);
#1531 = CARTESIAN_POINT('',(1.89,0.425,0.855));
#1532 = VECTOR('',#1533,1.);
#1533 = DIRECTION('',(0.,1.,0.));
#1534 = ORIENTED_EDGE('',*,*,#1535,.T.);
#1535 = EDGE_CURVE('',#1528,#1536,#1538,.T.);
#1536 = VERTEX_POINT('',#1537);
#1537 = CARTESIAN_POINT('',(1.97,0.845,0.855));
#1538 = LINE('',#1539,#1540);
#1539 = CARTESIAN_POINT('',(1.89,0.845,0.855));
#1540 = VECTOR('',#1541,1.);
#1541 = DIRECTION('',(1.,0.,0.));
#1542 = ORIENTED_EDGE('',*,*,#1543,.F.);
#1543 = EDGE_CURVE('',#1544,#1536,#1546,.T.);
#1544 = VERTEX_POINT('',#1545);
#1545 = CARTESIAN_POINT('',(1.97,0.425,0.855));
#1546 = LINE('',#1547,#1548);
#1547 = CARTESIAN_POINT('',(1.97,0.425,0.855));
#1548 = VECTOR('',#1549,1.);
#1549 = DIRECTION('',(0.,1.,0.));
#1550 = ORIENTED_EDGE('',*,*,#1551,.F.);
#1551 = EDGE_CURVE('',#1526,#1544,#1552,.T.);
#1552 = LINE('',#1553,#1554);
#1553 = CARTESIAN_POINT('',(1.89,0.425,0.855));
#1554 = VECTOR('',#1555,1.);
#1555 = DIRECTION('',(1.,0.,0.));
#1556 = PLANE('',#1557);
#1557 = AXIS2_PLACEMENT_3D('',#1558,#1559,#1560);
#1558 = CARTESIAN_POINT('',(1.89,0.425,0.855));
#1559 = DIRECTION('',(0.,0.,-1.));
#1560 = DIRECTION('',(1.,0.,0.));
#1561 = ADVANCED_FACE('',(#1562),#1587,.F.);
#1562 = FACE_BOUND('',#1563,.F.);
#1563 = EDGE_LOOP('',(#1564,#1565,#1573,#1581));
#1564 = ORIENTED_EDGE('',*,*,#1543,.T.);
#1565 = ORIENTED_EDGE('',*,*,#1566,.T.);
#1566 = EDGE_CURVE('',#1536,#1567,#1569,.T.);
#1567 = VERTEX_POINT('',#1568);
#1568 = CARTESIAN_POINT('',(2.165,0.845,0.21));
#1569 = LINE('',#1570,#1571);
#1570 = CARTESIAN_POINT('',(1.97,0.845,0.855));
#1571 = VECTOR('',#1572,1.);
#1572 = DIRECTION('',(0.289389501276,0.,-0.957211427299));
#1573 = ORIENTED_EDGE('',*,*,#1574,.F.);
#1574 = EDGE_CURVE('',#1575,#1567,#1577,.T.);
#1575 = VERTEX_POINT('',#1576);
#1576 = CARTESIAN_POINT('',(2.165,0.425,0.21));
#1577 = LINE('',#1578,#1579);
#1578 = CARTESIAN_POINT('',(2.165,0.425,0.21));
#1579 = VECTOR('',#1580,1.);
#1580 = DIRECTION('',(0.,1.,0.));
#1581 = ORIENTED_EDGE('',*,*,#1582,.F.);
#1582 = EDGE_CURVE('',#1544,#1575,#1583,.T.);
#1583 = LINE('',#1584,#1585);
#1584 = CARTESIAN_POINT('',(1.97,0.425,0.855));
#1585 = VECTOR('',#1586,1.);
#1586 = DIRECTION('',(0.289389501276,0.,-0.957211427299));
#1587 = PLANE('',#1588);
#1588 = AXIS2_PLACEMENT_3D('',#1589,#1590,#1591);
#1589 = CARTESIAN_POINT('',(1.97,0.425,0.855));
#1590 = DIRECTION('',(-0.957211427299,0.,-0.289389501276));
#1591 = DIRECTION('',(0.289389501276,0.,-0.957211427299));
#1592 = ADVANCED_FACE('',(#1593),#1618,.F.);
#1593 = FACE_BOUND('',#1594,.F.);
#1594 = EDGE_LOOP('',(#1595,#1596,#1604,#1612));
#1595 = ORIENTED_EDGE('',*,*,#1574,.T.);
#1596 = ORIENTED_EDGE('',*,*,#1597,.T.);
#1597 = EDGE_CURVE('',#1567,#1598,#1600,.T.);
#1598 = VERTEX_POINT('',#1599);
#1599 = CARTESIAN_POINT('',(3.,0.845,0.21));
#1600 = LINE('',#1601,#1602);
#1601 = CARTESIAN_POINT('',(2.165,0.845,0.21));
#1602 = VECTOR('',#1603,1.);
#1603 = DIRECTION('',(1.,0.,0.));
#1604 = ORIENTED_EDGE('',*,*,#1605,.F.);
#1605 = EDGE_CURVE('',#1606,#1598,#1608,.T.);
#1606 = VERTEX_POINT('',#1607);
#1607 = CARTESIAN_POINT('',(3.,0.425,0.21));
#1608 = LINE('',#1609,#1610);
#1609 = CARTESIAN_POINT('',(3.,0.425,0.21));
#1610 = VECTOR('',#1611,1.);
#1611 = DIRECTION('',(0.,1.,0.));
#1612 = ORIENTED_EDGE('',*,*,#1613,.F.);
#1613 = EDGE_CURVE('',#1575,#1606,#1614,.T.);
#1614 = LINE('',#1615,#1616);
#1615 = CARTESIAN_POINT('',(2.165,0.425,0.21));
#1616 = VECTOR('',#1617,1.);
#1617 = DIRECTION('',(1.,0.,0.));
#1618 = PLANE('',#1619);
#1619 = AXIS2_PLACEMENT_3D('',#1620,#1621,#1622);
#1620 = CARTESIAN_POINT('',(2.165,0.425,0.21));
#1621 = DIRECTION('',(0.,0.,-1.));
#1622 = DIRECTION('',(1.,0.,0.));
#1623 = ADVANCED_FACE('',(#1624),#1649,.F.);
#1624 = FACE_BOUND('',#1625,.F.);
#1625 = EDGE_LOOP('',(#1626,#1627,#1635,#1643));
#1626 = ORIENTED_EDGE('',*,*,#1605,.T.);
#1627 = ORIENTED_EDGE('',*,*,#1628,.T.);
#1628 = EDGE_CURVE('',#1598,#1629,#1631,.T.);
#1629 = VERTEX_POINT('',#1630);
#1630 = CARTESIAN_POINT('',(3.,0.845,0.));
#1631 = LINE('',#1632,#1633);
#1632 = CARTESIAN_POINT('',(3.,0.845,0.21));
#1633 = VECTOR('',#1634,1.);
#1634 = DIRECTION('',(0.,0.,-1.));
#1635 = ORIENTED_EDGE('',*,*,#1636,.F.);
#1636 = EDGE_CURVE('',#1637,#1629,#1639,.T.);
#1637 = VERTEX_POINT('',#1638);
#1638 = CARTESIAN_POINT('',(3.,0.425,0.));
#1639 = LINE('',#1640,#1641);
#1640 = CARTESIAN_POINT('',(3.,0.425,0.));
#1641 = VECTOR('',#1642,1.);
#1642 = DIRECTION('',(0.,1.,0.));
#1643 = ORIENTED_EDGE('',*,*,#1644,.F.);
#1644 = EDGE_CURVE('',#1606,#1637,#1645,.T.);
#1645 = LINE('',#1646,#1647);
#1646 = CARTESIAN_POINT('',(3.,0.425,0.21));
#1647 = VECTOR('',#1648,1.);
#1648 = DIRECTION('',(0.,0.,-1.));
#1649 = PLANE('',#1650);
#1650 = AXIS2_PLACEMENT_3D('',#1651,#1652,#1653);
#1651 = CARTESIAN_POINT('',(3.,0.425,0.21));
#1652 = DIRECTION('',(-1.,0.,0.));
#1653 = DIRECTION('',(0.,0.,-1.));
#1654 = ADVANCED_FACE('',(#1655),#1680,.F.);
#1655 = FACE_BOUND('',#1656,.F.);
#1656 = EDGE_LOOP('',(#1657,#1658,#1666,#1674));
#1657 = ORIENTED_EDGE('',*,*,#1636,.T.);
#1658 = ORIENTED_EDGE('',*,*,#1659,.T.);
#1659 = EDGE_CURVE('',#1629,#1660,#1662,.T.);
#1660 = VERTEX_POINT('',#1661);
#1661 = CARTESIAN_POINT('',(2.085,0.845,0.));
#1662 = LINE('',#1663,#1664);
#1663 = CARTESIAN_POINT('',(3.,0.845,0.));
#1664 = VECTOR('',#1665,1.);
#1665 = DIRECTION('',(-1.,0.,0.));
#1666 = ORIENTED_EDGE('',*,*,#1667,.F.);
#1667 = EDGE_CURVE('',#1668,#1660,#1670,.T.);
#1668 = VERTEX_POINT('',#1669);
#1669 = CARTESIAN_POINT('',(2.085,0.425,0.));
#1670 = LINE('',#1671,#1672);
#1671 = CARTESIAN_POINT('',(2.085,0.425,0.));
#1672 = VECTOR('',#1673,1.);
#1673 = DIRECTION('',(0.,1.,0.));
#1674 = ORIENTED_EDGE('',*,*,#1675,.F.);
#1675 = EDGE_CURVE('',#1637,#1668,#1676,.T.);
#1676 = LINE('',#1677,#1678);
#1677 = CARTESIAN_POINT('',(3.,0.425,0.));
#1678 = VECTOR('',#1679,1.);
#1679 = DIRECTION('',(-1.,0.,0.));
#1680 = PLANE('',#1681);
#1681 = AXIS2_PLACEMENT_3D('',#1682,#1683,#1684);
#1682 = CARTESIAN_POINT('',(3.,0.425,0.));
#1683 = DIRECTION('',(0.,-0.,1.));
#1684 = DIRECTION('',(-1.,0.,0.));
#1685 = ADVANCED_FACE('',(#1686),#1711,.F.);
#1686 = FACE_BOUND('',#1687,.F.);
#1687 = EDGE_LOOP('',(#1688,#1689,#1697,#1705));
#1688 = ORIENTED_EDGE('',*,*,#1667,.T.);
#1689 = ORIENTED_EDGE('',*,*,#1690,.T.);
#1690 = EDGE_CURVE('',#1660,#1691,#1693,.T.);
#1691 = VERTEX_POINT('',#1692);
#1692 = CARTESIAN_POINT('',(1.92,0.845,0.645));
#1693 = LINE('',#1694,#1695);
#1694 = CARTESIAN_POINT('',(2.085,0.845,0.));
#1695 = VECTOR('',#1696,1.);
#1696 = DIRECTION('',(-0.247833249983,0.,0.968802704478));
#1697 = ORIENTED_EDGE('',*,*,#1698,.F.);
#1698 = EDGE_CURVE('',#1699,#1691,#1701,.T.);
#1699 = VERTEX_POINT('',#1700);
#1700 = CARTESIAN_POINT('',(1.92,0.425,0.645));
#1701 = LINE('',#1702,#1703);
#1702 = CARTESIAN_POINT('',(1.92,0.425,0.645));
#1703 = VECTOR('',#1704,1.);
#1704 = DIRECTION('',(0.,1.,0.));
#1705 = ORIENTED_EDGE('',*,*,#1706,.F.);
#1706 = EDGE_CURVE('',#1668,#1699,#1707,.T.);
#1707 = LINE('',#1708,#1709);
#1708 = CARTESIAN_POINT('',(2.085,0.425,0.));
#1709 = VECTOR('',#1710,1.);
#1710 = DIRECTION('',(-0.247833249983,0.,0.968802704478));
#1711 = PLANE('',#1712);
#1712 = AXIS2_PLACEMENT_3D('',#1713,#1714,#1715);
#1713 = CARTESIAN_POINT('',(2.085,0.425,0.));
#1714 = DIRECTION('',(0.968802704478,-0.,0.247833249983));
#1715 = DIRECTION('',(-0.247833249983,0.,0.968802704478));
#1716 = ADVANCED_FACE('',(#1717),#1742,.F.);
#1717 = FACE_BOUND('',#1718,.F.);
#1718 = EDGE_LOOP('',(#1719,#1720,#1728,#1736));
#1719 = ORIENTED_EDGE('',*,*,#1698,.T.);
#1720 = ORIENTED_EDGE('',*,*,#1721,.T.);
#1721 = EDGE_CURVE('',#1691,#1722,#1724,.T.);
#1722 = VERTEX_POINT('',#1723);
#1723 = CARTESIAN_POINT('',(1.89,0.845,0.645));
#1724 = LINE('',#1725,#1726);
#1725 = CARTESIAN_POINT('',(1.92,0.845,0.645));
#1726 = VECTOR('',#1727,1.);
#1727 = DIRECTION('',(-1.,0.,0.));
#1728 = ORIENTED_EDGE('',*,*,#1729,.F.);
#1729 = EDGE_CURVE('',#1730,#1722,#1732,.T.);
#1730 = VERTEX_POINT('',#1731);
#1731 = CARTESIAN_POINT('',(1.89,0.425,0.645));
#1732 = LINE('',#1733,#1734);
#1733 = CARTESIAN_POINT('',(1.89,0.425,0.645));
#1734 = VECTOR('',#1735,1.);
#1735 = DIRECTION('',(0.,1.,0.));
#1736 = ORIENTED_EDGE('',*,*,#1737,.F.);
#1737 = EDGE_CURVE('',#1699,#1730,#1738,.T.);
#1738 = LINE('',#1739,#1740);
#1739 = CARTESIAN_POINT('',(1.92,0.425,0.645));
#1740 = VECTOR('',#1741,1.);
#1741 = DIRECTION('',(-1.,0.,0.));
#1742 = PLANE('',#1743);
#1743 = AXIS2_PLACEMENT_3D('',#1744,#1745,#1746);
#1744 = CARTESIAN_POINT('',(1.92,0.425,0.645));
#1745 = DIRECTION('',(0.,-0.,1.));
#1746 = DIRECTION('',(-1.,0.,0.));
#1747 = ADVANCED_FACE('',(#1748),#1764,.F.);
#1748 = FACE_BOUND('',#1749,.F.);
#1749 = EDGE_LOOP('',(#1750,#1751,#1757,#1758));
#1750 = ORIENTED_EDGE('',*,*,#1729,.T.);
#1751 = ORIENTED_EDGE('',*,*,#1752,.T.);
#1752 = EDGE_CURVE('',#1722,#1528,#1753,.T.);
#1753 = LINE('',#1754,#1755);
#1754 = CARTESIAN_POINT('',(1.89,0.845,0.645));
#1755 = VECTOR('',#1756,1.);
#1756 = DIRECTION('',(0.,0.,1.));
#1757 = ORIENTED_EDGE('',*,*,#1525,.F.);
#1758 = ORIENTED_EDGE('',*,*,#1759,.F.);
#1759 = EDGE_CURVE('',#1730,#1526,#1760,.T.);
#1760 = LINE('',#1761,#1762);
#1761 = CARTESIAN_POINT('',(1.89,0.425,0.645));
#1762 = VECTOR('',#1763,1.);
#1763 = DIRECTION('',(0.,0.,1.));
#1764 = PLANE('',#1765);
#1765 = AXIS2_PLACEMENT_3D('',#1766,#1767,#1768);
#1766 = CARTESIAN_POINT('',(1.89,0.425,0.645));
#1767 = DIRECTION('',(1.,0.,0.));
#1768 = DIRECTION('',(0.,0.,1.));
#1769 = ADVANCED_FACE('',(#1770),#1780,.F.);
#1770 = FACE_BOUND('',#1771,.F.);
#1771 = EDGE_LOOP('',(#1772,#1773,#1774,#1775,#1776,#1777,#1778,#1779));
#1772 = ORIENTED_EDGE('',*,*,#1551,.T.);
#1773 = ORIENTED_EDGE('',*,*,#1582,.T.);
#1774 = ORIENTED_EDGE('',*,*,#1613,.T.);
#1775 = ORIENTED_EDGE('',*,*,#1644,.T.);
#1776 = ORIENTED_EDGE('',*,*,#1675,.T.);
#1777 = ORIENTED_EDGE('',*,*,#1706,.T.);
#1778 = ORIENTED_EDGE('',*,*,#1737,.T.);
#1779 = ORIENTED_EDGE('',*,*,#1759,.T.);
#1780 = PLANE('',#1781);
#1781 = AXIS2_PLACEMENT_3D('',#1782,#1783,#1784);
#1782 = CARTESIAN_POINT('',(2.333841378819,0.425,0.280742594362));
#1783 = DIRECTION('',(0.,1.,0.));
#1784 = DIRECTION('',(0.,-0.,1.));
#1785 = ADVANCED_FACE('',(#1786),#1796,.T.);
#1786 = FACE_BOUND('',#1787,.T.);
#1787 = EDGE_LOOP('',(#1788,#1789,#1790,#1791,#1792,#1793,#1794,#1795));
#1788 = ORIENTED_EDGE('',*,*,#1535,.T.);
#1789 = ORIENTED_EDGE('',*,*,#1566,.T.);
#1790 = ORIENTED_EDGE('',*,*,#1597,.T.);
#1791 = ORIENTED_EDGE('',*,*,#1628,.T.);
#1792 = ORIENTED_EDGE('',*,*,#1659,.T.);
#1793 = ORIENTED_EDGE('',*,*,#1690,.T.);
#1794 = ORIENTED_EDGE('',*,*,#1721,.T.);
#1795 = ORIENTED_EDGE('',*,*,#1752,.T.);
#1796 = PLANE('',#1797);
#1797 = AXIS2_PLACEMENT_3D('',#1798,#1799,#1800);
#1798 = CARTESIAN_POINT('',(2.333841378819,0.845,0.280742594362));
#1799 = DIRECTION('',(0.,1.,0.));
#1800 = DIRECTION('',(0.,-0.,1.));
#1801 = ( GEOMETRIC_REPRESENTATION_CONTEXT(3) 
GLOBAL_UNCERTAINTY_ASSIGNED_CONTEXT((#1805)) 
GLOBAL_UNIT_ASSIGNED_CONTEXT((#1802,#1803,#1804)) REPRESENTATION_CONTEXT
('Context #1','3D Context with UNIT and UNCERTAINTY') );
#1802 = ( LENGTH_UNIT() NAMED_UNIT(*) SI_UNIT(.MILLI.,.METRE.) );
#1803 = ( NAMED_UNIT(*) PLANE_ANGLE_UNIT() SI_UNIT($,.RADIAN.) );
#1804 = ( NAMED_UNIT(*) SI_UNIT($,.STERADIAN.) SOLID_ANGLE_UNIT() );
#1805 = UNCERTAINTY_MEASURE_WITH_UNIT(LENGTH_MEASURE(1.E-07),#1802,
  'distance_accuracy_value','confusion accuracy');
#1806 = CONTEXT_DEPENDENT_SHAPE_REPRESENTATION(#1807,#1809);
#1807 = ( REPRESENTATION_RELATIONSHIP('','',#1518,#10) 
REPRESENTATION_RELATIONSHIP_WITH_TRANSFORMATION(#1808) 
SHAPE_REPRESENTATION_RELATIONSHIP() );
#1808 = ITEM_DEFINED_TRANSFORMATION('','',#11,#39);
#1809 = PRODUCT_DEFINITION_SHAPE('Placement','Placement of an item',
  #1810);
#1810 = NEXT_ASSEMBLY_USAGE_OCCURRENCE('87','Lead_7','',#5,#1513,$);
#1811 = PRODUCT_RELATED_PRODUCT_CATEGORY('part',$,(#1515));
#1812 = SHAPE_DEFINITION_REPRESENTATION(#1813,#1819);
#1813 = PRODUCT_DEFINITION_SHAPE('','',#1814);
#1814 = PRODUCT_DEFINITION('design','',#1815,#1818);
#1815 = PRODUCT_DEFINITION_FORMATION('','',#1816);
#1816 = PRODUCT('Lead_3','Lead_3','',(#1817));
#1817 = PRODUCT_CONTEXT('',#2,'mechanical');
#1818 = PRODUCT_DEFINITION_CONTEXT('part definition',#2,'design');
#1819 = ADVANCED_BREP_SHAPE_REPRESENTATION('',(#11,#1820),#2102);
#1820 = MANIFOLD_SOLID_BREP('',#1821);
#1821 = CLOSED_SHELL('',(#1822,#1862,#1893,#1924,#1955,#1986,#2017,#2048
    ,#2070,#2086));
#1822 = ADVANCED_FACE('',(#1823),#1857,.T.);
#1823 = FACE_BOUND('',#1824,.T.);
#1824 = EDGE_LOOP('',(#1825,#1835,#1843,#1851));
#1825 = ORIENTED_EDGE('',*,*,#1826,.T.);
#1826 = EDGE_CURVE('',#1827,#1829,#1831,.T.);
#1827 = VERTEX_POINT('',#1828);
#1828 = CARTESIAN_POINT('',(-1.89,-0.845,0.855));
#1829 = VERTEX_POINT('',#1830);
#1830 = CARTESIAN_POINT('',(-1.89,-0.425,0.855));
#1831 = LINE('',#1832,#1833);
#1832 = CARTESIAN_POINT('',(-1.89,-0.845,0.855));
#1833 = VECTOR('',#1834,1.);
#1834 = DIRECTION('',(0.,1.,0.));
#1835 = ORIENTED_EDGE('',*,*,#1836,.T.);
#1836 = EDGE_CURVE('',#1829,#1837,#1839,.T.);
#1837 = VERTEX_POINT('',#1838);
#1838 = CARTESIAN_POINT('',(-1.97,-0.425,0.855));
#1839 = LINE('',#1840,#1841);
#1840 = CARTESIAN_POINT('',(-1.89,-0.425,0.855));
#1841 = VECTOR('',#1842,1.);
#1842 = DIRECTION('',(-1.,0.,0.));
#1843 = ORIENTED_EDGE('',*,*,#1844,.F.);
#1844 = EDGE_CURVE('',#1845,#1837,#1847,.T.);
#1845 = VERTEX_POINT('',#1846);
#1846 = CARTESIAN_POINT('',(-1.97,-0.845,0.855));
#1847 = LINE('',#1848,#1849);
#1848 = CARTESIAN_POINT('',(-1.97,-0.845,0.855));
#1849 = VECTOR('',#1850,1.);
#1850 = DIRECTION('',(0.,1.,0.));
#1851 = ORIENTED_EDGE('',*,*,#1852,.F.);
#1852 = EDGE_CURVE('',#1827,#1845,#1853,.T.);
#1853 = LINE('',#1854,#1855);
#1854 = CARTESIAN_POINT('',(-1.89,-0.845,0.855));
#1855 = VECTOR('',#1856,1.);
#1856 = DIRECTION('',(-1.,0.,0.));
#1857 = PLANE('',#1858);
#1858 = AXIS2_PLACEMENT_3D('',#1859,#1860,#1861);
#1859 = CARTESIAN_POINT('',(-1.89,-0.845,0.855));
#1860 = DIRECTION('',(0.,-0.,1.));
#1861 = DIRECTION('',(-1.,0.,0.));
#1862 = ADVANCED_FACE('',(#1863),#1888,.T.);
#1863 = FACE_BOUND('',#1864,.T.);
#1864 = EDGE_LOOP('',(#1865,#1866,#1874,#1882));
#1865 = ORIENTED_EDGE('',*,*,#1844,.T.);
#1866 = ORIENTED_EDGE('',*,*,#1867,.T.);
#1867 = EDGE_CURVE('',#1837,#1868,#1870,.T.);
#1868 = VERTEX_POINT('',#1869);
#1869 = CARTESIAN_POINT('',(-2.165,-0.425,0.21));
#1870 = LINE('',#1871,#1872);
#1871 = CARTESIAN_POINT('',(-1.97,-0.425,0.855));
#1872 = VECTOR('',#1873,1.);
#1873 = DIRECTION('',(-0.289389501276,0.,-0.957211427299));
#1874 = ORIENTED_EDGE('',*,*,#1875,.F.);
#1875 = EDGE_CURVE('',#1876,#1868,#1878,.T.);
#1876 = VERTEX_POINT('',#1877);
#1877 = CARTESIAN_POINT('',(-2.165,-0.845,0.21));
#1878 = LINE('',#1879,#1880);
#1879 = CARTESIAN_POINT('',(-2.165,-0.845,0.21));
#1880 = VECTOR('',#1881,1.);
#1881 = DIRECTION('',(0.,1.,0.));
#1882 = ORIENTED_EDGE('',*,*,#1883,.F.);
#1883 = EDGE_CURVE('',#1845,#1876,#1884,.T.);
#1884 = LINE('',#1885,#1886);
#1885 = CARTESIAN_POINT('',(-1.97,-0.845,0.855));
#1886 = VECTOR('',#1887,1.);
#1887 = DIRECTION('',(-0.289389501276,0.,-0.957211427299));
#1888 = PLANE('',#1889);
#1889 = AXIS2_PLACEMENT_3D('',#1890,#1891,#1892);
#1890 = CARTESIAN_POINT('',(-1.97,-0.845,0.855));
#1891 = DIRECTION('',(-0.957211427299,0.,0.289389501276));
#1892 = DIRECTION('',(-0.289389501276,0.,-0.957211427299));
#1893 = ADVANCED_FACE('',(#1894),#1919,.T.);
#1894 = FACE_BOUND('',#1895,.T.);
#1895 = EDGE_LOOP('',(#1896,#1897,#1905,#1913));
#1896 = ORIENTED_EDGE('',*,*,#1875,.T.);
#1897 = ORIENTED_EDGE('',*,*,#1898,.T.);
#1898 = EDGE_CURVE('',#1868,#1899,#1901,.T.);
#1899 = VERTEX_POINT('',#1900);
#1900 = CARTESIAN_POINT('',(-3.,-0.425,0.21));
#1901 = LINE('',#1902,#1903);
#1902 = CARTESIAN_POINT('',(-2.165,-0.425,0.21));
#1903 = VECTOR('',#1904,1.);
#1904 = DIRECTION('',(-1.,0.,0.));
#1905 = ORIENTED_EDGE('',*,*,#1906,.F.);
#1906 = EDGE_CURVE('',#1907,#1899,#1909,.T.);
#1907 = VERTEX_POINT('',#1908);
#1908 = CARTESIAN_POINT('',(-3.,-0.845,0.21));
#1909 = LINE('',#1910,#1911);
#1910 = CARTESIAN_POINT('',(-3.,-0.845,0.21));
#1911 = VECTOR('',#1912,1.);
#1912 = DIRECTION('',(0.,1.,0.));
#1913 = ORIENTED_EDGE('',*,*,#1914,.F.);
#1914 = EDGE_CURVE('',#1876,#1907,#1915,.T.);
#1915 = LINE('',#1916,#1917);
#1916 = CARTESIAN_POINT('',(-2.165,-0.845,0.21));
#1917 = VECTOR('',#1918,1.);
#1918 = DIRECTION('',(-1.,0.,0.));
#1919 = PLANE('',#1920);
#1920 = AXIS2_PLACEMENT_3D('',#1921,#1922,#1923);
#1921 = CARTESIAN_POINT('',(-2.165,-0.845,0.21));
#1922 = DIRECTION('',(0.,-0.,1.));
#1923 = DIRECTION('',(-1.,0.,0.));
#1924 = ADVANCED_FACE('',(#1925),#1950,.T.);
#1925 = FACE_BOUND('',#1926,.T.);
#1926 = EDGE_LOOP('',(#1927,#1928,#1936,#1944));
#1927 = ORIENTED_EDGE('',*,*,#1906,.T.);
#1928 = ORIENTED_EDGE('',*,*,#1929,.T.);
#1929 = EDGE_CURVE('',#1899,#1930,#1932,.T.);
#1930 = VERTEX_POINT('',#1931);
#1931 = CARTESIAN_POINT('',(-3.,-0.425,0.));
#1932 = LINE('',#1933,#1934);
#1933 = CARTESIAN_POINT('',(-3.,-0.425,0.21));
#1934 = VECTOR('',#1935,1.);
#1935 = DIRECTION('',(0.,0.,-1.));
#1936 = ORIENTED_EDGE('',*,*,#1937,.F.);
#1937 = EDGE_CURVE('',#1938,#1930,#1940,.T.);
#1938 = VERTEX_POINT('',#1939);
#1939 = CARTESIAN_POINT('',(-3.,-0.845,0.));
#1940 = LINE('',#1941,#1942);
#1941 = CARTESIAN_POINT('',(-3.,-0.845,0.));
#1942 = VECTOR('',#1943,1.);
#1943 = DIRECTION('',(0.,1.,0.));
#1944 = ORIENTED_EDGE('',*,*,#1945,.F.);
#1945 = EDGE_CURVE('',#1907,#1938,#1946,.T.);
#1946 = LINE('',#1947,#1948);
#1947 = CARTESIAN_POINT('',(-3.,-0.845,0.21));
#1948 = VECTOR('',#1949,1.);
#1949 = DIRECTION('',(0.,0.,-1.));
#1950 = PLANE('',#1951);
#1951 = AXIS2_PLACEMENT_3D('',#1952,#1953,#1954);
#1952 = CARTESIAN_POINT('',(-3.,-0.845,0.21));
#1953 = DIRECTION('',(-1.,0.,0.));
#1954 = DIRECTION('',(0.,0.,-1.));
#1955 = ADVANCED_FACE('',(#1956),#1981,.T.);
#1956 = FACE_BOUND('',#1957,.T.);
#1957 = EDGE_LOOP('',(#1958,#1959,#1967,#1975));
#1958 = ORIENTED_EDGE('',*,*,#1937,.T.);
#1959 = ORIENTED_EDGE('',*,*,#1960,.T.);
#1960 = EDGE_CURVE('',#1930,#1961,#1963,.T.);
#1961 = VERTEX_POINT('',#1962);
#1962 = CARTESIAN_POINT('',(-2.085,-0.425,0.));
#1963 = LINE('',#1964,#1965);
#1964 = CARTESIAN_POINT('',(-3.,-0.425,0.));
#1965 = VECTOR('',#1966,1.);
#1966 = DIRECTION('',(1.,0.,0.));
#1967 = ORIENTED_EDGE('',*,*,#1968,.F.);
#1968 = EDGE_CURVE('',#1969,#1961,#1971,.T.);
#1969 = VERTEX_POINT('',#1970);
#1970 = CARTESIAN_POINT('',(-2.085,-0.845,0.));
#1971 = LINE('',#1972,#1973);
#1972 = CARTESIAN_POINT('',(-2.085,-0.845,0.));
#1973 = VECTOR('',#1974,1.);
#1974 = DIRECTION('',(0.,1.,0.));
#1975 = ORIENTED_EDGE('',*,*,#1976,.F.);
#1976 = EDGE_CURVE('',#1938,#1969,#1977,.T.);
#1977 = LINE('',#1978,#1979);
#1978 = CARTESIAN_POINT('',(-3.,-0.845,0.));
#1979 = VECTOR('',#1980,1.);
#1980 = DIRECTION('',(1.,0.,0.));
#1981 = PLANE('',#1982);
#1982 = AXIS2_PLACEMENT_3D('',#1983,#1984,#1985);
#1983 = CARTESIAN_POINT('',(-3.,-0.845,0.));
#1984 = DIRECTION('',(0.,0.,-1.));
#1985 = DIRECTION('',(1.,0.,0.));
#1986 = ADVANCED_FACE('',(#1987),#2012,.T.);
#1987 = FACE_BOUND('',#1988,.T.);
#1988 = EDGE_LOOP('',(#1989,#1990,#1998,#2006));
#1989 = ORIENTED_EDGE('',*,*,#1968,.T.);
#1990 = ORIENTED_EDGE('',*,*,#1991,.T.);
#1991 = EDGE_CURVE('',#1961,#1992,#1994,.T.);
#1992 = VERTEX_POINT('',#1993);
#1993 = CARTESIAN_POINT('',(-1.92,-0.425,0.645));
#1994 = LINE('',#1995,#1996);
#1995 = CARTESIAN_POINT('',(-2.085,-0.425,0.));
#1996 = VECTOR('',#1997,1.);
#1997 = DIRECTION('',(0.247833249983,0.,0.968802704478));
#1998 = ORIENTED_EDGE('',*,*,#1999,.F.);
#1999 = EDGE_CURVE('',#2000,#1992,#2002,.T.);
#2000 = VERTEX_POINT('',#2001);
#2001 = CARTESIAN_POINT('',(-1.92,-0.845,0.645));
#2002 = LINE('',#2003,#2004);
#2003 = CARTESIAN_POINT('',(-1.92,-0.845,0.645));
#2004 = VECTOR('',#2005,1.);
#2005 = DIRECTION('',(0.,1.,0.));
#2006 = ORIENTED_EDGE('',*,*,#2007,.F.);
#2007 = EDGE_CURVE('',#1969,#2000,#2008,.T.);
#2008 = LINE('',#2009,#2010);
#2009 = CARTESIAN_POINT('',(-2.085,-0.845,0.));
#2010 = VECTOR('',#2011,1.);
#2011 = DIRECTION('',(0.247833249983,0.,0.968802704478));
#2012 = PLANE('',#2013);
#2013 = AXIS2_PLACEMENT_3D('',#2014,#2015,#2016);
#2014 = CARTESIAN_POINT('',(-2.085,-0.845,0.));
#2015 = DIRECTION('',(0.968802704478,0.,-0.247833249983));
#2016 = DIRECTION('',(0.247833249983,0.,0.968802704478));
#2017 = ADVANCED_FACE('',(#2018),#2043,.T.);
#2018 = FACE_BOUND('',#2019,.T.);
#2019 = EDGE_LOOP('',(#2020,#2021,#2029,#2037));
#2020 = ORIENTED_EDGE('',*,*,#1999,.T.);
#2021 = ORIENTED_EDGE('',*,*,#2022,.T.);
#2022 = EDGE_CURVE('',#1992,#2023,#2025,.T.);
#2023 = VERTEX_POINT('',#2024);
#2024 = CARTESIAN_POINT('',(-1.89,-0.425,0.645));
#2025 = LINE('',#2026,#2027);
#2026 = CARTESIAN_POINT('',(-1.92,-0.425,0.645));
#2027 = VECTOR('',#2028,1.);
#2028 = DIRECTION('',(1.,0.,0.));
#2029 = ORIENTED_EDGE('',*,*,#2030,.F.);
#2030 = EDGE_CURVE('',#2031,#2023,#2033,.T.);
#2031 = VERTEX_POINT('',#2032);
#2032 = CARTESIAN_POINT('',(-1.89,-0.845,0.645));
#2033 = LINE('',#2034,#2035);
#2034 = CARTESIAN_POINT('',(-1.89,-0.845,0.645));
#2035 = VECTOR('',#2036,1.);
#2036 = DIRECTION('',(0.,1.,0.));
#2037 = ORIENTED_EDGE('',*,*,#2038,.F.);
#2038 = EDGE_CURVE('',#2000,#2031,#2039,.T.);
#2039 = LINE('',#2040,#2041);
#2040 = CARTESIAN_POINT('',(-1.92,-0.845,0.645));
#2041 = VECTOR('',#2042,1.);
#2042 = DIRECTION('',(1.,0.,0.));
#2043 = PLANE('',#2044);
#2044 = AXIS2_PLACEMENT_3D('',#2045,#2046,#2047);
#2045 = CARTESIAN_POINT('',(-1.92,-0.845,0.645));
#2046 = DIRECTION('',(0.,0.,-1.));
#2047 = DIRECTION('',(1.,0.,0.));
#2048 = ADVANCED_FACE('',(#2049),#2065,.T.);
#2049 = FACE_BOUND('',#2050,.T.);
#2050 = EDGE_LOOP('',(#2051,#2052,#2058,#2059));
#2051 = ORIENTED_EDGE('',*,*,#2030,.T.);
#2052 = ORIENTED_EDGE('',*,*,#2053,.T.);
#2053 = EDGE_CURVE('',#2023,#1829,#2054,.T.);
#2054 = LINE('',#2055,#2056);
#2055 = CARTESIAN_POINT('',(-1.89,-0.425,0.645));
#2056 = VECTOR('',#2057,1.);
#2057 = DIRECTION('',(0.,0.,1.));
#2058 = ORIENTED_EDGE('',*,*,#1826,.F.);
#2059 = ORIENTED_EDGE('',*,*,#2060,.F.);
#2060 = EDGE_CURVE('',#2031,#1827,#2061,.T.);
#2061 = LINE('',#2062,#2063);
#2062 = CARTESIAN_POINT('',(-1.89,-0.845,0.645));
#2063 = VECTOR('',#2064,1.);
#2064 = DIRECTION('',(0.,0.,1.));
#2065 = PLANE('',#2066);
#2066 = AXIS2_PLACEMENT_3D('',#2067,#2068,#2069);
#2067 = CARTESIAN_POINT('',(-1.89,-0.845,0.645));
#2068 = DIRECTION('',(1.,0.,0.));
#2069 = DIRECTION('',(0.,0.,1.));
#2070 = ADVANCED_FACE('',(#2071),#2081,.T.);
#2071 = FACE_BOUND('',#2072,.T.);
#2072 = EDGE_LOOP('',(#2073,#2074,#2075,#2076,#2077,#2078,#2079,#2080));
#2073 = ORIENTED_EDGE('',*,*,#1852,.T.);
#2074 = ORIENTED_EDGE('',*,*,#1883,.T.);
#2075 = ORIENTED_EDGE('',*,*,#1914,.T.);
#2076 = ORIENTED_EDGE('',*,*,#1945,.T.);
#2077 = ORIENTED_EDGE('',*,*,#1976,.T.);
#2078 = ORIENTED_EDGE('',*,*,#2007,.T.);
#2079 = ORIENTED_EDGE('',*,*,#2038,.T.);
#2080 = ORIENTED_EDGE('',*,*,#2060,.T.);
#2081 = PLANE('',#2082);
#2082 = AXIS2_PLACEMENT_3D('',#2083,#2084,#2085);
#2083 = CARTESIAN_POINT('',(-2.333841378819,-0.845,0.280742594362));
#2084 = DIRECTION('',(-0.,-1.,-0.));
#2085 = DIRECTION('',(0.,0.,-1.));
#2086 = ADVANCED_FACE('',(#2087),#2097,.F.);
#2087 = FACE_BOUND('',#2088,.F.);
#2088 = EDGE_LOOP('',(#2089,#2090,#2091,#2092,#2093,#2094,#2095,#2096));
#2089 = ORIENTED_EDGE('',*,*,#1836,.T.);
#2090 = ORIENTED_EDGE('',*,*,#1867,.T.);
#2091 = ORIENTED_EDGE('',*,*,#1898,.T.);
#2092 = ORIENTED_EDGE('',*,*,#1929,.T.);
#2093 = ORIENTED_EDGE('',*,*,#1960,.T.);
#2094 = ORIENTED_EDGE('',*,*,#1991,.T.);
#2095 = ORIENTED_EDGE('',*,*,#2022,.T.);
#2096 = ORIENTED_EDGE('',*,*,#2053,.T.);
#2097 = PLANE('',#2098);
#2098 = AXIS2_PLACEMENT_3D('',#2099,#2100,#2101);
#2099 = CARTESIAN_POINT('',(-2.333841378819,-0.425,0.280742594362));
#2100 = DIRECTION('',(-0.,-1.,-0.));
#2101 = DIRECTION('',(0.,0.,-1.));
#2102 = ( GEOMETRIC_REPRESENTATION_CONTEXT(3) 
GLOBAL_UNCERTAINTY_ASSIGNED_CONTEXT((#2106)) 
GLOBAL_UNIT_ASSIGNED_CONTEXT((#2103,#2104,#2105)) REPRESENTATION_CONTEXT
('Context #1','3D Context with UNIT and UNCERTAINTY') );
#2103 = ( LENGTH_UNIT() NAMED_UNIT(*) SI_UNIT(.MILLI.,.METRE.) );
#2104 = ( NAMED_UNIT(*) PLANE_ANGLE_UNIT() SI_UNIT($,.RADIAN.) );
#2105 = ( NAMED_UNIT(*) SI_UNIT($,.STERADIAN.) SOLID_ANGLE_UNIT() );
#2106 = UNCERTAINTY_MEASURE_WITH_UNIT(LENGTH_MEASURE(1.E-07),#2103,
  'distance_accuracy_value','confusion accuracy');
#2107 = CONTEXT_DEPENDENT_SHAPE_REPRESENTATION(#2108,#2110);
#2108 = ( REPRESENTATION_RELATIONSHIP('','',#1819,#10) 
REPRESENTATION_RELATIONSHIP_WITH_TRANSFORMATION(#2109) 
SHAPE_REPRESENTATION_RELATIONSHIP() );
#2109 = ITEM_DEFINED_TRANSFORMATION('','',#11,#43);
#2110 = PRODUCT_DEFINITION_SHAPE('Placement','Placement of an item',
  #2111);
#2111 = NEXT_ASSEMBLY_USAGE_OCCURRENCE('88','Lead_3','',#5,#1814,$);
#2112 = PRODUCT_RELATED_PRODUCT_CATEGORY('part',$,(#1816));
#2113 = SHAPE_DEFINITION_REPRESENTATION(#2114,#2120);
#2114 = PRODUCT_DEFINITION_SHAPE('','',#2115);
#2115 = PRODUCT_DEFINITION('design','',#2116,#2119);
#2116 = PRODUCT_DEFINITION_FORMATION('','',#2117);
#2117 = PRODUCT('Lead_6','Lead_6','',(#2118));
#2118 = PRODUCT_CONTEXT('',#2,'mechanical');
#2119 = PRODUCT_DEFINITION_CONTEXT('part definition',#2,'design');
#2120 = ADVANCED_BREP_SHAPE_REPRESENTATION('',(#11,#2121),#2403);
#2121 = MANIFOLD_SOLID_BREP('',#2122);
#2122 = CLOSED_SHELL('',(#2123,#2163,#2194,#2225,#2256,#2287,#2318,#2349
    ,#2371,#2387));
#2123 = ADVANCED_FACE('',(#2124),#2158,.F.);
#2124 = FACE_BOUND('',#2125,.F.);
#2125 = EDGE_LOOP('',(#2126,#2136,#2144,#2152));
#2126 = ORIENTED_EDGE('',*,*,#2127,.T.);
#2127 = EDGE_CURVE('',#2128,#2130,#2132,.T.);
#2128 = VERTEX_POINT('',#2129);
#2129 = CARTESIAN_POINT('',(1.89,-0.845,0.855));
#2130 = VERTEX_POINT('',#2131);
#2131 = CARTESIAN_POINT('',(1.89,-0.425,0.855));
#2132 = LINE('',#2133,#2134);
#2133 = CARTESIAN_POINT('',(1.89,-0.845,0.855));
#2134 = VECTOR('',#2135,1.);
#2135 = DIRECTION('',(0.,1.,0.));
#2136 = ORIENTED_EDGE('',*,*,#2137,.T.);
#2137 = EDGE_CURVE('',#2130,#2138,#2140,.T.);
#2138 = VERTEX_POINT('',#2139);
#2139 = CARTESIAN_POINT('',(1.97,-0.425,0.855));
#2140 = LINE('',#2141,#2142);
#2141 = CARTESIAN_POINT('',(1.89,-0.425,0.855));
#2142 = VECTOR('',#2143,1.);
#2143 = DIRECTION('',(1.,0.,0.));
#2144 = ORIENTED_EDGE('',*,*,#2145,.F.);
#2145 = EDGE_CURVE('',#2146,#2138,#2148,.T.);
#2146 = VERTEX_POINT('',#2147);
#2147 = CARTESIAN_POINT('',(1.97,-0.845,0.855));
#2148 = LINE('',#2149,#2150);
#2149 = CARTESIAN_POINT('',(1.97,-0.845,0.855));
#2150 = VECTOR('',#2151,1.);
#2151 = DIRECTION('',(0.,1.,0.));
#2152 = ORIENTED_EDGE('',*,*,#2153,.F.);
#2153 = EDGE_CURVE('',#2128,#2146,#2154,.T.);
#2154 = LINE('',#2155,#2156);
#2155 = CARTESIAN_POINT('',(1.89,-0.845,0.855));
#2156 = VECTOR('',#2157,1.);
#2157 = DIRECTION('',(1.,0.,0.));
#2158 = PLANE('',#2159);
#2159 = AXIS2_PLACEMENT_3D('',#2160,#2161,#2162);
#2160 = CARTESIAN_POINT('',(1.89,-0.845,0.855));
#2161 = DIRECTION('',(0.,0.,-1.));
#2162 = DIRECTION('',(1.,0.,0.));
#2163 = ADVANCED_FACE('',(#2164),#2189,.F.);
#2164 = FACE_BOUND('',#2165,.F.);
#2165 = EDGE_LOOP('',(#2166,#2167,#2175,#2183));
#2166 = ORIENTED_EDGE('',*,*,#2145,.T.);
#2167 = ORIENTED_EDGE('',*,*,#2168,.T.);
#2168 = EDGE_CURVE('',#2138,#2169,#2171,.T.);
#2169 = VERTEX_POINT('',#2170);
#2170 = CARTESIAN_POINT('',(2.165,-0.425,0.21));
#2171 = LINE('',#2172,#2173);
#2172 = CARTESIAN_POINT('',(1.97,-0.425,0.855));
#2173 = VECTOR('',#2174,1.);
#2174 = DIRECTION('',(0.289389501276,0.,-0.957211427299));
#2175 = ORIENTED_EDGE('',*,*,#2176,.F.);
#2176 = EDGE_CURVE('',#2177,#2169,#2179,.T.);
#2177 = VERTEX_POINT('',#2178);
#2178 = CARTESIAN_POINT('',(2.165,-0.845,0.21));
#2179 = LINE('',#2180,#2181);
#2180 = CARTESIAN_POINT('',(2.165,-0.845,0.21));
#2181 = VECTOR('',#2182,1.);
#2182 = DIRECTION('',(0.,1.,0.));
#2183 = ORIENTED_EDGE('',*,*,#2184,.F.);
#2184 = EDGE_CURVE('',#2146,#2177,#2185,.T.);
#2185 = LINE('',#2186,#2187);
#2186 = CARTESIAN_POINT('',(1.97,-0.845,0.855));
#2187 = VECTOR('',#2188,1.);
#2188 = DIRECTION('',(0.289389501276,0.,-0.957211427299));
#2189 = PLANE('',#2190);
#2190 = AXIS2_PLACEMENT_3D('',#2191,#2192,#2193);
#2191 = CARTESIAN_POINT('',(1.97,-0.845,0.855));
#2192 = DIRECTION('',(-0.957211427299,0.,-0.289389501276));
#2193 = DIRECTION('',(0.289389501276,0.,-0.957211427299));
#2194 = ADVANCED_FACE('',(#2195),#2220,.F.);
#2195 = FACE_BOUND('',#2196,.F.);
#2196 = EDGE_LOOP('',(#2197,#2198,#2206,#2214));
#2197 = ORIENTED_EDGE('',*,*,#2176,.T.);
#2198 = ORIENTED_EDGE('',*,*,#2199,.T.);
#2199 = EDGE_CURVE('',#2169,#2200,#2202,.T.);
#2200 = VERTEX_POINT('',#2201);
#2201 = CARTESIAN_POINT('',(3.,-0.425,0.21));
#2202 = LINE('',#2203,#2204);
#2203 = CARTESIAN_POINT('',(2.165,-0.425,0.21));
#2204 = VECTOR('',#2205,1.);
#2205 = DIRECTION('',(1.,0.,0.));
#2206 = ORIENTED_EDGE('',*,*,#2207,.F.);
#2207 = EDGE_CURVE('',#2208,#2200,#2210,.T.);
#2208 = VERTEX_POINT('',#2209);
#2209 = CARTESIAN_POINT('',(3.,-0.845,0.21));
#2210 = LINE('',#2211,#2212);
#2211 = CARTESIAN_POINT('',(3.,-0.845,0.21));
#2212 = VECTOR('',#2213,1.);
#2213 = DIRECTION('',(0.,1.,0.));
#2214 = ORIENTED_EDGE('',*,*,#2215,.F.);
#2215 = EDGE_CURVE('',#2177,#2208,#2216,.T.);
#2216 = LINE('',#2217,#2218);
#2217 = CARTESIAN_POINT('',(2.165,-0.845,0.21));
#2218 = VECTOR('',#2219,1.);
#2219 = DIRECTION('',(1.,0.,0.));
#2220 = PLANE('',#2221);
#2221 = AXIS2_PLACEMENT_3D('',#2222,#2223,#2224);
#2222 = CARTESIAN_POINT('',(2.165,-0.845,0.21));
#2223 = DIRECTION('',(0.,0.,-1.));
#2224 = DIRECTION('',(1.,0.,0.));
#2225 = ADVANCED_FACE('',(#2226),#2251,.F.);
#2226 = FACE_BOUND('',#2227,.F.);
#2227 = EDGE_LOOP('',(#2228,#2229,#2237,#2245));
#2228 = ORIENTED_EDGE('',*,*,#2207,.T.);
#2229 = ORIENTED_EDGE('',*,*,#2230,.T.);
#2230 = EDGE_CURVE('',#2200,#2231,#2233,.T.);
#2231 = VERTEX_POINT('',#2232);
#2232 = CARTESIAN_POINT('',(3.,-0.425,0.));
#2233 = LINE('',#2234,#2235);
#2234 = CARTESIAN_POINT('',(3.,-0.425,0.21));
#2235 = VECTOR('',#2236,1.);
#2236 = DIRECTION('',(0.,0.,-1.));
#2237 = ORIENTED_EDGE('',*,*,#2238,.F.);
#2238 = EDGE_CURVE('',#2239,#2231,#2241,.T.);
#2239 = VERTEX_POINT('',#2240);
#2240 = CARTESIAN_POINT('',(3.,-0.845,0.));
#2241 = LINE('',#2242,#2243);
#2242 = CARTESIAN_POINT('',(3.,-0.845,0.));
#2243 = VECTOR('',#2244,1.);
#2244 = DIRECTION('',(0.,1.,0.));
#2245 = ORIENTED_EDGE('',*,*,#2246,.F.);
#2246 = EDGE_CURVE('',#2208,#2239,#2247,.T.);
#2247 = LINE('',#2248,#2249);
#2248 = CARTESIAN_POINT('',(3.,-0.845,0.21));
#2249 = VECTOR('',#2250,1.);
#2250 = DIRECTION('',(0.,0.,-1.));
#2251 = PLANE('',#2252);
#2252 = AXIS2_PLACEMENT_3D('',#2253,#2254,#2255);
#2253 = CARTESIAN_POINT('',(3.,-0.845,0.21));
#2254 = DIRECTION('',(-1.,0.,0.));
#2255 = DIRECTION('',(0.,0.,-1.));
#2256 = ADVANCED_FACE('',(#2257),#2282,.F.);
#2257 = FACE_BOUND('',#2258,.F.);
#2258 = EDGE_LOOP('',(#2259,#2260,#2268,#2276));
#2259 = ORIENTED_EDGE('',*,*,#2238,.T.);
#2260 = ORIENTED_EDGE('',*,*,#2261,.T.);
#2261 = EDGE_CURVE('',#2231,#2262,#2264,.T.);
#2262 = VERTEX_POINT('',#2263);
#2263 = CARTESIAN_POINT('',(2.085,-0.425,0.));
#2264 = LINE('',#2265,#2266);
#2265 = CARTESIAN_POINT('',(3.,-0.425,0.));
#2266 = VECTOR('',#2267,1.);
#2267 = DIRECTION('',(-1.,0.,0.));
#2268 = ORIENTED_EDGE('',*,*,#2269,.F.);
#2269 = EDGE_CURVE('',#2270,#2262,#2272,.T.);
#2270 = VERTEX_POINT('',#2271);
#2271 = CARTESIAN_POINT('',(2.085,-0.845,0.));
#2272 = LINE('',#2273,#2274);
#2273 = CARTESIAN_POINT('',(2.085,-0.845,0.));
#2274 = VECTOR('',#2275,1.);
#2275 = DIRECTION('',(0.,1.,0.));
#2276 = ORIENTED_EDGE('',*,*,#2277,.F.);
#2277 = EDGE_CURVE('',#2239,#2270,#2278,.T.);
#2278 = LINE('',#2279,#2280);
#2279 = CARTESIAN_POINT('',(3.,-0.845,0.));
#2280 = VECTOR('',#2281,1.);
#2281 = DIRECTION('',(-1.,0.,0.));
#2282 = PLANE('',#2283);
#2283 = AXIS2_PLACEMENT_3D('',#2284,#2285,#2286);
#2284 = CARTESIAN_POINT('',(3.,-0.845,0.));
#2285 = DIRECTION('',(0.,-0.,1.));
#2286 = DIRECTION('',(-1.,0.,0.));
#2287 = ADVANCED_FACE('',(#2288),#2313,.F.);
#2288 = FACE_BOUND('',#2289,.F.);
#2289 = EDGE_LOOP('',(#2290,#2291,#2299,#2307));
#2290 = ORIENTED_EDGE('',*,*,#2269,.T.);
#2291 = ORIENTED_EDGE('',*,*,#2292,.T.);
#2292 = EDGE_CURVE('',#2262,#2293,#2295,.T.);
#2293 = VERTEX_POINT('',#2294);
#2294 = CARTESIAN_POINT('',(1.92,-0.425,0.645));
#2295 = LINE('',#2296,#2297);
#2296 = CARTESIAN_POINT('',(2.085,-0.425,0.));
#2297 = VECTOR('',#2298,1.);
#2298 = DIRECTION('',(-0.247833249983,0.,0.968802704478));
#2299 = ORIENTED_EDGE('',*,*,#2300,.F.);
#2300 = EDGE_CURVE('',#2301,#2293,#2303,.T.);
#2301 = VERTEX_POINT('',#2302);
#2302 = CARTESIAN_POINT('',(1.92,-0.845,0.645));
#2303 = LINE('',#2304,#2305);
#2304 = CARTESIAN_POINT('',(1.92,-0.845,0.645));
#2305 = VECTOR('',#2306,1.);
#2306 = DIRECTION('',(0.,1.,0.));
#2307 = ORIENTED_EDGE('',*,*,#2308,.F.);
#2308 = EDGE_CURVE('',#2270,#2301,#2309,.T.);
#2309 = LINE('',#2310,#2311);
#2310 = CARTESIAN_POINT('',(2.085,-0.845,0.));
#2311 = VECTOR('',#2312,1.);
#2312 = DIRECTION('',(-0.247833249983,0.,0.968802704478));
#2313 = PLANE('',#2314);
#2314 = AXIS2_PLACEMENT_3D('',#2315,#2316,#2317);
#2315 = CARTESIAN_POINT('',(2.085,-0.845,0.));
#2316 = DIRECTION('',(0.968802704478,-0.,0.247833249983));
#2317 = DIRECTION('',(-0.247833249983,0.,0.968802704478));
#2318 = ADVANCED_FACE('',(#2319),#2344,.F.);
#2319 = FACE_BOUND('',#2320,.F.);
#2320 = EDGE_LOOP('',(#2321,#2322,#2330,#2338));
#2321 = ORIENTED_EDGE('',*,*,#2300,.T.);
#2322 = ORIENTED_EDGE('',*,*,#2323,.T.);
#2323 = EDGE_CURVE('',#2293,#2324,#2326,.T.);
#2324 = VERTEX_POINT('',#2325);
#2325 = CARTESIAN_POINT('',(1.89,-0.425,0.645));
#2326 = LINE('',#2327,#2328);
#2327 = CARTESIAN_POINT('',(1.92,-0.425,0.645));
#2328 = VECTOR('',#2329,1.);
#2329 = DIRECTION('',(-1.,0.,0.));
#2330 = ORIENTED_EDGE('',*,*,#2331,.F.);
#2331 = EDGE_CURVE('',#2332,#2324,#2334,.T.);
#2332 = VERTEX_POINT('',#2333);
#2333 = CARTESIAN_POINT('',(1.89,-0.845,0.645));
#2334 = LINE('',#2335,#2336);
#2335 = CARTESIAN_POINT('',(1.89,-0.845,0.645));
#2336 = VECTOR('',#2337,1.);
#2337 = DIRECTION('',(0.,1.,0.));
#2338 = ORIENTED_EDGE('',*,*,#2339,.F.);
#2339 = EDGE_CURVE('',#2301,#2332,#2340,.T.);
#2340 = LINE('',#2341,#2342);
#2341 = CARTESIAN_POINT('',(1.92,-0.845,0.645));
#2342 = VECTOR('',#2343,1.);
#2343 = DIRECTION('',(-1.,0.,0.));
#2344 = PLANE('',#2345);
#2345 = AXIS2_PLACEMENT_3D('',#2346,#2347,#2348);
#2346 = CARTESIAN_POINT('',(1.92,-0.845,0.645));
#2347 = DIRECTION('',(0.,-0.,1.));
#2348 = DIRECTION('',(-1.,0.,0.));
#2349 = ADVANCED_FACE('',(#2350),#2366,.F.);
#2350 = FACE_BOUND('',#2351,.F.);
#2351 = EDGE_LOOP('',(#2352,#2353,#2359,#2360));
#2352 = ORIENTED_EDGE('',*,*,#2331,.T.);
#2353 = ORIENTED_EDGE('',*,*,#2354,.T.);
#2354 = EDGE_CURVE('',#2324,#2130,#2355,.T.);
#2355 = LINE('',#2356,#2357);
#2356 = CARTESIAN_POINT('',(1.89,-0.425,0.645));
#2357 = VECTOR('',#2358,1.);
#2358 = DIRECTION('',(0.,0.,1.));
#2359 = ORIENTED_EDGE('',*,*,#2127,.F.);
#2360 = ORIENTED_EDGE('',*,*,#2361,.F.);
#2361 = EDGE_CURVE('',#2332,#2128,#2362,.T.);
#2362 = LINE('',#2363,#2364);
#2363 = CARTESIAN_POINT('',(1.89,-0.845,0.645));
#2364 = VECTOR('',#2365,1.);
#2365 = DIRECTION('',(0.,0.,1.));
#2366 = PLANE('',#2367);
#2367 = AXIS2_PLACEMENT_3D('',#2368,#2369,#2370);
#2368 = CARTESIAN_POINT('',(1.89,-0.845,0.645));
#2369 = DIRECTION('',(1.,0.,0.));
#2370 = DIRECTION('',(0.,0.,1.));
#2371 = ADVANCED_FACE('',(#2372),#2382,.F.);
#2372 = FACE_BOUND('',#2373,.F.);
#2373 = EDGE_LOOP('',(#2374,#2375,#2376,#2377,#2378,#2379,#2380,#2381));
#2374 = ORIENTED_EDGE('',*,*,#2153,.T.);
#2375 = ORIENTED_EDGE('',*,*,#2184,.T.);
#2376 = ORIENTED_EDGE('',*,*,#2215,.T.);
#2377 = ORIENTED_EDGE('',*,*,#2246,.T.);
#2378 = ORIENTED_EDGE('',*,*,#2277,.T.);
#2379 = ORIENTED_EDGE('',*,*,#2308,.T.);
#2380 = ORIENTED_EDGE('',*,*,#2339,.T.);
#2381 = ORIENTED_EDGE('',*,*,#2361,.T.);
#2382 = PLANE('',#2383);
#2383 = AXIS2_PLACEMENT_3D('',#2384,#2385,#2386);
#2384 = CARTESIAN_POINT('',(2.333841378819,-0.845,0.280742594362));
#2385 = DIRECTION('',(0.,1.,0.));
#2386 = DIRECTION('',(0.,-0.,1.));
#2387 = ADVANCED_FACE('',(#2388),#2398,.T.);
#2388 = FACE_BOUND('',#2389,.T.);
#2389 = EDGE_LOOP('',(#2390,#2391,#2392,#2393,#2394,#2395,#2396,#2397));
#2390 = ORIENTED_EDGE('',*,*,#2137,.T.);
#2391 = ORIENTED_EDGE('',*,*,#2168,.T.);
#2392 = ORIENTED_EDGE('',*,*,#2199,.T.);
#2393 = ORIENTED_EDGE('',*,*,#2230,.T.);
#2394 = ORIENTED_EDGE('',*,*,#2261,.T.);
#2395 = ORIENTED_EDGE('',*,*,#2292,.T.);
#2396 = ORIENTED_EDGE('',*,*,#2323,.T.);
#2397 = ORIENTED_EDGE('',*,*,#2354,.T.);
#2398 = PLANE('',#2399);
#2399 = AXIS2_PLACEMENT_3D('',#2400,#2401,#2402);
#2400 = CARTESIAN_POINT('',(2.333841378819,-0.425,0.280742594362));
#2401 = DIRECTION('',(0.,1.,0.));
#2402 = DIRECTION('',(0.,-0.,1.));
#2403 = ( GEOMETRIC_REPRESENTATION_CONTEXT(3) 
GLOBAL_UNCERTAINTY_ASSIGNED_CONTEXT((#2407)) 
GLOBAL_UNIT_ASSIGNED_CONTEXT((#2404,#2405,#2406)) REPRESENTATION_CONTEXT
('Context #1','3D Context with UNIT and UNCERTAINTY') );
#2404 = ( LENGTH_UNIT() NAMED_UNIT(*) SI_UNIT(.MILLI.,.METRE.) );
#2405 = ( NAMED_UNIT(*) PLANE_ANGLE_UNIT() SI_UNIT($,.RADIAN.) );
#2406 = ( NAMED_UNIT(*) SI_UNIT($,.STERADIAN.) SOLID_ANGLE_UNIT() );
#2407 = UNCERTAINTY_MEASURE_WITH_UNIT(LENGTH_MEASURE(1.E-07),#2404,
  'distance_accuracy_value','confusion accuracy');
#2408 = CONTEXT_DEPENDENT_SHAPE_REPRESENTATION(#2409,#2411);
#2409 = ( REPRESENTATION_RELATIONSHIP('','',#2120,#10) 
REPRESENTATION_RELATIONSHIP_WITH_TRANSFORMATION(#2410) 
SHAPE_REPRESENTATION_RELATIONSHIP() );
#2410 = ITEM_DEFINED_TRANSFORMATION('','',#11,#47);
#2411 = PRODUCT_DEFINITION_SHAPE('Placement','Placement of an item',
  #2412);
#2412 = NEXT_ASSEMBLY_USAGE_OCCURRENCE('89','Lead_6','',#5,#2115,$);
#2413 = PRODUCT_RELATED_PRODUCT_CATEGORY('part',$,(#2117));
#2414 = SHAPE_DEFINITION_REPRESENTATION(#2415,#2421);
#2415 = PRODUCT_DEFINITION_SHAPE('','',#2416);
#2416 = PRODUCT_DEFINITION('design','',#2417,#2420);
#2417 = PRODUCT_DEFINITION_FORMATION('','',#2418);
#2418 = PRODUCT('Lead_4','Lead_4','',(#2419));
#2419 = PRODUCT_CONTEXT('',#2,'mechanical');
#2420 = PRODUCT_DEFINITION_CONTEXT('part definition',#2,'design');
#2421 = ADVANCED_BREP_SHAPE_REPRESENTATION('',(#11,#2422),#2704);
#2422 = MANIFOLD_SOLID_BREP('',#2423);
#2423 = CLOSED_SHELL('',(#2424,#2464,#2495,#2526,#2557,#2588,#2619,#2650
    ,#2672,#2688));
#2424 = ADVANCED_FACE('',(#2425),#2459,.T.);
#2425 = FACE_BOUND('',#2426,.T.);
#2426 = EDGE_LOOP('',(#2427,#2437,#2445,#2453));
#2427 = ORIENTED_EDGE('',*,*,#2428,.T.);
#2428 = EDGE_CURVE('',#2429,#2431,#2433,.T.);
#2429 = VERTEX_POINT('',#2430);
#2430 = CARTESIAN_POINT('',(-1.89,-2.115,0.855));
#2431 = VERTEX_POINT('',#2432);
#2432 = CARTESIAN_POINT('',(-1.89,-1.695,0.855));
#2433 = LINE('',#2434,#2435);
#2434 = CARTESIAN_POINT('',(-1.89,-2.115,0.855));
#2435 = VECTOR('',#2436,1.);
#2436 = DIRECTION('',(0.,1.,0.));
#2437 = ORIENTED_EDGE('',*,*,#2438,.T.);
#2438 = EDGE_CURVE('',#2431,#2439,#2441,.T.);
#2439 = VERTEX_POINT('',#2440);
#2440 = CARTESIAN_POINT('',(-1.97,-1.695,0.855));
#2441 = LINE('',#2442,#2443);
#2442 = CARTESIAN_POINT('',(-1.89,-1.695,0.855));
#2443 = VECTOR('',#2444,1.);
#2444 = DIRECTION('',(-1.,0.,0.));
#2445 = ORIENTED_EDGE('',*,*,#2446,.F.);
#2446 = EDGE_CURVE('',#2447,#2439,#2449,.T.);
#2447 = VERTEX_POINT('',#2448);
#2448 = CARTESIAN_POINT('',(-1.97,-2.115,0.855));
#2449 = LINE('',#2450,#2451);
#2450 = CARTESIAN_POINT('',(-1.97,-2.115,0.855));
#2451 = VECTOR('',#2452,1.);
#2452 = DIRECTION('',(0.,1.,0.));
#2453 = ORIENTED_EDGE('',*,*,#2454,.F.);
#2454 = EDGE_CURVE('',#2429,#2447,#2455,.T.);
#2455 = LINE('',#2456,#2457);
#2456 = CARTESIAN_POINT('',(-1.89,-2.115,0.855));
#2457 = VECTOR('',#2458,1.);
#2458 = DIRECTION('',(-1.,0.,0.));
#2459 = PLANE('',#2460);
#2460 = AXIS2_PLACEMENT_3D('',#2461,#2462,#2463);
#2461 = CARTESIAN_POINT('',(-1.89,-2.115,0.855));
#2462 = DIRECTION('',(0.,-0.,1.));
#2463 = DIRECTION('',(-1.,0.,0.));
#2464 = ADVANCED_FACE('',(#2465),#2490,.T.);
#2465 = FACE_BOUND('',#2466,.T.);
#2466 = EDGE_LOOP('',(#2467,#2468,#2476,#2484));
#2467 = ORIENTED_EDGE('',*,*,#2446,.T.);
#2468 = ORIENTED_EDGE('',*,*,#2469,.T.);
#2469 = EDGE_CURVE('',#2439,#2470,#2472,.T.);
#2470 = VERTEX_POINT('',#2471);
#2471 = CARTESIAN_POINT('',(-2.165,-1.695,0.21));
#2472 = LINE('',#2473,#2474);
#2473 = CARTESIAN_POINT('',(-1.97,-1.695,0.855));
#2474 = VECTOR('',#2475,1.);
#2475 = DIRECTION('',(-0.289389501276,0.,-0.957211427299));
#2476 = ORIENTED_EDGE('',*,*,#2477,.F.);
#2477 = EDGE_CURVE('',#2478,#2470,#2480,.T.);
#2478 = VERTEX_POINT('',#2479);
#2479 = CARTESIAN_POINT('',(-2.165,-2.115,0.21));
#2480 = LINE('',#2481,#2482);
#2481 = CARTESIAN_POINT('',(-2.165,-2.115,0.21));
#2482 = VECTOR('',#2483,1.);
#2483 = DIRECTION('',(0.,1.,0.));
#2484 = ORIENTED_EDGE('',*,*,#2485,.F.);
#2485 = EDGE_CURVE('',#2447,#2478,#2486,.T.);
#2486 = LINE('',#2487,#2488);
#2487 = CARTESIAN_POINT('',(-1.97,-2.115,0.855));
#2488 = VECTOR('',#2489,1.);
#2489 = DIRECTION('',(-0.289389501276,0.,-0.957211427299));
#2490 = PLANE('',#2491);
#2491 = AXIS2_PLACEMENT_3D('',#2492,#2493,#2494);
#2492 = CARTESIAN_POINT('',(-1.97,-2.115,0.855));
#2493 = DIRECTION('',(-0.957211427299,0.,0.289389501276));
#2494 = DIRECTION('',(-0.289389501276,0.,-0.957211427299));
#2495 = ADVANCED_FACE('',(#2496),#2521,.T.);
#2496 = FACE_BOUND('',#2497,.T.);
#2497 = EDGE_LOOP('',(#2498,#2499,#2507,#2515));
#2498 = ORIENTED_EDGE('',*,*,#2477,.T.);
#2499 = ORIENTED_EDGE('',*,*,#2500,.T.);
#2500 = EDGE_CURVE('',#2470,#2501,#2503,.T.);
#2501 = VERTEX_POINT('',#2502);
#2502 = CARTESIAN_POINT('',(-3.,-1.695,0.21));
#2503 = LINE('',#2504,#2505);
#2504 = CARTESIAN_POINT('',(-2.165,-1.695,0.21));
#2505 = VECTOR('',#2506,1.);
#2506 = DIRECTION('',(-1.,0.,0.));
#2507 = ORIENTED_EDGE('',*,*,#2508,.F.);
#2508 = EDGE_CURVE('',#2509,#2501,#2511,.T.);
#2509 = VERTEX_POINT('',#2510);
#2510 = CARTESIAN_POINT('',(-3.,-2.115,0.21));
#2511 = LINE('',#2512,#2513);
#2512 = CARTESIAN_POINT('',(-3.,-2.115,0.21));
#2513 = VECTOR('',#2514,1.);
#2514 = DIRECTION('',(0.,1.,0.));
#2515 = ORIENTED_EDGE('',*,*,#2516,.F.);
#2516 = EDGE_CURVE('',#2478,#2509,#2517,.T.);
#2517 = LINE('',#2518,#2519);
#2518 = CARTESIAN_POINT('',(-2.165,-2.115,0.21));
#2519 = VECTOR('',#2520,1.);
#2520 = DIRECTION('',(-1.,0.,0.));
#2521 = PLANE('',#2522);
#2522 = AXIS2_PLACEMENT_3D('',#2523,#2524,#2525);
#2523 = CARTESIAN_POINT('',(-2.165,-2.115,0.21));
#2524 = DIRECTION('',(0.,-0.,1.));
#2525 = DIRECTION('',(-1.,0.,0.));
#2526 = ADVANCED_FACE('',(#2527),#2552,.T.);
#2527 = FACE_BOUND('',#2528,.T.);
#2528 = EDGE_LOOP('',(#2529,#2530,#2538,#2546));
#2529 = ORIENTED_EDGE('',*,*,#2508,.T.);
#2530 = ORIENTED_EDGE('',*,*,#2531,.T.);
#2531 = EDGE_CURVE('',#2501,#2532,#2534,.T.);
#2532 = VERTEX_POINT('',#2533);
#2533 = CARTESIAN_POINT('',(-3.,-1.695,0.));
#2534 = LINE('',#2535,#2536);
#2535 = CARTESIAN_POINT('',(-3.,-1.695,0.21));
#2536 = VECTOR('',#2537,1.);
#2537 = DIRECTION('',(0.,0.,-1.));
#2538 = ORIENTED_EDGE('',*,*,#2539,.F.);
#2539 = EDGE_CURVE('',#2540,#2532,#2542,.T.);
#2540 = VERTEX_POINT('',#2541);
#2541 = CARTESIAN_POINT('',(-3.,-2.115,0.));
#2542 = LINE('',#2543,#2544);
#2543 = CARTESIAN_POINT('',(-3.,-2.115,0.));
#2544 = VECTOR('',#2545,1.);
#2545 = DIRECTION('',(0.,1.,0.));
#2546 = ORIENTED_EDGE('',*,*,#2547,.F.);
#2547 = EDGE_CURVE('',#2509,#2540,#2548,.T.);
#2548 = LINE('',#2549,#2550);
#2549 = CARTESIAN_POINT('',(-3.,-2.115,0.21));
#2550 = VECTOR('',#2551,1.);
#2551 = DIRECTION('',(0.,0.,-1.));
#2552 = PLANE('',#2553);
#2553 = AXIS2_PLACEMENT_3D('',#2554,#2555,#2556);
#2554 = CARTESIAN_POINT('',(-3.,-2.115,0.21));
#2555 = DIRECTION('',(-1.,0.,0.));
#2556 = DIRECTION('',(0.,0.,-1.));
#2557 = ADVANCED_FACE('',(#2558),#2583,.T.);
#2558 = FACE_BOUND('',#2559,.T.);
#2559 = EDGE_LOOP('',(#2560,#2561,#2569,#2577));
#2560 = ORIENTED_EDGE('',*,*,#2539,.T.);
#2561 = ORIENTED_EDGE('',*,*,#2562,.T.);
#2562 = EDGE_CURVE('',#2532,#2563,#2565,.T.);
#2563 = VERTEX_POINT('',#2564);
#2564 = CARTESIAN_POINT('',(-2.085,-1.695,0.));
#2565 = LINE('',#2566,#2567);
#2566 = CARTESIAN_POINT('',(-3.,-1.695,0.));
#2567 = VECTOR('',#2568,1.);
#2568 = DIRECTION('',(1.,0.,0.));
#2569 = ORIENTED_EDGE('',*,*,#2570,.F.);
#2570 = EDGE_CURVE('',#2571,#2563,#2573,.T.);
#2571 = VERTEX_POINT('',#2572);
#2572 = CARTESIAN_POINT('',(-2.085,-2.115,0.));
#2573 = LINE('',#2574,#2575);
#2574 = CARTESIAN_POINT('',(-2.085,-2.115,0.));
#2575 = VECTOR('',#2576,1.);
#2576 = DIRECTION('',(0.,1.,0.));
#2577 = ORIENTED_EDGE('',*,*,#2578,.F.);
#2578 = EDGE_CURVE('',#2540,#2571,#2579,.T.);
#2579 = LINE('',#2580,#2581);
#2580 = CARTESIAN_POINT('',(-3.,-2.115,0.));
#2581 = VECTOR('',#2582,1.);
#2582 = DIRECTION('',(1.,0.,0.));
#2583 = PLANE('',#2584);
#2584 = AXIS2_PLACEMENT_3D('',#2585,#2586,#2587);
#2585 = CARTESIAN_POINT('',(-3.,-2.115,0.));
#2586 = DIRECTION('',(0.,0.,-1.));
#2587 = DIRECTION('',(1.,0.,0.));
#2588 = ADVANCED_FACE('',(#2589),#2614,.T.);
#2589 = FACE_BOUND('',#2590,.T.);
#2590 = EDGE_LOOP('',(#2591,#2592,#2600,#2608));
#2591 = ORIENTED_EDGE('',*,*,#2570,.T.);
#2592 = ORIENTED_EDGE('',*,*,#2593,.T.);
#2593 = EDGE_CURVE('',#2563,#2594,#2596,.T.);
#2594 = VERTEX_POINT('',#2595);
#2595 = CARTESIAN_POINT('',(-1.92,-1.695,0.645));
#2596 = LINE('',#2597,#2598);
#2597 = CARTESIAN_POINT('',(-2.085,-1.695,0.));
#2598 = VECTOR('',#2599,1.);
#2599 = DIRECTION('',(0.247833249983,0.,0.968802704478));
#2600 = ORIENTED_EDGE('',*,*,#2601,.F.);
#2601 = EDGE_CURVE('',#2602,#2594,#2604,.T.);
#2602 = VERTEX_POINT('',#2603);
#2603 = CARTESIAN_POINT('',(-1.92,-2.115,0.645));
#2604 = LINE('',#2605,#2606);
#2605 = CARTESIAN_POINT('',(-1.92,-2.115,0.645));
#2606 = VECTOR('',#2607,1.);
#2607 = DIRECTION('',(0.,1.,0.));
#2608 = ORIENTED_EDGE('',*,*,#2609,.F.);
#2609 = EDGE_CURVE('',#2571,#2602,#2610,.T.);
#2610 = LINE('',#2611,#2612);
#2611 = CARTESIAN_POINT('',(-2.085,-2.115,0.));
#2612 = VECTOR('',#2613,1.);
#2613 = DIRECTION('',(0.247833249983,0.,0.968802704478));
#2614 = PLANE('',#2615);
#2615 = AXIS2_PLACEMENT_3D('',#2616,#2617,#2618);
#2616 = CARTESIAN_POINT('',(-2.085,-2.115,0.));
#2617 = DIRECTION('',(0.968802704478,0.,-0.247833249983));
#2618 = DIRECTION('',(0.247833249983,0.,0.968802704478));
#2619 = ADVANCED_FACE('',(#2620),#2645,.T.);
#2620 = FACE_BOUND('',#2621,.T.);
#2621 = EDGE_LOOP('',(#2622,#2623,#2631,#2639));
#2622 = ORIENTED_EDGE('',*,*,#2601,.T.);
#2623 = ORIENTED_EDGE('',*,*,#2624,.T.);
#2624 = EDGE_CURVE('',#2594,#2625,#2627,.T.);
#2625 = VERTEX_POINT('',#2626);
#2626 = CARTESIAN_POINT('',(-1.89,-1.695,0.645));
#2627 = LINE('',#2628,#2629);
#2628 = CARTESIAN_POINT('',(-1.92,-1.695,0.645));
#2629 = VECTOR('',#2630,1.);
#2630 = DIRECTION('',(1.,0.,0.));
#2631 = ORIENTED_EDGE('',*,*,#2632,.F.);
#2632 = EDGE_CURVE('',#2633,#2625,#2635,.T.);
#2633 = VERTEX_POINT('',#2634);
#2634 = CARTESIAN_POINT('',(-1.89,-2.115,0.645));
#2635 = LINE('',#2636,#2637);
#2636 = CARTESIAN_POINT('',(-1.89,-2.115,0.645));
#2637 = VECTOR('',#2638,1.);
#2638 = DIRECTION('',(0.,1.,0.));
#2639 = ORIENTED_EDGE('',*,*,#2640,.F.);
#2640 = EDGE_CURVE('',#2602,#2633,#2641,.T.);
#2641 = LINE('',#2642,#2643);
#2642 = CARTESIAN_POINT('',(-1.92,-2.115,0.645));
#2643 = VECTOR('',#2644,1.);
#2644 = DIRECTION('',(1.,0.,0.));
#2645 = PLANE('',#2646);
#2646 = AXIS2_PLACEMENT_3D('',#2647,#2648,#2649);
#2647 = CARTESIAN_POINT('',(-1.92,-2.115,0.645));
#2648 = DIRECTION('',(0.,0.,-1.));
#2649 = DIRECTION('',(1.,0.,0.));
#2650 = ADVANCED_FACE('',(#2651),#2667,.T.);
#2651 = FACE_BOUND('',#2652,.T.);
#2652 = EDGE_LOOP('',(#2653,#2654,#2660,#2661));
#2653 = ORIENTED_EDGE('',*,*,#2632,.T.);
#2654 = ORIENTED_EDGE('',*,*,#2655,.T.);
#2655 = EDGE_CURVE('',#2625,#2431,#2656,.T.);
#2656 = LINE('',#2657,#2658);
#2657 = CARTESIAN_POINT('',(-1.89,-1.695,0.645));
#2658 = VECTOR('',#2659,1.);
#2659 = DIRECTION('',(0.,0.,1.));
#2660 = ORIENTED_EDGE('',*,*,#2428,.F.);
#2661 = ORIENTED_EDGE('',*,*,#2662,.F.);
#2662 = EDGE_CURVE('',#2633,#2429,#2663,.T.);
#2663 = LINE('',#2664,#2665);
#2664 = CARTESIAN_POINT('',(-1.89,-2.115,0.645));
#2665 = VECTOR('',#2666,1.);
#2666 = DIRECTION('',(0.,0.,1.));
#2667 = PLANE('',#2668);
#2668 = AXIS2_PLACEMENT_3D('',#2669,#2670,#2671);
#2669 = CARTESIAN_POINT('',(-1.89,-2.115,0.645));
#2670 = DIRECTION('',(1.,0.,0.));
#2671 = DIRECTION('',(0.,0.,1.));
#2672 = ADVANCED_FACE('',(#2673),#2683,.T.);
#2673 = FACE_BOUND('',#2674,.T.);
#2674 = EDGE_LOOP('',(#2675,#2676,#2677,#2678,#2679,#2680,#2681,#2682));
#2675 = ORIENTED_EDGE('',*,*,#2454,.T.);
#2676 = ORIENTED_EDGE('',*,*,#2485,.T.);
#2677 = ORIENTED_EDGE('',*,*,#2516,.T.);
#2678 = ORIENTED_EDGE('',*,*,#2547,.T.);
#2679 = ORIENTED_EDGE('',*,*,#2578,.T.);
#2680 = ORIENTED_EDGE('',*,*,#2609,.T.);
#2681 = ORIENTED_EDGE('',*,*,#2640,.T.);
#2682 = ORIENTED_EDGE('',*,*,#2662,.T.);
#2683 = PLANE('',#2684);
#2684 = AXIS2_PLACEMENT_3D('',#2685,#2686,#2687);
#2685 = CARTESIAN_POINT('',(-2.333841378819,-2.115,0.280742594362));
#2686 = DIRECTION('',(-0.,-1.,-0.));
#2687 = DIRECTION('',(0.,0.,-1.));
#2688 = ADVANCED_FACE('',(#2689),#2699,.F.);
#2689 = FACE_BOUND('',#2690,.F.);
#2690 = EDGE_LOOP('',(#2691,#2692,#2693,#2694,#2695,#2696,#2697,#2698));
#2691 = ORIENTED_EDGE('',*,*,#2438,.T.);
#2692 = ORIENTED_EDGE('',*,*,#2469,.T.);
#2693 = ORIENTED_EDGE('',*,*,#2500,.T.);
#2694 = ORIENTED_EDGE('',*,*,#2531,.T.);
#2695 = ORIENTED_EDGE('',*,*,#2562,.T.);
#2696 = ORIENTED_EDGE('',*,*,#2593,.T.);
#2697 = ORIENTED_EDGE('',*,*,#2624,.T.);
#2698 = ORIENTED_EDGE('',*,*,#2655,.T.);
#2699 = PLANE('',#2700);
#2700 = AXIS2_PLACEMENT_3D('',#2701,#2702,#2703);
#2701 = CARTESIAN_POINT('',(-2.333841378819,-1.695,0.280742594362));
#2702 = DIRECTION('',(-0.,-1.,-0.));
#2703 = DIRECTION('',(0.,0.,-1.));
#2704 = ( GEOMETRIC_REPRESENTATION_CONTEXT(3) 
GLOBAL_UNCERTAINTY_ASSIGNED_CONTEXT((#2708)) 
GLOBAL_UNIT_ASSIGNED_CONTEXT((#2705,#2706,#2707)) REPRESENTATION_CONTEXT
('Context #1','3D Context with UNIT and UNCERTAINTY') );
#2705 = ( LENGTH_UNIT() NAMED_UNIT(*) SI_UNIT(.MILLI.,.METRE.) );
#2706 = ( NAMED_UNIT(*) PLANE_ANGLE_UNIT() SI_UNIT($,.RADIAN.) );
#2707 = ( NAMED_UNIT(*) SI_UNIT($,.STERADIAN.) SOLID_ANGLE_UNIT() );
#2708 = UNCERTAINTY_MEASURE_WITH_UNIT(LENGTH_MEASURE(1.E-07),#2705,
  'distance_accuracy_value','confusion accuracy');
#2709 = CONTEXT_DEPENDENT_SHAPE_REPRESENTATION(#2710,#2712);
#2710 = ( REPRESENTATION_RELATIONSHIP('','',#2421,#10) 
REPRESENTATION_RELATIONSHIP_WITH_TRANSFORMATION(#2711) 
SHAPE_REPRESENTATION_RELATIONSHIP() );
#2711 = ITEM_DEFINED_TRANSFORMATION('','',#11,#51);
#2712 = PRODUCT_DEFINITION_SHAPE('Placement','Placement of an item',
  #2713);
#2713 = NEXT_ASSEMBLY_USAGE_OCCURRENCE('90','Lead_4','',#5,#2416,$);
#2714 = PRODUCT_RELATED_PRODUCT_CATEGORY('part',$,(#2418));
#2715 = SHAPE_DEFINITION_REPRESENTATION(#2716,#2722);
#2716 = PRODUCT_DEFINITION_SHAPE('','',#2717);
#2717 = PRODUCT_DEFINITION('design','',#2718,#2721);
#2718 = PRODUCT_DEFINITION_FORMATION('','',#2719);
#2719 = PRODUCT('Lead_5','Lead_5','',(#2720));
#2720 = PRODUCT_CONTEXT('',#2,'mechanical');
#2721 = PRODUCT_DEFINITION_CONTEXT('part definition',#2,'design');
#2722 = ADVANCED_BREP_SHAPE_REPRESENTATION('',(#11,#2723),#3005);
#2723 = MANIFOLD_SOLID_BREP('',#2724);
#2724 = CLOSED_SHELL('',(#2725,#2765,#2796,#2827,#2858,#2889,#2920,#2951
    ,#2973,#2989));
#2725 = ADVANCED_FACE('',(#2726),#2760,.F.);
#2726 = FACE_BOUND('',#2727,.F.);
#2727 = EDGE_LOOP('',(#2728,#2738,#2746,#2754));
#2728 = ORIENTED_EDGE('',*,*,#2729,.T.);
#2729 = EDGE_CURVE('',#2730,#2732,#2734,.T.);
#2730 = VERTEX_POINT('',#2731);
#2731 = CARTESIAN_POINT('',(1.89,-2.115,0.855));
#2732 = VERTEX_POINT('',#2733);
#2733 = CARTESIAN_POINT('',(1.89,-1.695,0.855));
#2734 = LINE('',#2735,#2736);
#2735 = CARTESIAN_POINT('',(1.89,-2.115,0.855));
#2736 = VECTOR('',#2737,1.);
#2737 = DIRECTION('',(0.,1.,0.));
#2738 = ORIENTED_EDGE('',*,*,#2739,.T.);
#2739 = EDGE_CURVE('',#2732,#2740,#2742,.T.);
#2740 = VERTEX_POINT('',#2741);
#2741 = CARTESIAN_POINT('',(1.97,-1.695,0.855));
#2742 = LINE('',#2743,#2744);
#2743 = CARTESIAN_POINT('',(1.89,-1.695,0.855));
#2744 = VECTOR('',#2745,1.);
#2745 = DIRECTION('',(1.,0.,0.));
#2746 = ORIENTED_EDGE('',*,*,#2747,.F.);
#2747 = EDGE_CURVE('',#2748,#2740,#2750,.T.);
#2748 = VERTEX_POINT('',#2749);
#2749 = CARTESIAN_POINT('',(1.97,-2.115,0.855));
#2750 = LINE('',#2751,#2752);
#2751 = CARTESIAN_POINT('',(1.97,-2.115,0.855));
#2752 = VECTOR('',#2753,1.);
#2753 = DIRECTION('',(0.,1.,0.));
#2754 = ORIENTED_EDGE('',*,*,#2755,.F.);
#2755 = EDGE_CURVE('',#2730,#2748,#2756,.T.);
#2756 = LINE('',#2757,#2758);
#2757 = CARTESIAN_POINT('',(1.89,-2.115,0.855));
#2758 = VECTOR('',#2759,1.);
#2759 = DIRECTION('',(1.,0.,0.));
#2760 = PLANE('',#2761);
#2761 = AXIS2_PLACEMENT_3D('',#2762,#2763,#2764);
#2762 = CARTESIAN_POINT('',(1.89,-2.115,0.855));
#2763 = DIRECTION('',(0.,0.,-1.));
#2764 = DIRECTION('',(1.,0.,0.));
#2765 = ADVANCED_FACE('',(#2766),#2791,.F.);
#2766 = FACE_BOUND('',#2767,.F.);
#2767 = EDGE_LOOP('',(#2768,#2769,#2777,#2785));
#2768 = ORIENTED_EDGE('',*,*,#2747,.T.);
#2769 = ORIENTED_EDGE('',*,*,#2770,.T.);
#2770 = EDGE_CURVE('',#2740,#2771,#2773,.T.);
#2771 = VERTEX_POINT('',#2772);
#2772 = CARTESIAN_POINT('',(2.165,-1.695,0.21));
#2773 = LINE('',#2774,#2775);
#2774 = CARTESIAN_POINT('',(1.97,-1.695,0.855));
#2775 = VECTOR('',#2776,1.);
#2776 = DIRECTION('',(0.289389501276,0.,-0.957211427299));
#2777 = ORIENTED_EDGE('',*,*,#2778,.F.);
#2778 = EDGE_CURVE('',#2779,#2771,#2781,.T.);
#2779 = VERTEX_POINT('',#2780);
#2780 = CARTESIAN_POINT('',(2.165,-2.115,0.21));
#2781 = LINE('',#2782,#2783);
#2782 = CARTESIAN_POINT('',(2.165,-2.115,0.21));
#2783 = VECTOR('',#2784,1.);
#2784 = DIRECTION('',(0.,1.,0.));
#2785 = ORIENTED_EDGE('',*,*,#2786,.F.);
#2786 = EDGE_CURVE('',#2748,#2779,#2787,.T.);
#2787 = LINE('',#2788,#2789);
#2788 = CARTESIAN_POINT('',(1.97,-2.115,0.855));
#2789 = VECTOR('',#2790,1.);
#2790 = DIRECTION('',(0.289389501276,0.,-0.957211427299));
#2791 = PLANE('',#2792);
#2792 = AXIS2_PLACEMENT_3D('',#2793,#2794,#2795);
#2793 = CARTESIAN_POINT('',(1.97,-2.115,0.855));
#2794 = DIRECTION('',(-0.957211427299,0.,-0.289389501276));
#2795 = DIRECTION('',(0.289389501276,0.,-0.957211427299));
#2796 = ADVANCED_FACE('',(#2797),#2822,.F.);
#2797 = FACE_BOUND('',#2798,.F.);
#2798 = EDGE_LOOP('',(#2799,#2800,#2808,#2816));
#2799 = ORIENTED_EDGE('',*,*,#2778,.T.);
#2800 = ORIENTED_EDGE('',*,*,#2801,.T.);
#2801 = EDGE_CURVE('',#2771,#2802,#2804,.T.);
#2802 = VERTEX_POINT('',#2803);
#2803 = CARTESIAN_POINT('',(3.,-1.695,0.21));
#2804 = LINE('',#2805,#2806);
#2805 = CARTESIAN_POINT('',(2.165,-1.695,0.21));
#2806 = VECTOR('',#2807,1.);
#2807 = DIRECTION('',(1.,0.,0.));
#2808 = ORIENTED_EDGE('',*,*,#2809,.F.);
#2809 = EDGE_CURVE('',#2810,#2802,#2812,.T.);
#2810 = VERTEX_POINT('',#2811);
#2811 = CARTESIAN_POINT('',(3.,-2.115,0.21));
#2812 = LINE('',#2813,#2814);
#2813 = CARTESIAN_POINT('',(3.,-2.115,0.21));
#2814 = VECTOR('',#2815,1.);
#2815 = DIRECTION('',(0.,1.,0.));
#2816 = ORIENTED_EDGE('',*,*,#2817,.F.);
#2817 = EDGE_CURVE('',#2779,#2810,#2818,.T.);
#2818 = LINE('',#2819,#2820);
#2819 = CARTESIAN_POINT('',(2.165,-2.115,0.21));
#2820 = VECTOR('',#2821,1.);
#2821 = DIRECTION('',(1.,0.,0.));
#2822 = PLANE('',#2823);
#2823 = AXIS2_PLACEMENT_3D('',#2824,#2825,#2826);
#2824 = CARTESIAN_POINT('',(2.165,-2.115,0.21));
#2825 = DIRECTION('',(0.,0.,-1.));
#2826 = DIRECTION('',(1.,0.,0.));
#2827 = ADVANCED_FACE('',(#2828),#2853,.F.);
#2828 = FACE_BOUND('',#2829,.F.);
#2829 = EDGE_LOOP('',(#2830,#2831,#2839,#2847));
#2830 = ORIENTED_EDGE('',*,*,#2809,.T.);
#2831 = ORIENTED_EDGE('',*,*,#2832,.T.);
#2832 = EDGE_CURVE('',#2802,#2833,#2835,.T.);
#2833 = VERTEX_POINT('',#2834);
#2834 = CARTESIAN_POINT('',(3.,-1.695,0.));
#2835 = LINE('',#2836,#2837);
#2836 = CARTESIAN_POINT('',(3.,-1.695,0.21));
#2837 = VECTOR('',#2838,1.);
#2838 = DIRECTION('',(0.,0.,-1.));
#2839 = ORIENTED_EDGE('',*,*,#2840,.F.);
#2840 = EDGE_CURVE('',#2841,#2833,#2843,.T.);
#2841 = VERTEX_POINT('',#2842);
#2842 = CARTESIAN_POINT('',(3.,-2.115,0.));
#2843 = LINE('',#2844,#2845);
#2844 = CARTESIAN_POINT('',(3.,-2.115,0.));
#2845 = VECTOR('',#2846,1.);
#2846 = DIRECTION('',(0.,1.,0.));
#2847 = ORIENTED_EDGE('',*,*,#2848,.F.);
#2848 = EDGE_CURVE('',#2810,#2841,#2849,.T.);
#2849 = LINE('',#2850,#2851);
#2850 = CARTESIAN_POINT('',(3.,-2.115,0.21));
#2851 = VECTOR('',#2852,1.);
#2852 = DIRECTION('',(0.,0.,-1.));
#2853 = PLANE('',#2854);
#2854 = AXIS2_PLACEMENT_3D('',#2855,#2856,#2857);
#2855 = CARTESIAN_POINT('',(3.,-2.115,0.21));
#2856 = DIRECTION('',(-1.,0.,0.));
#2857 = DIRECTION('',(0.,0.,-1.));
#2858 = ADVANCED_FACE('',(#2859),#2884,.F.);
#2859 = FACE_BOUND('',#2860,.F.);
#2860 = EDGE_LOOP('',(#2861,#2862,#2870,#2878));
#2861 = ORIENTED_EDGE('',*,*,#2840,.T.);
#2862 = ORIENTED_EDGE('',*,*,#2863,.T.);
#2863 = EDGE_CURVE('',#2833,#2864,#2866,.T.);
#2864 = VERTEX_POINT('',#2865);
#2865 = CARTESIAN_POINT('',(2.085,-1.695,0.));
#2866 = LINE('',#2867,#2868);
#2867 = CARTESIAN_POINT('',(3.,-1.695,0.));
#2868 = VECTOR('',#2869,1.);
#2869 = DIRECTION('',(-1.,0.,0.));
#2870 = ORIENTED_EDGE('',*,*,#2871,.F.);
#2871 = EDGE_CURVE('',#2872,#2864,#2874,.T.);
#2872 = VERTEX_POINT('',#2873);
#2873 = CARTESIAN_POINT('',(2.085,-2.115,0.));
#2874 = LINE('',#2875,#2876);
#2875 = CARTESIAN_POINT('',(2.085,-2.115,0.));
#2876 = VECTOR('',#2877,1.);
#2877 = DIRECTION('',(0.,1.,0.));
#2878 = ORIENTED_EDGE('',*,*,#2879,.F.);
#2879 = EDGE_CURVE('',#2841,#2872,#2880,.T.);
#2880 = LINE('',#2881,#2882);
#2881 = CARTESIAN_POINT('',(3.,-2.115,0.));
#2882 = VECTOR('',#2883,1.);
#2883 = DIRECTION('',(-1.,0.,0.));
#2884 = PLANE('',#2885);
#2885 = AXIS2_PLACEMENT_3D('',#2886,#2887,#2888);
#2886 = CARTESIAN_POINT('',(3.,-2.115,0.));
#2887 = DIRECTION('',(0.,-0.,1.));
#2888 = DIRECTION('',(-1.,0.,0.));
#2889 = ADVANCED_FACE('',(#2890),#2915,.F.);
#2890 = FACE_BOUND('',#2891,.F.);
#2891 = EDGE_LOOP('',(#2892,#2893,#2901,#2909));
#2892 = ORIENTED_EDGE('',*,*,#2871,.T.);
#2893 = ORIENTED_EDGE('',*,*,#2894,.T.);
#2894 = EDGE_CURVE('',#2864,#2895,#2897,.T.);
#2895 = VERTEX_POINT('',#2896);
#2896 = CARTESIAN_POINT('',(1.92,-1.695,0.645));
#2897 = LINE('',#2898,#2899);
#2898 = CARTESIAN_POINT('',(2.085,-1.695,0.));
#2899 = VECTOR('',#2900,1.);
#2900 = DIRECTION('',(-0.247833249983,0.,0.968802704478));
#2901 = ORIENTED_EDGE('',*,*,#2902,.F.);
#2902 = EDGE_CURVE('',#2903,#2895,#2905,.T.);
#2903 = VERTEX_POINT('',#2904);
#2904 = CARTESIAN_POINT('',(1.92,-2.115,0.645));
#2905 = LINE('',#2906,#2907);
#2906 = CARTESIAN_POINT('',(1.92,-2.115,0.645));
#2907 = VECTOR('',#2908,1.);
#2908 = DIRECTION('',(0.,1.,0.));
#2909 = ORIENTED_EDGE('',*,*,#2910,.F.);
#2910 = EDGE_CURVE('',#2872,#2903,#2911,.T.);
#2911 = LINE('',#2912,#2913);
#2912 = CARTESIAN_POINT('',(2.085,-2.115,0.));
#2913 = VECTOR('',#2914,1.);
#2914 = DIRECTION('',(-0.247833249983,0.,0.968802704478));
#2915 = PLANE('',#2916);
#2916 = AXIS2_PLACEMENT_3D('',#2917,#2918,#2919);
#2917 = CARTESIAN_POINT('',(2.085,-2.115,0.));
#2918 = DIRECTION('',(0.968802704478,-0.,0.247833249983));
#2919 = DIRECTION('',(-0.247833249983,0.,0.968802704478));
#2920 = ADVANCED_FACE('',(#2921),#2946,.F.);
#2921 = FACE_BOUND('',#2922,.F.);
#2922 = EDGE_LOOP('',(#2923,#2924,#2932,#2940));
#2923 = ORIENTED_EDGE('',*,*,#2902,.T.);
#2924 = ORIENTED_EDGE('',*,*,#2925,.T.);
#2925 = EDGE_CURVE('',#2895,#2926,#2928,.T.);
#2926 = VERTEX_POINT('',#2927);
#2927 = CARTESIAN_POINT('',(1.89,-1.695,0.645));
#2928 = LINE('',#2929,#2930);
#2929 = CARTESIAN_POINT('',(1.92,-1.695,0.645));
#2930 = VECTOR('',#2931,1.);
#2931 = DIRECTION('',(-1.,0.,0.));
#2932 = ORIENTED_EDGE('',*,*,#2933,.F.);
#2933 = EDGE_CURVE('',#2934,#2926,#2936,.T.);
#2934 = VERTEX_POINT('',#2935);
#2935 = CARTESIAN_POINT('',(1.89,-2.115,0.645));
#2936 = LINE('',#2937,#2938);
#2937 = CARTESIAN_POINT('',(1.89,-2.115,0.645));
#2938 = VECTOR('',#2939,1.);
#2939 = DIRECTION('',(0.,1.,0.));
#2940 = ORIENTED_EDGE('',*,*,#2941,.F.);
#2941 = EDGE_CURVE('',#2903,#2934,#2942,.T.);
#2942 = LINE('',#2943,#2944);
#2943 = CARTESIAN_POINT('',(1.92,-2.115,0.645));
#2944 = VECTOR('',#2945,1.);
#2945 = DIRECTION('',(-1.,0.,0.));
#2946 = PLANE('',#2947);
#2947 = AXIS2_PLACEMENT_3D('',#2948,#2949,#2950);
#2948 = CARTESIAN_POINT('',(1.92,-2.115,0.645));
#2949 = DIRECTION('',(0.,-0.,1.));
#2950 = DIRECTION('',(-1.,0.,0.));
#2951 = ADVANCED_FACE('',(#2952),#2968,.F.);
#2952 = FACE_BOUND('',#2953,.F.);
#2953 = EDGE_LOOP('',(#2954,#2955,#2961,#2962));
#2954 = ORIENTED_EDGE('',*,*,#2933,.T.);
#2955 = ORIENTED_EDGE('',*,*,#2956,.T.);
#2956 = EDGE_CURVE('',#2926,#2732,#2957,.T.);
#2957 = LINE('',#2958,#2959);
#2958 = CARTESIAN_POINT('',(1.89,-1.695,0.645));
#2959 = VECTOR('',#2960,1.);
#2960 = DIRECTION('',(0.,0.,1.));
#2961 = ORIENTED_EDGE('',*,*,#2729,.F.);
#2962 = ORIENTED_EDGE('',*,*,#2963,.F.);
#2963 = EDGE_CURVE('',#2934,#2730,#2964,.T.);
#2964 = LINE('',#2965,#2966);
#2965 = CARTESIAN_POINT('',(1.89,-2.115,0.645));
#2966 = VECTOR('',#2967,1.);
#2967 = DIRECTION('',(0.,0.,1.));
#2968 = PLANE('',#2969);
#2969 = AXIS2_PLACEMENT_3D('',#2970,#2971,#2972);
#2970 = CARTESIAN_POINT('',(1.89,-2.115,0.645));
#2971 = DIRECTION('',(1.,0.,0.));
#2972 = DIRECTION('',(0.,0.,1.));
#2973 = ADVANCED_FACE('',(#2974),#2984,.F.);
#2974 = FACE_BOUND('',#2975,.F.);
#2975 = EDGE_LOOP('',(#2976,#2977,#2978,#2979,#2980,#2981,#2982,#2983));
#2976 = ORIENTED_EDGE('',*,*,#2755,.T.);
#2977 = ORIENTED_EDGE('',*,*,#2786,.T.);
#2978 = ORIENTED_EDGE('',*,*,#2817,.T.);
#2979 = ORIENTED_EDGE('',*,*,#2848,.T.);
#2980 = ORIENTED_EDGE('',*,*,#2879,.T.);
#2981 = ORIENTED_EDGE('',*,*,#2910,.T.);
#2982 = ORIENTED_EDGE('',*,*,#2941,.T.);
#2983 = ORIENTED_EDGE('',*,*,#2963,.T.);
#2984 = PLANE('',#2985);
#2985 = AXIS2_PLACEMENT_3D('',#2986,#2987,#2988);
#2986 = CARTESIAN_POINT('',(2.333841378819,-2.115,0.280742594362));
#2987 = DIRECTION('',(0.,1.,0.));
#2988 = DIRECTION('',(0.,-0.,1.));
#2989 = ADVANCED_FACE('',(#2990),#3000,.T.);
#2990 = FACE_BOUND('',#2991,.T.);
#2991 = EDGE_LOOP('',(#2992,#2993,#2994,#2995,#2996,#2997,#2998,#2999));
#2992 = ORIENTED_EDGE('',*,*,#2739,.T.);
#2993 = ORIENTED_EDGE('',*,*,#2770,.T.);
#2994 = ORIENTED_EDGE('',*,*,#2801,.T.);
#2995 = ORIENTED_EDGE('',*,*,#2832,.T.);
#2996 = ORIENTED_EDGE('',*,*,#2863,.T.);
#2997 = ORIENTED_EDGE('',*,*,#2894,.T.);
#2998 = ORIENTED_EDGE('',*,*,#2925,.T.);
#2999 = ORIENTED_EDGE('',*,*,#2956,.T.);
#3000 = PLANE('',#3001);
#3001 = AXIS2_PLACEMENT_3D('',#3002,#3003,#3004);
#3002 = CARTESIAN_POINT('',(2.333841378819,-1.695,0.280742594362));
#3003 = DIRECTION('',(0.,1.,0.));
#3004 = DIRECTION('',(0.,-0.,1.));
#3005 = ( GEOMETRIC_REPRESENTATION_CONTEXT(3) 
GLOBAL_UNCERTAINTY_ASSIGNED_CONTEXT((#3009)) 
GLOBAL_UNIT_ASSIGNED_CONTEXT((#3006,#3007,#3008)) REPRESENTATION_CONTEXT
('Context #1','3D Context with UNIT and UNCERTAINTY') );
#3006 = ( LENGTH_UNIT() NAMED_UNIT(*) SI_UNIT(.MILLI.,.METRE.) );
#3007 = ( NAMED_UNIT(*) PLANE_ANGLE_UNIT() SI_UNIT($,.RADIAN.) );
#3008 = ( NAMED_UNIT(*) SI_UNIT($,.STERADIAN.) SOLID_ANGLE_UNIT() );
#3009 = UNCERTAINTY_MEASURE_WITH_UNIT(LENGTH_MEASURE(1.E-07),#3006,
  'distance_accuracy_value','confusion accuracy');
#3010 = CONTEXT_DEPENDENT_SHAPE_REPRESENTATION(#3011,#3013);
#3011 = ( REPRESENTATION_RELATIONSHIP('','',#2722,#10) 
REPRESENTATION_RELATIONSHIP_WITH_TRANSFORMATION(#3012) 
SHAPE_REPRESENTATION_RELATIONSHIP() );
#3012 = ITEM_DEFINED_TRANSFORMATION('','',#11,#55);
#3013 = PRODUCT_DEFINITION_SHAPE('Placement','Placement of an item',
  #3014);
#3014 = NEXT_ASSEMBLY_USAGE_OCCURRENCE('91','Lead_5','',#5,#2717,$);
#3015 = PRODUCT_RELATED_PRODUCT_CATEGORY('part',$,(#2719));
#3016 = MECHANICAL_DESIGN_GEOMETRIC_PRESENTATION_REPRESENTATION('',(
    #3017),#597);
#3017 = STYLED_ITEM('color',(#3018),#447);
#3018 = PRESENTATION_STYLE_ASSIGNMENT((#3019,#3025));
#3019 = SURFACE_STYLE_USAGE(.BOTH.,#3020);
#3020 = SURFACE_SIDE_STYLE('',(#3021));
#3021 = SURFACE_STYLE_FILL_AREA(#3022);
#3022 = FILL_AREA_STYLE('',(#3023));
#3023 = FILL_AREA_STYLE_COLOUR('',#3024);
#3024 = COLOUR_RGB('',0.759999975995,0.779999965419,0.800000010877);
#3025 = CURVE_STYLE('',#3026,POSITIVE_LENGTH_MEASURE(0.1),#3024);
#3026 = DRAUGHTING_PRE_DEFINED_CURVE_FONT('continuous');
#3027 = MECHANICAL_DESIGN_GEOMETRIC_PRESENTATION_REPRESENTATION('',(
    #3028),#2102);
#3028 = STYLED_ITEM('color',(#3029),#1820);
#3029 = PRESENTATION_STYLE_ASSIGNMENT((#3030,#3035));
#3030 = SURFACE_STYLE_USAGE(.BOTH.,#3031);
#3031 = SURFACE_SIDE_STYLE('',(#3032));
#3032 = SURFACE_STYLE_FILL_AREA(#3033);
#3033 = FILL_AREA_STYLE('',(#3034));
#3034 = FILL_AREA_STYLE_COLOUR('',#3024);
#3035 = CURVE_STYLE('',#3036,POSITIVE_LENGTH_MEASURE(0.1),#3024);
#3036 = DRAUGHTING_PRE_DEFINED_CURVE_FONT('continuous');
#3037 = MECHANICAL_DESIGN_GEOMETRIC_PRESENTATION_REPRESENTATION('',(
    #3038),#3005);
#3038 = STYLED_ITEM('color',(#3039),#2723);
#3039 = PRESENTATION_STYLE_ASSIGNMENT((#3040,#3045));
#3040 = SURFACE_STYLE_USAGE(.BOTH.,#3041);
#3041 = SURFACE_SIDE_STYLE('',(#3042));
#3042 = SURFACE_STYLE_FILL_AREA(#3043);
#3043 = FILL_AREA_STYLE('',(#3044));
#3044 = FILL_AREA_STYLE_COLOUR('',#3024);
#3045 = CURVE_STYLE('',#3046,POSITIVE_LENGTH_MEASURE(0.1),#3024);
#3046 = DRAUGHTING_PRE_DEFINED_CURVE_FONT('continuous');
#3047 = MECHANICAL_DESIGN_GEOMETRIC_PRESENTATION_REPRESENTATION('',(
    #3048),#428);
#3048 = STYLED_ITEM('color',(#3049),#145);
#3049 = PRESENTATION_STYLE_ASSIGNMENT((#3050,#3056));
#3050 = SURFACE_STYLE_USAGE(.BOTH.,#3051);
#3051 = SURFACE_SIDE_STYLE('',(#3052));
#3052 = SURFACE_STYLE_FILL_AREA(#3053);
#3053 = FILL_AREA_STYLE('',(#3054));
#3054 = FILL_AREA_STYLE_COLOUR('',#3055);
#3055 = COLOUR_RGB('',0.104999995596,0.115000003281,0.125000001743);
#3056 = CURVE_STYLE('',#3057,POSITIVE_LENGTH_MEASURE(0.1),#3055);
#3057 = DRAUGHTING_PRE_DEFINED_CURVE_FONT('continuous');
#3058 = MECHANICAL_DESIGN_GEOMETRIC_PRESENTATION_REPRESENTATION('',(
    #3059),#898);
#3059 = STYLED_ITEM('color',(#3060),#616);
#3060 = PRESENTATION_STYLE_ASSIGNMENT((#3061,#3066));
#3061 = SURFACE_STYLE_USAGE(.BOTH.,#3062);
#3062 = SURFACE_SIDE_STYLE('',(#3063));
#3063 = SURFACE_STYLE_FILL_AREA(#3064);
#3064 = FILL_AREA_STYLE('',(#3065));
#3065 = FILL_AREA_STYLE_COLOUR('',#3024);
#3066 = CURVE_STYLE('',#3067,POSITIVE_LENGTH_MEASURE(0.1),#3024);
#3067 = DRAUGHTING_PRE_DEFINED_CURVE_FONT('continuous');
#3068 = MECHANICAL_DESIGN_GEOMETRIC_PRESENTATION_REPRESENTATION('',(
    #3069),#1801);
#3069 = STYLED_ITEM('color',(#3070),#1519);
#3070 = PRESENTATION_STYLE_ASSIGNMENT((#3071,#3076));
#3071 = SURFACE_STYLE_USAGE(.BOTH.,#3072);
#3072 = SURFACE_SIDE_STYLE('',(#3073));
#3073 = SURFACE_STYLE_FILL_AREA(#3074);
#3074 = FILL_AREA_STYLE('',(#3075));
#3075 = FILL_AREA_STYLE_COLOUR('',#3024);
#3076 = CURVE_STYLE('',#3077,POSITIVE_LENGTH_MEASURE(0.1),#3024);
#3077 = DRAUGHTING_PRE_DEFINED_CURVE_FONT('continuous');
#3078 = MECHANICAL_DESIGN_GEOMETRIC_PRESENTATION_REPRESENTATION('',(
    #3079),#126);
#3079 = STYLED_ITEM('color',(#3080),#73);
#3080 = PRESENTATION_STYLE_ASSIGNMENT((#3081,#3087));
#3081 = SURFACE_STYLE_USAGE(.BOTH.,#3082);
#3082 = SURFACE_SIDE_STYLE('',(#3083));
#3083 = SURFACE_STYLE_FILL_AREA(#3084);
#3084 = FILL_AREA_STYLE('',(#3085));
#3085 = FILL_AREA_STYLE_COLOUR('',#3086);
#3086 = COLOUR_RGB('',0.479999987737,0.490000003723,0.460000000054);
#3087 = CURVE_STYLE('',#3088,POSITIVE_LENGTH_MEASURE(0.1),#3086);
#3088 = DRAUGHTING_PRE_DEFINED_CURVE_FONT('continuous');
#3089 = MECHANICAL_DESIGN_GEOMETRIC_PRESENTATION_REPRESENTATION('',(
    #3090),#1199);
#3090 = STYLED_ITEM('color',(#3091),#917);
#3091 = PRESENTATION_STYLE_ASSIGNMENT((#3092,#3097));
#3092 = SURFACE_STYLE_USAGE(.BOTH.,#3093);
#3093 = SURFACE_SIDE_STYLE('',(#3094));
#3094 = SURFACE_STYLE_FILL_AREA(#3095);
#3095 = FILL_AREA_STYLE('',(#3096));
#3096 = FILL_AREA_STYLE_COLOUR('',#3024);
#3097 = CURVE_STYLE('',#3098,POSITIVE_LENGTH_MEASURE(0.1),#3024);
#3098 = DRAUGHTING_PRE_DEFINED_CURVE_FONT('continuous');
#3099 = MECHANICAL_DESIGN_GEOMETRIC_PRESENTATION_REPRESENTATION('',(
    #3100),#1500);
#3100 = STYLED_ITEM('color',(#3101),#1218);
#3101 = PRESENTATION_STYLE_ASSIGNMENT((#3102,#3107));
#3102 = SURFACE_STYLE_USAGE(.BOTH.,#3103);
#3103 = SURFACE_SIDE_STYLE('',(#3104));
#3104 = SURFACE_STYLE_FILL_AREA(#3105);
#3105 = FILL_AREA_STYLE('',(#3106));
#3106 = FILL_AREA_STYLE_COLOUR('',#3024);
#3107 = CURVE_STYLE('',#3108,POSITIVE_LENGTH_MEASURE(0.1),#3024);
#3108 = DRAUGHTING_PRE_DEFINED_CURVE_FONT('continuous');
#3109 = MECHANICAL_DESIGN_GEOMETRIC_PRESENTATION_REPRESENTATION('',(
    #3110),#2704);
#3110 = STYLED_ITEM('color',(#3111),#2422);
#3111 = PRESENTATION_STYLE_ASSIGNMENT((#3112,#3117));
#3112 = SURFACE_STYLE_USAGE(.BOTH.,#3113);
#3113 = SURFACE_SIDE_STYLE('',(#3114));
#3114 = SURFACE_STYLE_FILL_AREA(#3115);
#3115 = FILL_AREA_STYLE('',(#3116));
#3116 = FILL_AREA_STYLE_COLOUR('',#3024);
#3117 = CURVE_STYLE('',#3118,POSITIVE_LENGTH_MEASURE(0.1),#3024);
#3118 = DRAUGHTING_PRE_DEFINED_CURVE_FONT('continuous');
#3119 = MECHANICAL_DESIGN_GEOMETRIC_PRESENTATION_REPRESENTATION('',(
    #3120),#2403);
#3120 = STYLED_ITEM('color',(#3121),#2121);
#3121 = PRESENTATION_STYLE_ASSIGNMENT((#3122,#3127));
#3122 = SURFACE_STYLE_USAGE(.BOTH.,#3123);
#3123 = SURFACE_SIDE_STYLE('',(#3124));
#3124 = SURFACE_STYLE_FILL_AREA(#3125);
#3125 = FILL_AREA_STYLE('',(#3126));
#3126 = FILL_AREA_STYLE_COLOUR('',#3024);
#3127 = CURVE_STYLE('',#3128,POSITIVE_LENGTH_MEASURE(0.1),#3024);
#3128 = DRAUGHTING_PRE_DEFINED_CURVE_FONT('continuous');
ENDSEC;
END-ISO-10303-21;
