ISO-10303-21;
HEADER;
FILE_DESCRIPTION(('FreeCAD Model'),'2;1');
FILE_NAME('Open CASCADE Shape Model','2026-10-03T19:15:17',('Author'),(
    ''),'Open CASCADE STEP processor 7.8','FreeCAD','Unknown');
FILE_SCHEMA(('AUTOMOTIVE_DESIGN { 1 0 10303 214 1 1 1 1 }'));
ENDSEC;
DATA;
#1 = APPLICATION_PROTOCOL_DEFINITION('international standard',
  'automotive_design',2000,#2);
#2 = APPLICATION_CONTEXT(
  'core data for automotive mechanical design processes');
#3 = SHAPE_DEFINITION_REPRESENTATION(#4,#10);
#4 = PRODUCT_DEFINITION_SHAPE('','',#5);
#5 = PRODUCT_DEFINITION('design','',#6,#9);
#6 = PRODUCT_DEFINITION_FORMATION('','',#7);
#7 = PRODUCT('USB2514B_AEZC_QFN36_nominal','USB2514B_AEZC_QFN36_nominal'
  ,'',(#8));
#8 = PRODUCT_CONTEXT('',#2,'mechanical');
#9 = PRODUCT_DEFINITION_CONTEXT('part definition',#2,'design');
#10 = SHAPE_REPRESENTATION('',(#11,#15,#19,#23,#27,#31,#35,#39,#43,#47,
    #51,#55,#59,#63,#67,#71,#75,#79,#83,#87,#91,#95,#99,#103,#107,#111,
    #115,#119,#123,#127,#131,#135,#139,#143,#147,#151,#155,#159,#163,
    #167),#171);
#11 = AXIS2_PLACEMENT_3D('',#12,#13,#14);
#12 = CARTESIAN_POINT('',(0.,0.,0.));
#13 = DIRECTION('',(0.,0.,1.));
#14 = DIRECTION('',(1.,0.,-0.));
#15 = AXIS2_PLACEMENT_3D('',#16,#17,#18);
#16 = CARTESIAN_POINT('',(0.,0.,0.));
#17 = DIRECTION('',(0.,0.,1.));
#18 = DIRECTION('',(1.,0.,0.));
#19 = AXIS2_PLACEMENT_3D('',#20,#21,#22);
#20 = CARTESIAN_POINT('',(0.,0.,0.));
#21 = DIRECTION('',(0.,0.,1.));
#22 = DIRECTION('',(1.,0.,0.));
#23 = AXIS2_PLACEMENT_3D('',#24,#25,#26);
#24 = CARTESIAN_POINT('',(0.,0.,0.));
#25 = DIRECTION('',(0.,0.,1.));
#26 = DIRECTION('',(1.,0.,0.));
#27 = AXIS2_PLACEMENT_3D('',#28,#29,#30);
#28 = CARTESIAN_POINT('',(0.,0.,0.));
#29 = DIRECTION('',(0.,0.,1.));
#30 = DIRECTION('',(1.,0.,0.));
#31 = AXIS2_PLACEMENT_3D('',#32,#33,#34);
#32 = CARTESIAN_POINT('',(0.,0.,0.));
#33 = DIRECTION('',(0.,0.,1.));
#34 = DIRECTION('',(1.,0.,0.));
#35 = AXIS2_PLACEMENT_3D('',#36,#37,#38);
#36 = CARTESIAN_POINT('',(0.,0.,0.));
#37 = DIRECTION('',(0.,0.,1.));
#38 = DIRECTION('',(1.,0.,0.));
#39 = AXIS2_PLACEMENT_3D('',#40,#41,#42);
#40 = CARTESIAN_POINT('',(0.,0.,0.));
#41 = DIRECTION('',(0.,0.,1.));
#42 = DIRECTION('',(1.,0.,0.));
#43 = AXIS2_PLACEMENT_3D('',#44,#45,#46);
#44 = CARTESIAN_POINT('',(0.,0.,0.));
#45 = DIRECTION('',(0.,0.,1.));
#46 = DIRECTION('',(1.,0.,0.));
#47 = AXIS2_PLACEMENT_3D('',#48,#49,#50);
#48 = CARTESIAN_POINT('',(0.,0.,0.));
#49 = DIRECTION('',(0.,0.,1.));
#50 = DIRECTION('',(1.,0.,0.));
#51 = AXIS2_PLACEMENT_3D('',#52,#53,#54);
#52 = CARTESIAN_POINT('',(0.,0.,0.));
#53 = DIRECTION('',(0.,0.,1.));
#54 = DIRECTION('',(1.,0.,0.));
#55 = AXIS2_PLACEMENT_3D('',#56,#57,#58);
#56 = CARTESIAN_POINT('',(0.,0.,0.));
#57 = DIRECTION('',(0.,0.,1.));
#58 = DIRECTION('',(1.,0.,0.));
#59 = AXIS2_PLACEMENT_3D('',#60,#61,#62);
#60 = CARTESIAN_POINT('',(0.,0.,0.));
#61 = DIRECTION('',(0.,0.,1.));
#62 = DIRECTION('',(1.,0.,0.));
#63 = AXIS2_PLACEMENT_3D('',#64,#65,#66);
#64 = CARTESIAN_POINT('',(0.,0.,0.));
#65 = DIRECTION('',(0.,0.,1.));
#66 = DIRECTION('',(1.,0.,0.));
#67 = AXIS2_PLACEMENT_3D('',#68,#69,#70);
#68 = CARTESIAN_POINT('',(0.,0.,0.));
#69 = DIRECTION('',(0.,0.,1.));
#70 = DIRECTION('',(1.,0.,0.));
#71 = AXIS2_PLACEMENT_3D('',#72,#73,#74);
#72 = CARTESIAN_POINT('',(0.,0.,0.));
#73 = DIRECTION('',(0.,0.,1.));
#74 = DIRECTION('',(1.,0.,0.));
#75 = AXIS2_PLACEMENT_3D('',#76,#77,#78);
#76 = CARTESIAN_POINT('',(0.,0.,0.));
#77 = DIRECTION('',(0.,0.,1.));
#78 = DIRECTION('',(1.,0.,0.));
#79 = AXIS2_PLACEMENT_3D('',#80,#81,#82);
#80 = CARTESIAN_POINT('',(0.,0.,0.));
#81 = DIRECTION('',(0.,0.,1.));
#82 = DIRECTION('',(1.,0.,0.));
#83 = AXIS2_PLACEMENT_3D('',#84,#85,#86);
#84 = CARTESIAN_POINT('',(0.,0.,0.));
#85 = DIRECTION('',(0.,0.,1.));
#86 = DIRECTION('',(1.,0.,0.));
#87 = AXIS2_PLACEMENT_3D('',#88,#89,#90);
#88 = CARTESIAN_POINT('',(0.,0.,0.));
#89 = DIRECTION('',(0.,0.,1.));
#90 = DIRECTION('',(1.,0.,0.));
#91 = AXIS2_PLACEMENT_3D('',#92,#93,#94);
#92 = CARTESIAN_POINT('',(0.,0.,0.));
#93 = DIRECTION('',(0.,0.,1.));
#94 = DIRECTION('',(1.,0.,0.));
#95 = AXIS2_PLACEMENT_3D('',#96,#97,#98);
#96 = CARTESIAN_POINT('',(0.,0.,0.));
#97 = DIRECTION('',(0.,0.,1.));
#98 = DIRECTION('',(1.,0.,0.));
#99 = AXIS2_PLACEMENT_3D('',#100,#101,#102);
#100 = CARTESIAN_POINT('',(0.,0.,0.));
#101 = DIRECTION('',(0.,0.,1.));
#102 = DIRECTION('',(1.,0.,0.));
#103 = AXIS2_PLACEMENT_3D('',#104,#105,#106);
#104 = CARTESIAN_POINT('',(0.,0.,0.));
#105 = DIRECTION('',(0.,0.,1.));
#106 = DIRECTION('',(1.,0.,0.));
#107 = AXIS2_PLACEMENT_3D('',#108,#109,#110);
#108 = CARTESIAN_POINT('',(0.,0.,0.));
#109 = DIRECTION('',(0.,0.,1.));
#110 = DIRECTION('',(1.,0.,0.));
#111 = AXIS2_PLACEMENT_3D('',#112,#113,#114);
#112 = CARTESIAN_POINT('',(0.,0.,0.));
#113 = DIRECTION('',(0.,0.,1.));
#114 = DIRECTION('',(1.,0.,0.));
#115 = AXIS2_PLACEMENT_3D('',#116,#117,#118);
#116 = CARTESIAN_POINT('',(0.,0.,0.));
#117 = DIRECTION('',(0.,0.,1.));
#118 = DIRECTION('',(1.,0.,0.));
#119 = AXIS2_PLACEMENT_3D('',#120,#121,#122);
#120 = CARTESIAN_POINT('',(0.,0.,0.));
#121 = DIRECTION('',(0.,0.,1.));
#122 = DIRECTION('',(1.,0.,0.));
#123 = AXIS2_PLACEMENT_3D('',#124,#125,#126);
#124 = CARTESIAN_POINT('',(0.,0.,0.));
#125 = DIRECTION('',(0.,0.,1.));
#126 = DIRECTION('',(1.,0.,0.));
#127 = AXIS2_PLACEMENT_3D('',#128,#129,#130);
#128 = CARTESIAN_POINT('',(0.,0.,0.));
#129 = DIRECTION('',(0.,0.,1.));
#130 = DIRECTION('',(1.,0.,0.));
#131 = AXIS2_PLACEMENT_3D('',#132,#133,#134);
#132 = CARTESIAN_POINT('',(0.,0.,0.));
#133 = DIRECTION('',(0.,0.,1.));
#134 = DIRECTION('',(1.,0.,0.));
#135 = AXIS2_PLACEMENT_3D('',#136,#137,#138);
#136 = CARTESIAN_POINT('',(0.,0.,0.));
#137 = DIRECTION('',(0.,0.,1.));
#138 = DIRECTION('',(1.,0.,0.));
#139 = AXIS2_PLACEMENT_3D('',#140,#141,#142);
#140 = CARTESIAN_POINT('',(0.,0.,0.));
#141 = DIRECTION('',(0.,0.,1.));
#142 = DIRECTION('',(1.,0.,0.));
#143 = AXIS2_PLACEMENT_3D('',#144,#145,#146);
#144 = CARTESIAN_POINT('',(0.,0.,0.));
#145 = DIRECTION('',(0.,0.,1.));
#146 = DIRECTION('',(1.,0.,0.));
#147 = AXIS2_PLACEMENT_3D('',#148,#149,#150);
#148 = CARTESIAN_POINT('',(0.,0.,0.));
#149 = DIRECTION('',(0.,0.,1.));
#150 = DIRECTION('',(1.,0.,0.));
#151 = AXIS2_PLACEMENT_3D('',#152,#153,#154);
#152 = CARTESIAN_POINT('',(0.,0.,0.));
#153 = DIRECTION('',(0.,0.,1.));
#154 = DIRECTION('',(1.,0.,0.));
#155 = AXIS2_PLACEMENT_3D('',#156,#157,#158);
#156 = CARTESIAN_POINT('',(0.,0.,0.));
#157 = DIRECTION('',(0.,0.,1.));
#158 = DIRECTION('',(1.,0.,0.));
#159 = AXIS2_PLACEMENT_3D('',#160,#161,#162);
#160 = CARTESIAN_POINT('',(0.,0.,0.));
#161 = DIRECTION('',(0.,0.,1.));
#162 = DIRECTION('',(1.,0.,0.));
#163 = AXIS2_PLACEMENT_3D('',#164,#165,#166);
#164 = CARTESIAN_POINT('',(0.,0.,0.));
#165 = DIRECTION('',(0.,0.,1.));
#166 = DIRECTION('',(1.,0.,0.));
#167 = AXIS2_PLACEMENT_3D('',#168,#169,#170);
#168 = CARTESIAN_POINT('',(0.,0.,0.));
#169 = DIRECTION('',(0.,0.,1.));
#170 = DIRECTION('',(1.,0.,0.));
#171 = ( GEOMETRIC_REPRESENTATION_CONTEXT(3) 
GLOBAL_UNCERTAINTY_ASSIGNED_CONTEXT((#175)) GLOBAL_UNIT_ASSIGNED_CONTEXT
((#172,#173,#174)) REPRESENTATION_CONTEXT('Context #1',
  '3D Context with UNIT and UNCERTAINTY') );
#172 = ( LENGTH_UNIT() NAMED_UNIT(*) SI_UNIT(.MILLI.,.METRE.) );
#173 = ( NAMED_UNIT(*) PLANE_ANGLE_UNIT() SI_UNIT($,.RADIAN.) );
#174 = ( NAMED_UNIT(*) SI_UNIT($,.STERADIAN.) SOLID_ANGLE_UNIT() );
#175 = UNCERTAINTY_MEASURE_WITH_UNIT(LENGTH_MEASURE(1.E-07),#172,
  'distance_accuracy_value','confusion accuracy');
#176 = PRODUCT_RELATED_PRODUCT_CATEGORY('part',$,(#7));
#177 = SHAPE_DEFINITION_REPRESENTATION(#178,#184);
#178 = PRODUCT_DEFINITION_SHAPE('','',#179);
#179 = PRODUCT_DEFINITION('design','',#180,#183);
#180 = PRODUCT_DEFINITION_FORMATION('','',#181);
#181 = PRODUCT('Pin1_orientation_dot_schematic',
  'Pin1_orientation_dot_schematic','',(#182));
#182 = PRODUCT_CONTEXT('',#2,'mechanical');
#183 = PRODUCT_DEFINITION_CONTEXT('part definition',#2,'design');
#184 = ADVANCED_BREP_SHAPE_REPRESENTATION('',(#11,#185),#238);
#185 = MANIFOLD_SOLID_BREP('',#186);
#186 = CLOSED_SHELL('',(#187,#220,#229));
#187 = ADVANCED_FACE('',(#188),#215,.T.);
#188 = FACE_BOUND('',#189,.T.);
#189 = EDGE_LOOP('',(#190,#199,#207,#214));
#190 = ORIENTED_EDGE('',*,*,#191,.F.);
#191 = EDGE_CURVE('',#192,#192,#194,.T.);
#192 = VERTEX_POINT('',#193);
#193 = CARTESIAN_POINT('',(-2.3816,2.5,0.9));
#194 = CIRCLE('',#195,0.1584);
#195 = AXIS2_PLACEMENT_3D('',#196,#197,#198);
#196 = CARTESIAN_POINT('',(-2.54,2.5,0.9));
#197 = DIRECTION('',(0.,0.,1.));
#198 = DIRECTION('',(1.,0.,-0.));
#199 = ORIENTED_EDGE('',*,*,#200,.F.);
#200 = EDGE_CURVE('',#201,#192,#203,.T.);
#201 = VERTEX_POINT('',#202);
#202 = CARTESIAN_POINT('',(-2.3816,2.5,0.886));
#203 = LINE('',#204,#205);
#204 = CARTESIAN_POINT('',(-2.3816,2.5,0.886));
#205 = VECTOR('',#206,1.);
#206 = DIRECTION('',(0.,0.,1.));
#207 = ORIENTED_EDGE('',*,*,#208,.T.);
#208 = EDGE_CURVE('',#201,#201,#209,.T.);
#209 = CIRCLE('',#210,0.1584);
#210 = AXIS2_PLACEMENT_3D('',#211,#212,#213);
#211 = CARTESIAN_POINT('',(-2.54,2.5,0.886));
#212 = DIRECTION('',(0.,0.,1.));
#213 = DIRECTION('',(1.,0.,-0.));
#214 = ORIENTED_EDGE('',*,*,#200,.T.);
#215 = CYLINDRICAL_SURFACE('',#216,0.1584);
#216 = AXIS2_PLACEMENT_3D('',#217,#218,#219);
#217 = CARTESIAN_POINT('',(-2.54,2.5,0.886));
#218 = DIRECTION('',(0.,0.,1.));
#219 = DIRECTION('',(1.,0.,-0.));
#220 = ADVANCED_FACE('',(#221),#224,.T.);
#221 = FACE_BOUND('',#222,.T.);
#222 = EDGE_LOOP('',(#223));
#223 = ORIENTED_EDGE('',*,*,#191,.T.);
#224 = PLANE('',#225);
#225 = AXIS2_PLACEMENT_3D('',#226,#227,#228);
#226 = CARTESIAN_POINT('',(-2.54,2.5,0.9));
#227 = DIRECTION('',(0.,0.,1.));
#228 = DIRECTION('',(1.,0.,-0.));
#229 = ADVANCED_FACE('',(#230),#233,.F.);
#230 = FACE_BOUND('',#231,.T.);
#231 = EDGE_LOOP('',(#232));
#232 = ORIENTED_EDGE('',*,*,#208,.F.);
#233 = PLANE('',#234);
#234 = AXIS2_PLACEMENT_3D('',#235,#236,#237);
#235 = CARTESIAN_POINT('',(-2.54,2.5,0.886));
#236 = DIRECTION('',(0.,0.,1.));
#237 = DIRECTION('',(1.,0.,-0.));
#238 = ( GEOMETRIC_REPRESENTATION_CONTEXT(3) 
GLOBAL_UNCERTAINTY_ASSIGNED_CONTEXT((#242)) GLOBAL_UNIT_ASSIGNED_CONTEXT
((#239,#240,#241)) REPRESENTATION_CONTEXT('Context #1',
  '3D Context with UNIT and UNCERTAINTY') );
#239 = ( LENGTH_UNIT() NAMED_UNIT(*) SI_UNIT(.MILLI.,.METRE.) );
#240 = ( NAMED_UNIT(*) PLANE_ANGLE_UNIT() SI_UNIT($,.RADIAN.) );
#241 = ( NAMED_UNIT(*) SI_UNIT($,.STERADIAN.) SOLID_ANGLE_UNIT() );
#242 = UNCERTAINTY_MEASURE_WITH_UNIT(LENGTH_MEASURE(1.E-07),#239,
  'distance_accuracy_value','confusion accuracy');
#243 = CONTEXT_DEPENDENT_SHAPE_REPRESENTATION(#244,#246);
#244 = ( REPRESENTATION_RELATIONSHIP('','',#184,#10) 
REPRESENTATION_RELATIONSHIP_WITH_TRANSFORMATION(#245) 
SHAPE_REPRESENTATION_RELATIONSHIP() );
#245 = ITEM_DEFINED_TRANSFORMATION('','',#11,#15);
#246 = PRODUCT_DEFINITION_SHAPE('Placement','Placement of an item',#247
  );
#247 = NEXT_ASSEMBLY_USAGE_OCCURRENCE('42',
  'Pin1_orientation_dot_schematic','',#5,#179,$);
#248 = PRODUCT_RELATED_PRODUCT_CATEGORY('part',$,(#181));
#249 = SHAPE_DEFINITION_REPRESENTATION(#250,#256);
#250 = PRODUCT_DEFINITION_SHAPE('','',#251);
#251 = PRODUCT_DEFINITION('design','',#252,#255);
#252 = PRODUCT_DEFINITION_FORMATION('','',#253);
#253 = PRODUCT('Molded_body','Molded_body','',(#254));
#254 = PRODUCT_CONTEXT('',#2,'mechanical');
#255 = PRODUCT_DEFINITION_CONTEXT('part definition',#2,'design');
#256 = ADVANCED_BREP_SHAPE_REPRESENTATION('',(#11,#257),#540);
#257 = MANIFOLD_SOLID_BREP('',#258);
#258 = CLOSED_SHELL('',(#259,#297,#328,#351,#380,#403,#420,#443,#478,
    #494,#506,#531));
#259 = ADVANCED_FACE('',(#260),#292,.T.);
#260 = FACE_BOUND('',#261,.T.);
#261 = EDGE_LOOP('',(#262,#272,#279,#287));
#262 = ORIENTED_EDGE('',*,*,#263,.T.);
#263 = EDGE_CURVE('',#264,#266,#268,.T.);
#264 = VERTEX_POINT('',#265);
#265 = CARTESIAN_POINT('',(-2.91,-2.91,2.E-02));
#266 = VERTEX_POINT('',#267);
#267 = CARTESIAN_POINT('',(2.91,-2.91,2.E-02));
#268 = LINE('',#269,#270);
#269 = CARTESIAN_POINT('',(-2.91,-2.91,2.E-02));
#270 = VECTOR('',#271,1.);
#271 = DIRECTION('',(1.,0.,0.));
#272 = ORIENTED_EDGE('',*,*,#273,.T.);
#273 = EDGE_CURVE('',#266,#274,#276,.T.);
#274 = VERTEX_POINT('',#275);
#275 = CARTESIAN_POINT('',(3.,-3.,0.328));
#276 = B_SPLINE_CURVE_WITH_KNOTS('',1,(#277,#278),.UNSPECIFIED.,.F.,.F.,
  (2,2),(0.,1.),.PIECEWISE_BEZIER_KNOTS.);
#277 = CARTESIAN_POINT('',(2.91,-2.91,2.E-02));
#278 = CARTESIAN_POINT('',(3.,-3.,0.328));
#279 = ORIENTED_EDGE('',*,*,#280,.F.);
#280 = EDGE_CURVE('',#281,#274,#283,.T.);
#281 = VERTEX_POINT('',#282);
#282 = CARTESIAN_POINT('',(-3.,-3.,0.328));
#283 = LINE('',#284,#285);
#284 = CARTESIAN_POINT('',(-3.,-3.,0.328));
#285 = VECTOR('',#286,1.);
#286 = DIRECTION('',(1.,0.,0.));
#287 = ORIENTED_EDGE('',*,*,#288,.F.);
#288 = EDGE_CURVE('',#264,#281,#289,.T.);
#289 = B_SPLINE_CURVE_WITH_KNOTS('',1,(#290,#291),.UNSPECIFIED.,.F.,.F.,
  (2,2),(0.,1.),.PIECEWISE_BEZIER_KNOTS.);
#290 = CARTESIAN_POINT('',(-2.91,-2.91,2.E-02));
#291 = CARTESIAN_POINT('',(-3.,-3.,0.328));
#292 = B_SPLINE_SURFACE_WITH_KNOTS('',1,1,(
    (#293,#294)
    ,(#295,#296)),.UNSPECIFIED.,.F.,.F.,.F.,(2,2),(2,2),(0.,6.),(0.,1.),
  .PIECEWISE_BEZIER_KNOTS.);
#293 = CARTESIAN_POINT('',(-2.91,-2.91,2.E-02));
#294 = CARTESIAN_POINT('',(-3.,-3.,0.328));
#295 = CARTESIAN_POINT('',(2.91,-2.91,2.E-02));
#296 = CARTESIAN_POINT('',(3.,-3.,0.328));
#297 = ADVANCED_FACE('',(#298),#323,.T.);
#298 = FACE_BOUND('',#299,.F.);
#299 = EDGE_LOOP('',(#300,#301,#309,#317));
#300 = ORIENTED_EDGE('',*,*,#263,.T.);
#301 = ORIENTED_EDGE('',*,*,#302,.T.);
#302 = EDGE_CURVE('',#266,#303,#305,.T.);
#303 = VERTEX_POINT('',#304);
#304 = CARTESIAN_POINT('',(2.91,2.91,2.E-02));
#305 = LINE('',#306,#307);
#306 = CARTESIAN_POINT('',(2.91,-2.91,2.E-02));
#307 = VECTOR('',#308,1.);
#308 = DIRECTION('',(0.,1.,0.));
#309 = ORIENTED_EDGE('',*,*,#310,.T.);
#310 = EDGE_CURVE('',#303,#311,#313,.T.);
#311 = VERTEX_POINT('',#312);
#312 = CARTESIAN_POINT('',(-2.91,2.91,2.E-02));
#313 = LINE('',#314,#315);
#314 = CARTESIAN_POINT('',(2.91,2.91,2.E-02));
#315 = VECTOR('',#316,1.);
#316 = DIRECTION('',(-1.,0.,0.));
#317 = ORIENTED_EDGE('',*,*,#318,.T.);
#318 = EDGE_CURVE('',#311,#264,#319,.T.);
#319 = LINE('',#320,#321);
#320 = CARTESIAN_POINT('',(-2.91,2.91,2.E-02));
#321 = VECTOR('',#322,1.);
#322 = DIRECTION('',(0.,-1.,0.));
#323 = PLANE('',#324);
#324 = AXIS2_PLACEMENT_3D('',#325,#326,#327);
#325 = CARTESIAN_POINT('',(-2.91,-2.91,2.E-02));
#326 = DIRECTION('',(0.,0.,-1.));
#327 = DIRECTION('',(0.707106781187,0.707106781187,0.));
#328 = ADVANCED_FACE('',(#329),#346,.T.);
#329 = FACE_BOUND('',#330,.T.);
#330 = EDGE_LOOP('',(#331,#332,#339,#345));
#331 = ORIENTED_EDGE('',*,*,#302,.T.);
#332 = ORIENTED_EDGE('',*,*,#333,.T.);
#333 = EDGE_CURVE('',#303,#334,#336,.T.);
#334 = VERTEX_POINT('',#335);
#335 = CARTESIAN_POINT('',(3.,3.,0.328));
#336 = B_SPLINE_CURVE_WITH_KNOTS('',1,(#337,#338),.UNSPECIFIED.,.F.,.F.,
  (2,2),(0.,1.),.PIECEWISE_BEZIER_KNOTS.);
#337 = CARTESIAN_POINT('',(2.91,2.91,2.E-02));
#338 = CARTESIAN_POINT('',(3.,3.,0.328));
#339 = ORIENTED_EDGE('',*,*,#340,.F.);
#340 = EDGE_CURVE('',#274,#334,#341,.T.);
#341 = LINE('',#342,#343);
#342 = CARTESIAN_POINT('',(3.,-3.,0.328));
#343 = VECTOR('',#344,1.);
#344 = DIRECTION('',(0.,1.,0.));
#345 = ORIENTED_EDGE('',*,*,#273,.F.);
#346 = B_SPLINE_SURFACE_WITH_KNOTS('',1,1,(
    (#347,#348)
    ,(#349,#350)),.UNSPECIFIED.,.F.,.F.,.F.,(2,2),(2,2),(0.,6.),(0.,1.),
  .PIECEWISE_BEZIER_KNOTS.);
#347 = CARTESIAN_POINT('',(2.91,-2.91,2.E-02));
#348 = CARTESIAN_POINT('',(3.,-3.,0.328));
#349 = CARTESIAN_POINT('',(2.91,2.91,2.E-02));
#350 = CARTESIAN_POINT('',(3.,3.,0.328));
#351 = ADVANCED_FACE('',(#352),#375,.T.);
#352 = FACE_BOUND('',#353,.T.);
#353 = EDGE_LOOP('',(#354,#355,#362,#370));
#354 = ORIENTED_EDGE('',*,*,#280,.T.);
#355 = ORIENTED_EDGE('',*,*,#356,.T.);
#356 = EDGE_CURVE('',#274,#357,#359,.T.);
#357 = VERTEX_POINT('',#358);
#358 = CARTESIAN_POINT('',(2.91,-2.91,0.9));
#359 = B_SPLINE_CURVE_WITH_KNOTS('',1,(#360,#361),.UNSPECIFIED.,.F.,.F.,
  (2,2),(0.,1.),.PIECEWISE_BEZIER_KNOTS.);
#360 = CARTESIAN_POINT('',(3.,-3.,0.328));
#361 = CARTESIAN_POINT('',(2.91,-2.91,0.9));
#362 = ORIENTED_EDGE('',*,*,#363,.F.);
#363 = EDGE_CURVE('',#364,#357,#366,.T.);
#364 = VERTEX_POINT('',#365);
#365 = CARTESIAN_POINT('',(-2.91,-2.91,0.9));
#366 = LINE('',#367,#368);
#367 = CARTESIAN_POINT('',(-2.91,-2.91,0.9));
#368 = VECTOR('',#369,1.);
#369 = DIRECTION('',(1.,0.,0.));
#370 = ORIENTED_EDGE('',*,*,#371,.F.);
#371 = EDGE_CURVE('',#281,#364,#372,.T.);
#372 = B_SPLINE_CURVE_WITH_KNOTS('',1,(#373,#374),.UNSPECIFIED.,.F.,.F.,
  (2,2),(0.,1.),.PIECEWISE_BEZIER_KNOTS.);
#373 = CARTESIAN_POINT('',(-3.,-3.,0.328));
#374 = CARTESIAN_POINT('',(-2.91,-2.91,0.9));
#375 = B_SPLINE_SURFACE_WITH_KNOTS('',1,1,(
    (#376,#377)
    ,(#378,#379)),.UNSPECIFIED.,.F.,.F.,.F.,(2,2),(2,2),(0.,6.),(0.,1.),
  .PIECEWISE_BEZIER_KNOTS.);
#376 = CARTESIAN_POINT('',(-3.,-3.,0.328));
#377 = CARTESIAN_POINT('',(-2.91,-2.91,0.9));
#378 = CARTESIAN_POINT('',(3.,-3.,0.328));
#379 = CARTESIAN_POINT('',(2.91,-2.91,0.9));
#380 = ADVANCED_FACE('',(#381),#398,.T.);
#381 = FACE_BOUND('',#382,.T.);
#382 = EDGE_LOOP('',(#383,#384,#385,#393));
#383 = ORIENTED_EDGE('',*,*,#318,.T.);
#384 = ORIENTED_EDGE('',*,*,#288,.T.);
#385 = ORIENTED_EDGE('',*,*,#386,.F.);
#386 = EDGE_CURVE('',#387,#281,#389,.T.);
#387 = VERTEX_POINT('',#388);
#388 = CARTESIAN_POINT('',(-3.,3.,0.328));
#389 = LINE('',#390,#391);
#390 = CARTESIAN_POINT('',(-3.,3.,0.328));
#391 = VECTOR('',#392,1.);
#392 = DIRECTION('',(0.,-1.,0.));
#393 = ORIENTED_EDGE('',*,*,#394,.F.);
#394 = EDGE_CURVE('',#311,#387,#395,.T.);
#395 = B_SPLINE_CURVE_WITH_KNOTS('',1,(#396,#397),.UNSPECIFIED.,.F.,.F.,
  (2,2),(0.,1.),.PIECEWISE_BEZIER_KNOTS.);
#396 = CARTESIAN_POINT('',(-2.91,2.91,2.E-02));
#397 = CARTESIAN_POINT('',(-3.,3.,0.328));
#398 = B_SPLINE_SURFACE_WITH_KNOTS('',1,1,(
    (#399,#400)
    ,(#401,#402)),.UNSPECIFIED.,.F.,.F.,.F.,(2,2),(2,2),(0.,6.),(0.,1.),
  .PIECEWISE_BEZIER_KNOTS.);
#399 = CARTESIAN_POINT('',(-2.91,2.91,2.E-02));
#400 = CARTESIAN_POINT('',(-3.,3.,0.328));
#401 = CARTESIAN_POINT('',(-2.91,-2.91,2.E-02));
#402 = CARTESIAN_POINT('',(-3.,-3.,0.328));
#403 = ADVANCED_FACE('',(#404),#415,.T.);
#404 = FACE_BOUND('',#405,.T.);
#405 = EDGE_LOOP('',(#406,#407,#408,#414));
#406 = ORIENTED_EDGE('',*,*,#310,.T.);
#407 = ORIENTED_EDGE('',*,*,#394,.T.);
#408 = ORIENTED_EDGE('',*,*,#409,.F.);
#409 = EDGE_CURVE('',#334,#387,#410,.T.);
#410 = LINE('',#411,#412);
#411 = CARTESIAN_POINT('',(3.,3.,0.328));
#412 = VECTOR('',#413,1.);
#413 = DIRECTION('',(-1.,0.,0.));
#414 = ORIENTED_EDGE('',*,*,#333,.F.);
#415 = B_SPLINE_SURFACE_WITH_KNOTS('',1,1,(
    (#416,#417)
    ,(#418,#419)),.UNSPECIFIED.,.F.,.F.,.F.,(2,2),(2,2),(0.,6.),(0.,1.),
  .PIECEWISE_BEZIER_KNOTS.);
#416 = CARTESIAN_POINT('',(2.91,2.91,2.E-02));
#417 = CARTESIAN_POINT('',(3.,3.,0.328));
#418 = CARTESIAN_POINT('',(-2.91,2.91,2.E-02));
#419 = CARTESIAN_POINT('',(-3.,3.,0.328));
#420 = ADVANCED_FACE('',(#421),#438,.T.);
#421 = FACE_BOUND('',#422,.T.);
#422 = EDGE_LOOP('',(#423,#424,#431,#437));
#423 = ORIENTED_EDGE('',*,*,#340,.T.);
#424 = ORIENTED_EDGE('',*,*,#425,.T.);
#425 = EDGE_CURVE('',#334,#426,#428,.T.);
#426 = VERTEX_POINT('',#427);
#427 = CARTESIAN_POINT('',(2.91,2.91,0.9));
#428 = B_SPLINE_CURVE_WITH_KNOTS('',1,(#429,#430),.UNSPECIFIED.,.F.,.F.,
  (2,2),(0.,1.),.PIECEWISE_BEZIER_KNOTS.);
#429 = CARTESIAN_POINT('',(3.,3.,0.328));
#430 = CARTESIAN_POINT('',(2.91,2.91,0.9));
#431 = ORIENTED_EDGE('',*,*,#432,.F.);
#432 = EDGE_CURVE('',#357,#426,#433,.T.);
#433 = LINE('',#434,#435);
#434 = CARTESIAN_POINT('',(2.91,-2.91,0.9));
#435 = VECTOR('',#436,1.);
#436 = DIRECTION('',(0.,1.,0.));
#437 = ORIENTED_EDGE('',*,*,#356,.F.);
#438 = B_SPLINE_SURFACE_WITH_KNOTS('',1,1,(
    (#439,#440)
    ,(#441,#442)),.UNSPECIFIED.,.F.,.F.,.F.,(2,2),(2,2),(0.,6.),(0.,1.),
  .PIECEWISE_BEZIER_KNOTS.);
#439 = CARTESIAN_POINT('',(3.,-3.,0.328));
#440 = CARTESIAN_POINT('',(2.91,-2.91,0.9));
#441 = CARTESIAN_POINT('',(3.,3.,0.328));
#442 = CARTESIAN_POINT('',(2.91,2.91,0.9));
#443 = ADVANCED_FACE('',(#444,#462),#473,.F.);
#444 = FACE_BOUND('',#445,.F.);
#445 = EDGE_LOOP('',(#446,#447,#455,#461));
#446 = ORIENTED_EDGE('',*,*,#363,.F.);
#447 = ORIENTED_EDGE('',*,*,#448,.F.);
#448 = EDGE_CURVE('',#449,#364,#451,.T.);
#449 = VERTEX_POINT('',#450);
#450 = CARTESIAN_POINT('',(-2.91,2.91,0.9));
#451 = LINE('',#452,#453);
#452 = CARTESIAN_POINT('',(-2.91,2.91,0.9));
#453 = VECTOR('',#454,1.);
#454 = DIRECTION('',(0.,-1.,0.));
#455 = ORIENTED_EDGE('',*,*,#456,.F.);
#456 = EDGE_CURVE('',#426,#449,#457,.T.);
#457 = LINE('',#458,#459);
#458 = CARTESIAN_POINT('',(2.91,2.91,0.9));
#459 = VECTOR('',#460,1.);
#460 = DIRECTION('',(-1.,0.,0.));
#461 = ORIENTED_EDGE('',*,*,#432,.F.);
#462 = FACE_BOUND('',#463,.F.);
#463 = EDGE_LOOP('',(#464));
#464 = ORIENTED_EDGE('',*,*,#465,.T.);
#465 = EDGE_CURVE('',#466,#466,#468,.T.);
#466 = VERTEX_POINT('',#467);
#467 = CARTESIAN_POINT('',(-2.36,2.5,0.9));
#468 = CIRCLE('',#469,0.18);
#469 = AXIS2_PLACEMENT_3D('',#470,#471,#472);
#470 = CARTESIAN_POINT('',(-2.54,2.5,0.9));
#471 = DIRECTION('',(0.,0.,1.));
#472 = DIRECTION('',(1.,0.,-0.));
#473 = PLANE('',#474);
#474 = AXIS2_PLACEMENT_3D('',#475,#476,#477);
#475 = CARTESIAN_POINT('',(-2.91,-2.91,0.9));
#476 = DIRECTION('',(0.,0.,-1.));
#477 = DIRECTION('',(0.707106781187,0.707106781187,0.));
#478 = ADVANCED_FACE('',(#479),#489,.T.);
#479 = FACE_BOUND('',#480,.T.);
#480 = EDGE_LOOP('',(#481,#482,#483,#484));
#481 = ORIENTED_EDGE('',*,*,#386,.T.);
#482 = ORIENTED_EDGE('',*,*,#371,.T.);
#483 = ORIENTED_EDGE('',*,*,#448,.F.);
#484 = ORIENTED_EDGE('',*,*,#485,.F.);
#485 = EDGE_CURVE('',#387,#449,#486,.T.);
#486 = B_SPLINE_CURVE_WITH_KNOTS('',1,(#487,#488),.UNSPECIFIED.,.F.,.F.,
  (2,2),(0.,1.),.PIECEWISE_BEZIER_KNOTS.);
#487 = CARTESIAN_POINT('',(-3.,3.,0.328));
#488 = CARTESIAN_POINT('',(-2.91,2.91,0.9));
#489 = B_SPLINE_SURFACE_WITH_KNOTS('',1,1,(
    (#490,#491)
    ,(#492,#493)),.UNSPECIFIED.,.F.,.F.,.F.,(2,2),(2,2),(0.,6.),(0.,1.),
  .PIECEWISE_BEZIER_KNOTS.);
#490 = CARTESIAN_POINT('',(-3.,3.,0.328));
#491 = CARTESIAN_POINT('',(-2.91,2.91,0.9));
#492 = CARTESIAN_POINT('',(-3.,-3.,0.328));
#493 = CARTESIAN_POINT('',(-2.91,-2.91,0.9));
#494 = ADVANCED_FACE('',(#495),#501,.T.);
#495 = FACE_BOUND('',#496,.T.);
#496 = EDGE_LOOP('',(#497,#498,#499,#500));
#497 = ORIENTED_EDGE('',*,*,#409,.T.);
#498 = ORIENTED_EDGE('',*,*,#485,.T.);
#499 = ORIENTED_EDGE('',*,*,#456,.F.);
#500 = ORIENTED_EDGE('',*,*,#425,.F.);
#501 = B_SPLINE_SURFACE_WITH_KNOTS('',1,1,(
    (#502,#503)
    ,(#504,#505)),.UNSPECIFIED.,.F.,.F.,.F.,(2,2),(2,2),(0.,6.),(0.,1.),
  .PIECEWISE_BEZIER_KNOTS.);
#502 = CARTESIAN_POINT('',(3.,3.,0.328));
#503 = CARTESIAN_POINT('',(2.91,2.91,0.9));
#504 = CARTESIAN_POINT('',(-3.,3.,0.328));
#505 = CARTESIAN_POINT('',(-2.91,2.91,0.9));
#506 = ADVANCED_FACE('',(#507),#526,.F.);
#507 = FACE_BOUND('',#508,.F.);
#508 = EDGE_LOOP('',(#509,#510,#518,#525));
#509 = ORIENTED_EDGE('',*,*,#465,.F.);
#510 = ORIENTED_EDGE('',*,*,#511,.F.);
#511 = EDGE_CURVE('',#512,#466,#514,.T.);
#512 = VERTEX_POINT('',#513);
#513 = CARTESIAN_POINT('',(-2.36,2.5,0.875));
#514 = LINE('',#515,#516);
#515 = CARTESIAN_POINT('',(-2.36,2.5,0.875));
#516 = VECTOR('',#517,1.);
#517 = DIRECTION('',(0.,0.,1.));
#518 = ORIENTED_EDGE('',*,*,#519,.T.);
#519 = EDGE_CURVE('',#512,#512,#520,.T.);
#520 = CIRCLE('',#521,0.18);
#521 = AXIS2_PLACEMENT_3D('',#522,#523,#524);
#522 = CARTESIAN_POINT('',(-2.54,2.5,0.875));
#523 = DIRECTION('',(0.,0.,1.));
#524 = DIRECTION('',(1.,0.,-0.));
#525 = ORIENTED_EDGE('',*,*,#511,.T.);
#526 = CYLINDRICAL_SURFACE('',#527,0.18);
#527 = AXIS2_PLACEMENT_3D('',#528,#529,#530);
#528 = CARTESIAN_POINT('',(-2.54,2.5,0.875));
#529 = DIRECTION('',(0.,0.,1.));
#530 = DIRECTION('',(1.,0.,-0.));
#531 = ADVANCED_FACE('',(#532),#535,.T.);
#532 = FACE_BOUND('',#533,.F.);
#533 = EDGE_LOOP('',(#534));
#534 = ORIENTED_EDGE('',*,*,#519,.F.);
#535 = PLANE('',#536);
#536 = AXIS2_PLACEMENT_3D('',#537,#538,#539);
#537 = CARTESIAN_POINT('',(-2.54,2.5,0.875));
#538 = DIRECTION('',(0.,0.,1.));
#539 = DIRECTION('',(1.,0.,-0.));
#540 = ( GEOMETRIC_REPRESENTATION_CONTEXT(3) 
GLOBAL_UNCERTAINTY_ASSIGNED_CONTEXT((#544)) GLOBAL_UNIT_ASSIGNED_CONTEXT
((#541,#542,#543)) REPRESENTATION_CONTEXT('Context #1',
  '3D Context with UNIT and UNCERTAINTY') );
#541 = ( LENGTH_UNIT() NAMED_UNIT(*) SI_UNIT(.MILLI.,.METRE.) );
#542 = ( NAMED_UNIT(*) PLANE_ANGLE_UNIT() SI_UNIT($,.RADIAN.) );
#543 = ( NAMED_UNIT(*) SI_UNIT($,.STERADIAN.) SOLID_ANGLE_UNIT() );
#544 = UNCERTAINTY_MEASURE_WITH_UNIT(LENGTH_MEASURE(1.E-07),#541,
  'distance_accuracy_value','confusion accuracy');
#545 = CONTEXT_DEPENDENT_SHAPE_REPRESENTATION(#546,#548);
#546 = ( REPRESENTATION_RELATIONSHIP('','',#256,#10) 
REPRESENTATION_RELATIONSHIP_WITH_TRANSFORMATION(#547) 
SHAPE_REPRESENTATION_RELATIONSHIP() );
#547 = ITEM_DEFINED_TRANSFORMATION('','',#11,#19);
#548 = PRODUCT_DEFINITION_SHAPE('Placement','Placement of an item',#549
  );
#549 = NEXT_ASSEMBLY_USAGE_OCCURRENCE('43','Molded_body','',#5,#251,$);
#550 = PRODUCT_RELATED_PRODUCT_CATEGORY('part',$,(#253));
#551 = SHAPE_DEFINITION_REPRESENTATION(#552,#558);
#552 = PRODUCT_DEFINITION_SHAPE('','',#553);
#553 = PRODUCT_DEFINITION('design','',#554,#557);
#554 = PRODUCT_DEFINITION_FORMATION('','',#555);
#555 = PRODUCT('Exposed_pad_37','Exposed_pad_37','',(#556));
#556 = PRODUCT_CONTEXT('',#2,'mechanical');
#557 = PRODUCT_DEFINITION_CONTEXT('part definition',#2,'design');
#558 = ADVANCED_BREP_SHAPE_REPRESENTATION('',(#11,#559),#709);
#559 = MANIFOLD_SOLID_BREP('',#560);
#560 = CLOSED_SHELL('',(#561,#601,#641,#663,#685,#697));
#561 = ADVANCED_FACE('',(#562),#596,.F.);
#562 = FACE_BOUND('',#563,.F.);
#563 = EDGE_LOOP('',(#564,#574,#582,#590));
#564 = ORIENTED_EDGE('',*,*,#565,.F.);
#565 = EDGE_CURVE('',#566,#568,#570,.T.);
#566 = VERTEX_POINT('',#567);
#567 = CARTESIAN_POINT('',(-1.85,-1.85,0.));
#568 = VERTEX_POINT('',#569);
#569 = CARTESIAN_POINT('',(-1.85,-1.85,0.2));
#570 = LINE('',#571,#572);
#571 = CARTESIAN_POINT('',(-1.85,-1.85,0.));
#572 = VECTOR('',#573,1.);
#573 = DIRECTION('',(0.,0.,1.));
#574 = ORIENTED_EDGE('',*,*,#575,.T.);
#575 = EDGE_CURVE('',#566,#576,#578,.T.);
#576 = VERTEX_POINT('',#577);
#577 = CARTESIAN_POINT('',(-1.85,1.85,0.));
#578 = LINE('',#579,#580);
#579 = CARTESIAN_POINT('',(-1.85,-1.85,0.));
#580 = VECTOR('',#581,1.);
#581 = DIRECTION('',(-0.,1.,0.));
#582 = ORIENTED_EDGE('',*,*,#583,.T.);
#583 = EDGE_CURVE('',#576,#584,#586,.T.);
#584 = VERTEX_POINT('',#585);
#585 = CARTESIAN_POINT('',(-1.85,1.85,0.2));
#586 = LINE('',#587,#588);
#587 = CARTESIAN_POINT('',(-1.85,1.85,0.));
#588 = VECTOR('',#589,1.);
#589 = DIRECTION('',(0.,0.,1.));
#590 = ORIENTED_EDGE('',*,*,#591,.F.);
#591 = EDGE_CURVE('',#568,#584,#592,.T.);
#592 = LINE('',#593,#594);
#593 = CARTESIAN_POINT('',(-1.85,-1.85,0.2));
#594 = VECTOR('',#595,1.);
#595 = DIRECTION('',(-0.,1.,0.));
#596 = PLANE('',#597);
#597 = AXIS2_PLACEMENT_3D('',#598,#599,#600);
#598 = CARTESIAN_POINT('',(-1.85,-1.85,0.));
#599 = DIRECTION('',(1.,0.,-0.));
#600 = DIRECTION('',(0.,0.,1.));
#601 = ADVANCED_FACE('',(#602),#636,.T.);
#602 = FACE_BOUND('',#603,.T.);
#603 = EDGE_LOOP('',(#604,#614,#622,#630));
#604 = ORIENTED_EDGE('',*,*,#605,.F.);
#605 = EDGE_CURVE('',#606,#608,#610,.T.);
#606 = VERTEX_POINT('',#607);
#607 = CARTESIAN_POINT('',(1.85,-1.85,0.));
#608 = VERTEX_POINT('',#609);
#609 = CARTESIAN_POINT('',(1.85,-1.85,0.2));
#610 = LINE('',#611,#612);
#611 = CARTESIAN_POINT('',(1.85,-1.85,0.));
#612 = VECTOR('',#613,1.);
#613 = DIRECTION('',(0.,0.,1.));
#614 = ORIENTED_EDGE('',*,*,#615,.T.);
#615 = EDGE_CURVE('',#606,#616,#618,.T.);
#616 = VERTEX_POINT('',#617);
#617 = CARTESIAN_POINT('',(1.85,1.85,0.));
#618 = LINE('',#619,#620);
#619 = CARTESIAN_POINT('',(1.85,-1.85,0.));
#620 = VECTOR('',#621,1.);
#621 = DIRECTION('',(-0.,1.,0.));
#622 = ORIENTED_EDGE('',*,*,#623,.T.);
#623 = EDGE_CURVE('',#616,#624,#626,.T.);
#624 = VERTEX_POINT('',#625);
#625 = CARTESIAN_POINT('',(1.85,1.85,0.2));
#626 = LINE('',#627,#628);
#627 = CARTESIAN_POINT('',(1.85,1.85,0.));
#628 = VECTOR('',#629,1.);
#629 = DIRECTION('',(0.,0.,1.));
#630 = ORIENTED_EDGE('',*,*,#631,.F.);
#631 = EDGE_CURVE('',#608,#624,#632,.T.);
#632 = LINE('',#633,#634);
#633 = CARTESIAN_POINT('',(1.85,-1.85,0.2));
#634 = VECTOR('',#635,1.);
#635 = DIRECTION('',(-0.,1.,0.));
#636 = PLANE('',#637);
#637 = AXIS2_PLACEMENT_3D('',#638,#639,#640);
#638 = CARTESIAN_POINT('',(1.85,-1.85,0.));
#639 = DIRECTION('',(1.,0.,-0.));
#640 = DIRECTION('',(0.,0.,1.));
#641 = ADVANCED_FACE('',(#642),#658,.F.);
#642 = FACE_BOUND('',#643,.F.);
#643 = EDGE_LOOP('',(#644,#650,#651,#657));
#644 = ORIENTED_EDGE('',*,*,#645,.F.);
#645 = EDGE_CURVE('',#566,#606,#646,.T.);
#646 = LINE('',#647,#648);
#647 = CARTESIAN_POINT('',(-1.85,-1.85,0.));
#648 = VECTOR('',#649,1.);
#649 = DIRECTION('',(1.,0.,-0.));
#650 = ORIENTED_EDGE('',*,*,#565,.T.);
#651 = ORIENTED_EDGE('',*,*,#652,.T.);
#652 = EDGE_CURVE('',#568,#608,#653,.T.);
#653 = LINE('',#654,#655);
#654 = CARTESIAN_POINT('',(-1.85,-1.85,0.2));
#655 = VECTOR('',#656,1.);
#656 = DIRECTION('',(1.,0.,-0.));
#657 = ORIENTED_EDGE('',*,*,#605,.F.);
#658 = PLANE('',#659);
#659 = AXIS2_PLACEMENT_3D('',#660,#661,#662);
#660 = CARTESIAN_POINT('',(-1.85,-1.85,0.));
#661 = DIRECTION('',(-0.,1.,0.));
#662 = DIRECTION('',(0.,0.,1.));
#663 = ADVANCED_FACE('',(#664),#680,.T.);
#664 = FACE_BOUND('',#665,.T.);
#665 = EDGE_LOOP('',(#666,#672,#673,#679));
#666 = ORIENTED_EDGE('',*,*,#667,.F.);
#667 = EDGE_CURVE('',#576,#616,#668,.T.);
#668 = LINE('',#669,#670);
#669 = CARTESIAN_POINT('',(-1.85,1.85,0.));
#670 = VECTOR('',#671,1.);
#671 = DIRECTION('',(1.,0.,-0.));
#672 = ORIENTED_EDGE('',*,*,#583,.T.);
#673 = ORIENTED_EDGE('',*,*,#674,.T.);
#674 = EDGE_CURVE('',#584,#624,#675,.T.);
#675 = LINE('',#676,#677);
#676 = CARTESIAN_POINT('',(-1.85,1.85,0.2));
#677 = VECTOR('',#678,1.);
#678 = DIRECTION('',(1.,0.,-0.));
#679 = ORIENTED_EDGE('',*,*,#623,.F.);
#680 = PLANE('',#681);
#681 = AXIS2_PLACEMENT_3D('',#682,#683,#684);
#682 = CARTESIAN_POINT('',(-1.85,1.85,0.));
#683 = DIRECTION('',(-0.,1.,0.));
#684 = DIRECTION('',(0.,0.,1.));
#685 = ADVANCED_FACE('',(#686),#692,.F.);
#686 = FACE_BOUND('',#687,.F.);
#687 = EDGE_LOOP('',(#688,#689,#690,#691));
#688 = ORIENTED_EDGE('',*,*,#575,.F.);
#689 = ORIENTED_EDGE('',*,*,#645,.T.);
#690 = ORIENTED_EDGE('',*,*,#615,.T.);
#691 = ORIENTED_EDGE('',*,*,#667,.F.);
#692 = PLANE('',#693);
#693 = AXIS2_PLACEMENT_3D('',#694,#695,#696);
#694 = CARTESIAN_POINT('',(-1.85,-1.85,0.));
#695 = DIRECTION('',(0.,0.,1.));
#696 = DIRECTION('',(1.,0.,-0.));
#697 = ADVANCED_FACE('',(#698),#704,.T.);
#698 = FACE_BOUND('',#699,.T.);
#699 = EDGE_LOOP('',(#700,#701,#702,#703));
#700 = ORIENTED_EDGE('',*,*,#591,.F.);
#701 = ORIENTED_EDGE('',*,*,#652,.T.);
#702 = ORIENTED_EDGE('',*,*,#631,.T.);
#703 = ORIENTED_EDGE('',*,*,#674,.F.);
#704 = PLANE('',#705);
#705 = AXIS2_PLACEMENT_3D('',#706,#707,#708);
#706 = CARTESIAN_POINT('',(-1.85,-1.85,0.2));
#707 = DIRECTION('',(0.,0.,1.));
#708 = DIRECTION('',(1.,0.,-0.));
#709 = ( GEOMETRIC_REPRESENTATION_CONTEXT(3) 
GLOBAL_UNCERTAINTY_ASSIGNED_CONTEXT((#713)) GLOBAL_UNIT_ASSIGNED_CONTEXT
((#710,#711,#712)) REPRESENTATION_CONTEXT('Context #1',
  '3D Context with UNIT and UNCERTAINTY') );
#710 = ( LENGTH_UNIT() NAMED_UNIT(*) SI_UNIT(.MILLI.,.METRE.) );
#711 = ( NAMED_UNIT(*) PLANE_ANGLE_UNIT() SI_UNIT($,.RADIAN.) );
#712 = ( NAMED_UNIT(*) SI_UNIT($,.STERADIAN.) SOLID_ANGLE_UNIT() );
#713 = UNCERTAINTY_MEASURE_WITH_UNIT(LENGTH_MEASURE(1.E-07),#710,
  'distance_accuracy_value','confusion accuracy');
#714 = CONTEXT_DEPENDENT_SHAPE_REPRESENTATION(#715,#717);
#715 = ( REPRESENTATION_RELATIONSHIP('','',#558,#10) 
REPRESENTATION_RELATIONSHIP_WITH_TRANSFORMATION(#716) 
SHAPE_REPRESENTATION_RELATIONSHIP() );
#716 = ITEM_DEFINED_TRANSFORMATION('','',#11,#23);
#717 = PRODUCT_DEFINITION_SHAPE('Placement','Placement of an item',#718
  );
#718 = NEXT_ASSEMBLY_USAGE_OCCURRENCE('44','Exposed_pad_37','',#5,#553,$
  );
#719 = PRODUCT_RELATED_PRODUCT_CATEGORY('part',$,(#555));
#720 = SHAPE_DEFINITION_REPRESENTATION(#721,#727);
#721 = PRODUCT_DEFINITION_SHAPE('','',#722);
#722 = PRODUCT_DEFINITION('design','',#723,#726);
#723 = PRODUCT_DEFINITION_FORMATION('','',#724);
#724 = PRODUCT('Terminal_1','Terminal_1','',(#725));
#725 = PRODUCT_CONTEXT('',#2,'mechanical');
#726 = PRODUCT_DEFINITION_CONTEXT('part definition',#2,'design');
#727 = ADVANCED_BREP_SHAPE_REPRESENTATION('',(#11,#728),#878);
#728 = MANIFOLD_SOLID_BREP('',#729);
#729 = CLOSED_SHELL('',(#730,#770,#810,#832,#854,#866));
#730 = ADVANCED_FACE('',(#731),#765,.F.);
#731 = FACE_BOUND('',#732,.F.);
#732 = EDGE_LOOP('',(#733,#743,#751,#759));
#733 = ORIENTED_EDGE('',*,*,#734,.F.);
#734 = EDGE_CURVE('',#735,#737,#739,.T.);
#735 = VERTEX_POINT('',#736);
#736 = CARTESIAN_POINT('',(-3.,1.875,0.));
#737 = VERTEX_POINT('',#738);
#738 = CARTESIAN_POINT('',(-3.,1.875,0.2));
#739 = LINE('',#740,#741);
#740 = CARTESIAN_POINT('',(-3.,1.875,0.));
#741 = VECTOR('',#742,1.);
#742 = DIRECTION('',(0.,0.,1.));
#743 = ORIENTED_EDGE('',*,*,#744,.T.);
#744 = EDGE_CURVE('',#735,#745,#747,.T.);
#745 = VERTEX_POINT('',#746);
#746 = CARTESIAN_POINT('',(-3.,2.125,0.));
#747 = LINE('',#748,#749);
#748 = CARTESIAN_POINT('',(-3.,1.875,0.));
#749 = VECTOR('',#750,1.);
#750 = DIRECTION('',(-0.,1.,0.));
#751 = ORIENTED_EDGE('',*,*,#752,.T.);
#752 = EDGE_CURVE('',#745,#753,#755,.T.);
#753 = VERTEX_POINT('',#754);
#754 = CARTESIAN_POINT('',(-3.,2.125,0.2));
#755 = LINE('',#756,#757);
#756 = CARTESIAN_POINT('',(-3.,2.125,0.));
#757 = VECTOR('',#758,1.);
#758 = DIRECTION('',(0.,0.,1.));
#759 = ORIENTED_EDGE('',*,*,#760,.F.);
#760 = EDGE_CURVE('',#737,#753,#761,.T.);
#761 = LINE('',#762,#763);
#762 = CARTESIAN_POINT('',(-3.,1.875,0.2));
#763 = VECTOR('',#764,1.);
#764 = DIRECTION('',(-0.,1.,0.));
#765 = PLANE('',#766);
#766 = AXIS2_PLACEMENT_3D('',#767,#768,#769);
#767 = CARTESIAN_POINT('',(-3.,1.875,0.));
#768 = DIRECTION('',(1.,0.,-0.));
#769 = DIRECTION('',(0.,0.,1.));
#770 = ADVANCED_FACE('',(#771),#805,.T.);
#771 = FACE_BOUND('',#772,.T.);
#772 = EDGE_LOOP('',(#773,#783,#791,#799));
#773 = ORIENTED_EDGE('',*,*,#774,.F.);
#774 = EDGE_CURVE('',#775,#777,#779,.T.);
#775 = VERTEX_POINT('',#776);
#776 = CARTESIAN_POINT('',(-2.4,1.875,0.));
#777 = VERTEX_POINT('',#778);
#778 = CARTESIAN_POINT('',(-2.4,1.875,0.2));
#779 = LINE('',#780,#781);
#780 = CARTESIAN_POINT('',(-2.4,1.875,0.));
#781 = VECTOR('',#782,1.);
#782 = DIRECTION('',(0.,0.,1.));
#783 = ORIENTED_EDGE('',*,*,#784,.T.);
#784 = EDGE_CURVE('',#775,#785,#787,.T.);
#785 = VERTEX_POINT('',#786);
#786 = CARTESIAN_POINT('',(-2.4,2.125,0.));
#787 = LINE('',#788,#789);
#788 = CARTESIAN_POINT('',(-2.4,1.875,0.));
#789 = VECTOR('',#790,1.);
#790 = DIRECTION('',(-0.,1.,0.));
#791 = ORIENTED_EDGE('',*,*,#792,.T.);
#792 = EDGE_CURVE('',#785,#793,#795,.T.);
#793 = VERTEX_POINT('',#794);
#794 = CARTESIAN_POINT('',(-2.4,2.125,0.2));
#795 = LINE('',#796,#797);
#796 = CARTESIAN_POINT('',(-2.4,2.125,0.));
#797 = VECTOR('',#798,1.);
#798 = DIRECTION('',(0.,0.,1.));
#799 = ORIENTED_EDGE('',*,*,#800,.F.);
#800 = EDGE_CURVE('',#777,#793,#801,.T.);
#801 = LINE('',#802,#803);
#802 = CARTESIAN_POINT('',(-2.4,1.875,0.2));
#803 = VECTOR('',#804,1.);
#804 = DIRECTION('',(-0.,1.,0.));
#805 = PLANE('',#806);
#806 = AXIS2_PLACEMENT_3D('',#807,#808,#809);
#807 = CARTESIAN_POINT('',(-2.4,1.875,0.));
#808 = DIRECTION('',(1.,0.,-0.));
#809 = DIRECTION('',(0.,0.,1.));
#810 = ADVANCED_FACE('',(#811),#827,.F.);
#811 = FACE_BOUND('',#812,.F.);
#812 = EDGE_LOOP('',(#813,#819,#820,#826));
#813 = ORIENTED_EDGE('',*,*,#814,.F.);
#814 = EDGE_CURVE('',#735,#775,#815,.T.);
#815 = LINE('',#816,#817);
#816 = CARTESIAN_POINT('',(-3.,1.875,0.));
#817 = VECTOR('',#818,1.);
#818 = DIRECTION('',(1.,0.,-0.));
#819 = ORIENTED_EDGE('',*,*,#734,.T.);
#820 = ORIENTED_EDGE('',*,*,#821,.T.);
#821 = EDGE_CURVE('',#737,#777,#822,.T.);
#822 = LINE('',#823,#824);
#823 = CARTESIAN_POINT('',(-3.,1.875,0.2));
#824 = VECTOR('',#825,1.);
#825 = DIRECTION('',(1.,0.,-0.));
#826 = ORIENTED_EDGE('',*,*,#774,.F.);
#827 = PLANE('',#828);
#828 = AXIS2_PLACEMENT_3D('',#829,#830,#831);
#829 = CARTESIAN_POINT('',(-3.,1.875,0.));
#830 = DIRECTION('',(-0.,1.,0.));
#831 = DIRECTION('',(0.,0.,1.));
#832 = ADVANCED_FACE('',(#833),#849,.T.);
#833 = FACE_BOUND('',#834,.T.);
#834 = EDGE_LOOP('',(#835,#841,#842,#848));
#835 = ORIENTED_EDGE('',*,*,#836,.F.);
#836 = EDGE_CURVE('',#745,#785,#837,.T.);
#837 = LINE('',#838,#839);
#838 = CARTESIAN_POINT('',(-3.,2.125,0.));
#839 = VECTOR('',#840,1.);
#840 = DIRECTION('',(1.,0.,-0.));
#841 = ORIENTED_EDGE('',*,*,#752,.T.);
#842 = ORIENTED_EDGE('',*,*,#843,.T.);
#843 = EDGE_CURVE('',#753,#793,#844,.T.);
#844 = LINE('',#845,#846);
#845 = CARTESIAN_POINT('',(-3.,2.125,0.2));
#846 = VECTOR('',#847,1.);
#847 = DIRECTION('',(1.,0.,-0.));
#848 = ORIENTED_EDGE('',*,*,#792,.F.);
#849 = PLANE('',#850);
#850 = AXIS2_PLACEMENT_3D('',#851,#852,#853);
#851 = CARTESIAN_POINT('',(-3.,2.125,0.));
#852 = DIRECTION('',(-0.,1.,0.));
#853 = DIRECTION('',(0.,0.,1.));
#854 = ADVANCED_FACE('',(#855),#861,.F.);
#855 = FACE_BOUND('',#856,.F.);
#856 = EDGE_LOOP('',(#857,#858,#859,#860));
#857 = ORIENTED_EDGE('',*,*,#744,.F.);
#858 = ORIENTED_EDGE('',*,*,#814,.T.);
#859 = ORIENTED_EDGE('',*,*,#784,.T.);
#860 = ORIENTED_EDGE('',*,*,#836,.F.);
#861 = PLANE('',#862);
#862 = AXIS2_PLACEMENT_3D('',#863,#864,#865);
#863 = CARTESIAN_POINT('',(-3.,1.875,0.));
#864 = DIRECTION('',(0.,0.,1.));
#865 = DIRECTION('',(1.,0.,-0.));
#866 = ADVANCED_FACE('',(#867),#873,.T.);
#867 = FACE_BOUND('',#868,.T.);
#868 = EDGE_LOOP('',(#869,#870,#871,#872));
#869 = ORIENTED_EDGE('',*,*,#760,.F.);
#870 = ORIENTED_EDGE('',*,*,#821,.T.);
#871 = ORIENTED_EDGE('',*,*,#800,.T.);
#872 = ORIENTED_EDGE('',*,*,#843,.F.);
#873 = PLANE('',#874);
#874 = AXIS2_PLACEMENT_3D('',#875,#876,#877);
#875 = CARTESIAN_POINT('',(-3.,1.875,0.2));
#876 = DIRECTION('',(0.,0.,1.));
#877 = DIRECTION('',(1.,0.,-0.));
#878 = ( GEOMETRIC_REPRESENTATION_CONTEXT(3) 
GLOBAL_UNCERTAINTY_ASSIGNED_CONTEXT((#882)) GLOBAL_UNIT_ASSIGNED_CONTEXT
((#879,#880,#881)) REPRESENTATION_CONTEXT('Context #1',
  '3D Context with UNIT and UNCERTAINTY') );
#879 = ( LENGTH_UNIT() NAMED_UNIT(*) SI_UNIT(.MILLI.,.METRE.) );
#880 = ( NAMED_UNIT(*) PLANE_ANGLE_UNIT() SI_UNIT($,.RADIAN.) );
#881 = ( NAMED_UNIT(*) SI_UNIT($,.STERADIAN.) SOLID_ANGLE_UNIT() );
#882 = UNCERTAINTY_MEASURE_WITH_UNIT(LENGTH_MEASURE(1.E-07),#879,
  'distance_accuracy_value','confusion accuracy');
#883 = CONTEXT_DEPENDENT_SHAPE_REPRESENTATION(#884,#886);
#884 = ( REPRESENTATION_RELATIONSHIP('','',#727,#10) 
REPRESENTATION_RELATIONSHIP_WITH_TRANSFORMATION(#885) 
SHAPE_REPRESENTATION_RELATIONSHIP() );
#885 = ITEM_DEFINED_TRANSFORMATION('','',#11,#27);
#886 = PRODUCT_DEFINITION_SHAPE('Placement','Placement of an item',#887
  );
#887 = NEXT_ASSEMBLY_USAGE_OCCURRENCE('45','Terminal_1','',#5,#722,$);
#888 = PRODUCT_RELATED_PRODUCT_CATEGORY('part',$,(#724));
#889 = SHAPE_DEFINITION_REPRESENTATION(#890,#896);
#890 = PRODUCT_DEFINITION_SHAPE('','',#891);
#891 = PRODUCT_DEFINITION('design','',#892,#895);
#892 = PRODUCT_DEFINITION_FORMATION('','',#893);
#893 = PRODUCT('Terminal_10','Terminal_10','',(#894));
#894 = PRODUCT_CONTEXT('',#2,'mechanical');
#895 = PRODUCT_DEFINITION_CONTEXT('part definition',#2,'design');
#896 = ADVANCED_BREP_SHAPE_REPRESENTATION('',(#11,#897),#1047);
#897 = MANIFOLD_SOLID_BREP('',#898);
#898 = CLOSED_SHELL('',(#899,#939,#979,#1001,#1023,#1035));
#899 = ADVANCED_FACE('',(#900),#934,.F.);
#900 = FACE_BOUND('',#901,.F.);
#901 = EDGE_LOOP('',(#902,#912,#920,#928));
#902 = ORIENTED_EDGE('',*,*,#903,.F.);
#903 = EDGE_CURVE('',#904,#906,#908,.T.);
#904 = VERTEX_POINT('',#905);
#905 = CARTESIAN_POINT('',(-2.125,-3.,0.));
#906 = VERTEX_POINT('',#907);
#907 = CARTESIAN_POINT('',(-2.125,-3.,0.2));
#908 = LINE('',#909,#910);
#909 = CARTESIAN_POINT('',(-2.125,-3.,0.));
#910 = VECTOR('',#911,1.);
#911 = DIRECTION('',(0.,0.,1.));
#912 = ORIENTED_EDGE('',*,*,#913,.T.);
#913 = EDGE_CURVE('',#904,#914,#916,.T.);
#914 = VERTEX_POINT('',#915);
#915 = CARTESIAN_POINT('',(-2.125,-2.4,0.));
#916 = LINE('',#917,#918);
#917 = CARTESIAN_POINT('',(-2.125,-3.,0.));
#918 = VECTOR('',#919,1.);
#919 = DIRECTION('',(-0.,1.,0.));
#920 = ORIENTED_EDGE('',*,*,#921,.T.);
#921 = EDGE_CURVE('',#914,#922,#924,.T.);
#922 = VERTEX_POINT('',#923);
#923 = CARTESIAN_POINT('',(-2.125,-2.4,0.2));
#924 = LINE('',#925,#926);
#925 = CARTESIAN_POINT('',(-2.125,-2.4,0.));
#926 = VECTOR('',#927,1.);
#927 = DIRECTION('',(0.,0.,1.));
#928 = ORIENTED_EDGE('',*,*,#929,.F.);
#929 = EDGE_CURVE('',#906,#922,#930,.T.);
#930 = LINE('',#931,#932);
#931 = CARTESIAN_POINT('',(-2.125,-3.,0.2));
#932 = VECTOR('',#933,1.);
#933 = DIRECTION('',(-0.,1.,0.));
#934 = PLANE('',#935);
#935 = AXIS2_PLACEMENT_3D('',#936,#937,#938);
#936 = CARTESIAN_POINT('',(-2.125,-3.,0.));
#937 = DIRECTION('',(1.,0.,-0.));
#938 = DIRECTION('',(0.,0.,1.));
#939 = ADVANCED_FACE('',(#940),#974,.T.);
#940 = FACE_BOUND('',#941,.T.);
#941 = EDGE_LOOP('',(#942,#952,#960,#968));
#942 = ORIENTED_EDGE('',*,*,#943,.F.);
#943 = EDGE_CURVE('',#944,#946,#948,.T.);
#944 = VERTEX_POINT('',#945);
#945 = CARTESIAN_POINT('',(-1.875,-3.,0.));
#946 = VERTEX_POINT('',#947);
#947 = CARTESIAN_POINT('',(-1.875,-3.,0.2));
#948 = LINE('',#949,#950);
#949 = CARTESIAN_POINT('',(-1.875,-3.,0.));
#950 = VECTOR('',#951,1.);
#951 = DIRECTION('',(0.,0.,1.));
#952 = ORIENTED_EDGE('',*,*,#953,.T.);
#953 = EDGE_CURVE('',#944,#954,#956,.T.);
#954 = VERTEX_POINT('',#955);
#955 = CARTESIAN_POINT('',(-1.875,-2.4,0.));
#956 = LINE('',#957,#958);
#957 = CARTESIAN_POINT('',(-1.875,-3.,0.));
#958 = VECTOR('',#959,1.);
#959 = DIRECTION('',(-0.,1.,0.));
#960 = ORIENTED_EDGE('',*,*,#961,.T.);
#961 = EDGE_CURVE('',#954,#962,#964,.T.);
#962 = VERTEX_POINT('',#963);
#963 = CARTESIAN_POINT('',(-1.875,-2.4,0.2));
#964 = LINE('',#965,#966);
#965 = CARTESIAN_POINT('',(-1.875,-2.4,0.));
#966 = VECTOR('',#967,1.);
#967 = DIRECTION('',(0.,0.,1.));
#968 = ORIENTED_EDGE('',*,*,#969,.F.);
#969 = EDGE_CURVE('',#946,#962,#970,.T.);
#970 = LINE('',#971,#972);
#971 = CARTESIAN_POINT('',(-1.875,-3.,0.2));
#972 = VECTOR('',#973,1.);
#973 = DIRECTION('',(-0.,1.,0.));
#974 = PLANE('',#975);
#975 = AXIS2_PLACEMENT_3D('',#976,#977,#978);
#976 = CARTESIAN_POINT('',(-1.875,-3.,0.));
#977 = DIRECTION('',(1.,0.,-0.));
#978 = DIRECTION('',(0.,0.,1.));
#979 = ADVANCED_FACE('',(#980),#996,.F.);
#980 = FACE_BOUND('',#981,.F.);
#981 = EDGE_LOOP('',(#982,#988,#989,#995));
#982 = ORIENTED_EDGE('',*,*,#983,.F.);
#983 = EDGE_CURVE('',#904,#944,#984,.T.);
#984 = LINE('',#985,#986);
#985 = CARTESIAN_POINT('',(-2.125,-3.,0.));
#986 = VECTOR('',#987,1.);
#987 = DIRECTION('',(1.,0.,-0.));
#988 = ORIENTED_EDGE('',*,*,#903,.T.);
#989 = ORIENTED_EDGE('',*,*,#990,.T.);
#990 = EDGE_CURVE('',#906,#946,#991,.T.);
#991 = LINE('',#992,#993);
#992 = CARTESIAN_POINT('',(-2.125,-3.,0.2));
#993 = VECTOR('',#994,1.);
#994 = DIRECTION('',(1.,0.,-0.));
#995 = ORIENTED_EDGE('',*,*,#943,.F.);
#996 = PLANE('',#997);
#997 = AXIS2_PLACEMENT_3D('',#998,#999,#1000);
#998 = CARTESIAN_POINT('',(-2.125,-3.,0.));
#999 = DIRECTION('',(-0.,1.,0.));
#1000 = DIRECTION('',(0.,0.,1.));
#1001 = ADVANCED_FACE('',(#1002),#1018,.T.);
#1002 = FACE_BOUND('',#1003,.T.);
#1003 = EDGE_LOOP('',(#1004,#1010,#1011,#1017));
#1004 = ORIENTED_EDGE('',*,*,#1005,.F.);
#1005 = EDGE_CURVE('',#914,#954,#1006,.T.);
#1006 = LINE('',#1007,#1008);
#1007 = CARTESIAN_POINT('',(-2.125,-2.4,0.));
#1008 = VECTOR('',#1009,1.);
#1009 = DIRECTION('',(1.,0.,-0.));
#1010 = ORIENTED_EDGE('',*,*,#921,.T.);
#1011 = ORIENTED_EDGE('',*,*,#1012,.T.);
#1012 = EDGE_CURVE('',#922,#962,#1013,.T.);
#1013 = LINE('',#1014,#1015);
#1014 = CARTESIAN_POINT('',(-2.125,-2.4,0.2));
#1015 = VECTOR('',#1016,1.);
#1016 = DIRECTION('',(1.,0.,-0.));
#1017 = ORIENTED_EDGE('',*,*,#961,.F.);
#1018 = PLANE('',#1019);
#1019 = AXIS2_PLACEMENT_3D('',#1020,#1021,#1022);
#1020 = CARTESIAN_POINT('',(-2.125,-2.4,0.));
#1021 = DIRECTION('',(-0.,1.,0.));
#1022 = DIRECTION('',(0.,0.,1.));
#1023 = ADVANCED_FACE('',(#1024),#1030,.F.);
#1024 = FACE_BOUND('',#1025,.F.);
#1025 = EDGE_LOOP('',(#1026,#1027,#1028,#1029));
#1026 = ORIENTED_EDGE('',*,*,#913,.F.);
#1027 = ORIENTED_EDGE('',*,*,#983,.T.);
#1028 = ORIENTED_EDGE('',*,*,#953,.T.);
#1029 = ORIENTED_EDGE('',*,*,#1005,.F.);
#1030 = PLANE('',#1031);
#1031 = AXIS2_PLACEMENT_3D('',#1032,#1033,#1034);
#1032 = CARTESIAN_POINT('',(-2.125,-3.,0.));
#1033 = DIRECTION('',(0.,0.,1.));
#1034 = DIRECTION('',(1.,0.,-0.));
#1035 = ADVANCED_FACE('',(#1036),#1042,.T.);
#1036 = FACE_BOUND('',#1037,.T.);
#1037 = EDGE_LOOP('',(#1038,#1039,#1040,#1041));
#1038 = ORIENTED_EDGE('',*,*,#929,.F.);
#1039 = ORIENTED_EDGE('',*,*,#990,.T.);
#1040 = ORIENTED_EDGE('',*,*,#969,.T.);
#1041 = ORIENTED_EDGE('',*,*,#1012,.F.);
#1042 = PLANE('',#1043);
#1043 = AXIS2_PLACEMENT_3D('',#1044,#1045,#1046);
#1044 = CARTESIAN_POINT('',(-2.125,-3.,0.2));
#1045 = DIRECTION('',(0.,0.,1.));
#1046 = DIRECTION('',(1.,0.,-0.));
#1047 = ( GEOMETRIC_REPRESENTATION_CONTEXT(3) 
GLOBAL_UNCERTAINTY_ASSIGNED_CONTEXT((#1051)) 
GLOBAL_UNIT_ASSIGNED_CONTEXT((#1048,#1049,#1050)) REPRESENTATION_CONTEXT
('Context #1','3D Context with UNIT and UNCERTAINTY') );
#1048 = ( LENGTH_UNIT() NAMED_UNIT(*) SI_UNIT(.MILLI.,.METRE.) );
#1049 = ( NAMED_UNIT(*) PLANE_ANGLE_UNIT() SI_UNIT($,.RADIAN.) );
#1050 = ( NAMED_UNIT(*) SI_UNIT($,.STERADIAN.) SOLID_ANGLE_UNIT() );
#1051 = UNCERTAINTY_MEASURE_WITH_UNIT(LENGTH_MEASURE(1.E-07),#1048,
  'distance_accuracy_value','confusion accuracy');
#1052 = CONTEXT_DEPENDENT_SHAPE_REPRESENTATION(#1053,#1055);
#1053 = ( REPRESENTATION_RELATIONSHIP('','',#896,#10) 
REPRESENTATION_RELATIONSHIP_WITH_TRANSFORMATION(#1054) 
SHAPE_REPRESENTATION_RELATIONSHIP() );
#1054 = ITEM_DEFINED_TRANSFORMATION('','',#11,#31);
#1055 = PRODUCT_DEFINITION_SHAPE('Placement','Placement of an item',
  #1056);
#1056 = NEXT_ASSEMBLY_USAGE_OCCURRENCE('46','Terminal_10','',#5,#891,$);
#1057 = PRODUCT_RELATED_PRODUCT_CATEGORY('part',$,(#893));
#1058 = SHAPE_DEFINITION_REPRESENTATION(#1059,#1065);
#1059 = PRODUCT_DEFINITION_SHAPE('','',#1060);
#1060 = PRODUCT_DEFINITION('design','',#1061,#1064);
#1061 = PRODUCT_DEFINITION_FORMATION('','',#1062);
#1062 = PRODUCT('Terminal_19','Terminal_19','',(#1063));
#1063 = PRODUCT_CONTEXT('',#2,'mechanical');
#1064 = PRODUCT_DEFINITION_CONTEXT('part definition',#2,'design');
#1065 = ADVANCED_BREP_SHAPE_REPRESENTATION('',(#11,#1066),#1216);
#1066 = MANIFOLD_SOLID_BREP('',#1067);
#1067 = CLOSED_SHELL('',(#1068,#1108,#1148,#1170,#1192,#1204));
#1068 = ADVANCED_FACE('',(#1069),#1103,.F.);
#1069 = FACE_BOUND('',#1070,.F.);
#1070 = EDGE_LOOP('',(#1071,#1081,#1089,#1097));
#1071 = ORIENTED_EDGE('',*,*,#1072,.F.);
#1072 = EDGE_CURVE('',#1073,#1075,#1077,.T.);
#1073 = VERTEX_POINT('',#1074);
#1074 = CARTESIAN_POINT('',(2.4,-2.125,0.));
#1075 = VERTEX_POINT('',#1076);
#1076 = CARTESIAN_POINT('',(2.4,-2.125,0.2));
#1077 = LINE('',#1078,#1079);
#1078 = CARTESIAN_POINT('',(2.4,-2.125,0.));
#1079 = VECTOR('',#1080,1.);
#1080 = DIRECTION('',(0.,0.,1.));
#1081 = ORIENTED_EDGE('',*,*,#1082,.T.);
#1082 = EDGE_CURVE('',#1073,#1083,#1085,.T.);
#1083 = VERTEX_POINT('',#1084);
#1084 = CARTESIAN_POINT('',(2.4,-1.875,0.));
#1085 = LINE('',#1086,#1087);
#1086 = CARTESIAN_POINT('',(2.4,-2.125,0.));
#1087 = VECTOR('',#1088,1.);
#1088 = DIRECTION('',(-0.,1.,0.));
#1089 = ORIENTED_EDGE('',*,*,#1090,.T.);
#1090 = EDGE_CURVE('',#1083,#1091,#1093,.T.);
#1091 = VERTEX_POINT('',#1092);
#1092 = CARTESIAN_POINT('',(2.4,-1.875,0.2));
#1093 = LINE('',#1094,#1095);
#1094 = CARTESIAN_POINT('',(2.4,-1.875,0.));
#1095 = VECTOR('',#1096,1.);
#1096 = DIRECTION('',(0.,0.,1.));
#1097 = ORIENTED_EDGE('',*,*,#1098,.F.);
#1098 = EDGE_CURVE('',#1075,#1091,#1099,.T.);
#1099 = LINE('',#1100,#1101);
#1100 = CARTESIAN_POINT('',(2.4,-2.125,0.2));
#1101 = VECTOR('',#1102,1.);
#1102 = DIRECTION('',(-0.,1.,0.));
#1103 = PLANE('',#1104);
#1104 = AXIS2_PLACEMENT_3D('',#1105,#1106,#1107);
#1105 = CARTESIAN_POINT('',(2.4,-2.125,0.));
#1106 = DIRECTION('',(1.,0.,-0.));
#1107 = DIRECTION('',(0.,0.,1.));
#1108 = ADVANCED_FACE('',(#1109),#1143,.T.);
#1109 = FACE_BOUND('',#1110,.T.);
#1110 = EDGE_LOOP('',(#1111,#1121,#1129,#1137));
#1111 = ORIENTED_EDGE('',*,*,#1112,.F.);
#1112 = EDGE_CURVE('',#1113,#1115,#1117,.T.);
#1113 = VERTEX_POINT('',#1114);
#1114 = CARTESIAN_POINT('',(3.,-2.125,0.));
#1115 = VERTEX_POINT('',#1116);
#1116 = CARTESIAN_POINT('',(3.,-2.125,0.2));
#1117 = LINE('',#1118,#1119);
#1118 = CARTESIAN_POINT('',(3.,-2.125,0.));
#1119 = VECTOR('',#1120,1.);
#1120 = DIRECTION('',(0.,0.,1.));
#1121 = ORIENTED_EDGE('',*,*,#1122,.T.);
#1122 = EDGE_CURVE('',#1113,#1123,#1125,.T.);
#1123 = VERTEX_POINT('',#1124);
#1124 = CARTESIAN_POINT('',(3.,-1.875,0.));
#1125 = LINE('',#1126,#1127);
#1126 = CARTESIAN_POINT('',(3.,-2.125,0.));
#1127 = VECTOR('',#1128,1.);
#1128 = DIRECTION('',(-0.,1.,0.));
#1129 = ORIENTED_EDGE('',*,*,#1130,.T.);
#1130 = EDGE_CURVE('',#1123,#1131,#1133,.T.);
#1131 = VERTEX_POINT('',#1132);
#1132 = CARTESIAN_POINT('',(3.,-1.875,0.2));
#1133 = LINE('',#1134,#1135);
#1134 = CARTESIAN_POINT('',(3.,-1.875,0.));
#1135 = VECTOR('',#1136,1.);
#1136 = DIRECTION('',(0.,0.,1.));
#1137 = ORIENTED_EDGE('',*,*,#1138,.F.);
#1138 = EDGE_CURVE('',#1115,#1131,#1139,.T.);
#1139 = LINE('',#1140,#1141);
#1140 = CARTESIAN_POINT('',(3.,-2.125,0.2));
#1141 = VECTOR('',#1142,1.);
#1142 = DIRECTION('',(-0.,1.,0.));
#1143 = PLANE('',#1144);
#1144 = AXIS2_PLACEMENT_3D('',#1145,#1146,#1147);
#1145 = CARTESIAN_POINT('',(3.,-2.125,0.));
#1146 = DIRECTION('',(1.,0.,-0.));
#1147 = DIRECTION('',(0.,0.,1.));
#1148 = ADVANCED_FACE('',(#1149),#1165,.F.);
#1149 = FACE_BOUND('',#1150,.F.);
#1150 = EDGE_LOOP('',(#1151,#1157,#1158,#1164));
#1151 = ORIENTED_EDGE('',*,*,#1152,.F.);
#1152 = EDGE_CURVE('',#1073,#1113,#1153,.T.);
#1153 = LINE('',#1154,#1155);
#1154 = CARTESIAN_POINT('',(2.4,-2.125,0.));
#1155 = VECTOR('',#1156,1.);
#1156 = DIRECTION('',(1.,0.,-0.));
#1157 = ORIENTED_EDGE('',*,*,#1072,.T.);
#1158 = ORIENTED_EDGE('',*,*,#1159,.T.);
#1159 = EDGE_CURVE('',#1075,#1115,#1160,.T.);
#1160 = LINE('',#1161,#1162);
#1161 = CARTESIAN_POINT('',(2.4,-2.125,0.2));
#1162 = VECTOR('',#1163,1.);
#1163 = DIRECTION('',(1.,0.,-0.));
#1164 = ORIENTED_EDGE('',*,*,#1112,.F.);
#1165 = PLANE('',#1166);
#1166 = AXIS2_PLACEMENT_3D('',#1167,#1168,#1169);
#1167 = CARTESIAN_POINT('',(2.4,-2.125,0.));
#1168 = DIRECTION('',(-0.,1.,0.));
#1169 = DIRECTION('',(0.,0.,1.));
#1170 = ADVANCED_FACE('',(#1171),#1187,.T.);
#1171 = FACE_BOUND('',#1172,.T.);
#1172 = EDGE_LOOP('',(#1173,#1179,#1180,#1186));
#1173 = ORIENTED_EDGE('',*,*,#1174,.F.);
#1174 = EDGE_CURVE('',#1083,#1123,#1175,.T.);
#1175 = LINE('',#1176,#1177);
#1176 = CARTESIAN_POINT('',(2.4,-1.875,0.));
#1177 = VECTOR('',#1178,1.);
#1178 = DIRECTION('',(1.,0.,-0.));
#1179 = ORIENTED_EDGE('',*,*,#1090,.T.);
#1180 = ORIENTED_EDGE('',*,*,#1181,.T.);
#1181 = EDGE_CURVE('',#1091,#1131,#1182,.T.);
#1182 = LINE('',#1183,#1184);
#1183 = CARTESIAN_POINT('',(2.4,-1.875,0.2));
#1184 = VECTOR('',#1185,1.);
#1185 = DIRECTION('',(1.,0.,-0.));
#1186 = ORIENTED_EDGE('',*,*,#1130,.F.);
#1187 = PLANE('',#1188);
#1188 = AXIS2_PLACEMENT_3D('',#1189,#1190,#1191);
#1189 = CARTESIAN_POINT('',(2.4,-1.875,0.));
#1190 = DIRECTION('',(-0.,1.,0.));
#1191 = DIRECTION('',(0.,0.,1.));
#1192 = ADVANCED_FACE('',(#1193),#1199,.F.);
#1193 = FACE_BOUND('',#1194,.F.);
#1194 = EDGE_LOOP('',(#1195,#1196,#1197,#1198));
#1195 = ORIENTED_EDGE('',*,*,#1082,.F.);
#1196 = ORIENTED_EDGE('',*,*,#1152,.T.);
#1197 = ORIENTED_EDGE('',*,*,#1122,.T.);
#1198 = ORIENTED_EDGE('',*,*,#1174,.F.);
#1199 = PLANE('',#1200);
#1200 = AXIS2_PLACEMENT_3D('',#1201,#1202,#1203);
#1201 = CARTESIAN_POINT('',(2.4,-2.125,0.));
#1202 = DIRECTION('',(0.,0.,1.));
#1203 = DIRECTION('',(1.,0.,-0.));
#1204 = ADVANCED_FACE('',(#1205),#1211,.T.);
#1205 = FACE_BOUND('',#1206,.T.);
#1206 = EDGE_LOOP('',(#1207,#1208,#1209,#1210));
#1207 = ORIENTED_EDGE('',*,*,#1098,.F.);
#1208 = ORIENTED_EDGE('',*,*,#1159,.T.);
#1209 = ORIENTED_EDGE('',*,*,#1138,.T.);
#1210 = ORIENTED_EDGE('',*,*,#1181,.F.);
#1211 = PLANE('',#1212);
#1212 = AXIS2_PLACEMENT_3D('',#1213,#1214,#1215);
#1213 = CARTESIAN_POINT('',(2.4,-2.125,0.2));
#1214 = DIRECTION('',(0.,0.,1.));
#1215 = DIRECTION('',(1.,0.,-0.));
#1216 = ( GEOMETRIC_REPRESENTATION_CONTEXT(3) 
GLOBAL_UNCERTAINTY_ASSIGNED_CONTEXT((#1220)) 
GLOBAL_UNIT_ASSIGNED_CONTEXT((#1217,#1218,#1219)) REPRESENTATION_CONTEXT
('Context #1','3D Context with UNIT and UNCERTAINTY') );
#1217 = ( LENGTH_UNIT() NAMED_UNIT(*) SI_UNIT(.MILLI.,.METRE.) );
#1218 = ( NAMED_UNIT(*) PLANE_ANGLE_UNIT() SI_UNIT($,.RADIAN.) );
#1219 = ( NAMED_UNIT(*) SI_UNIT($,.STERADIAN.) SOLID_ANGLE_UNIT() );
#1220 = UNCERTAINTY_MEASURE_WITH_UNIT(LENGTH_MEASURE(1.E-07),#1217,
  'distance_accuracy_value','confusion accuracy');
#1221 = CONTEXT_DEPENDENT_SHAPE_REPRESENTATION(#1222,#1224);
#1222 = ( REPRESENTATION_RELATIONSHIP('','',#1065,#10) 
REPRESENTATION_RELATIONSHIP_WITH_TRANSFORMATION(#1223) 
SHAPE_REPRESENTATION_RELATIONSHIP() );
#1223 = ITEM_DEFINED_TRANSFORMATION('','',#11,#35);
#1224 = PRODUCT_DEFINITION_SHAPE('Placement','Placement of an item',
  #1225);
#1225 = NEXT_ASSEMBLY_USAGE_OCCURRENCE('47','Terminal_19','',#5,#1060,$
  );
#1226 = PRODUCT_RELATED_PRODUCT_CATEGORY('part',$,(#1062));
#1227 = SHAPE_DEFINITION_REPRESENTATION(#1228,#1234);
#1228 = PRODUCT_DEFINITION_SHAPE('','',#1229);
#1229 = PRODUCT_DEFINITION('design','',#1230,#1233);
#1230 = PRODUCT_DEFINITION_FORMATION('','',#1231);
#1231 = PRODUCT('Terminal_28','Terminal_28','',(#1232));
#1232 = PRODUCT_CONTEXT('',#2,'mechanical');
#1233 = PRODUCT_DEFINITION_CONTEXT('part definition',#2,'design');
#1234 = ADVANCED_BREP_SHAPE_REPRESENTATION('',(#11,#1235),#1385);
#1235 = MANIFOLD_SOLID_BREP('',#1236);
#1236 = CLOSED_SHELL('',(#1237,#1277,#1317,#1339,#1361,#1373));
#1237 = ADVANCED_FACE('',(#1238),#1272,.F.);
#1238 = FACE_BOUND('',#1239,.F.);
#1239 = EDGE_LOOP('',(#1240,#1250,#1258,#1266));
#1240 = ORIENTED_EDGE('',*,*,#1241,.F.);
#1241 = EDGE_CURVE('',#1242,#1244,#1246,.T.);
#1242 = VERTEX_POINT('',#1243);
#1243 = CARTESIAN_POINT('',(1.875,2.4,0.));
#1244 = VERTEX_POINT('',#1245);
#1245 = CARTESIAN_POINT('',(1.875,2.4,0.2));
#1246 = LINE('',#1247,#1248);
#1247 = CARTESIAN_POINT('',(1.875,2.4,0.));
#1248 = VECTOR('',#1249,1.);
#1249 = DIRECTION('',(0.,0.,1.));
#1250 = ORIENTED_EDGE('',*,*,#1251,.T.);
#1251 = EDGE_CURVE('',#1242,#1252,#1254,.T.);
#1252 = VERTEX_POINT('',#1253);
#1253 = CARTESIAN_POINT('',(1.875,3.,0.));
#1254 = LINE('',#1255,#1256);
#1255 = CARTESIAN_POINT('',(1.875,2.4,0.));
#1256 = VECTOR('',#1257,1.);
#1257 = DIRECTION('',(-0.,1.,0.));
#1258 = ORIENTED_EDGE('',*,*,#1259,.T.);
#1259 = EDGE_CURVE('',#1252,#1260,#1262,.T.);
#1260 = VERTEX_POINT('',#1261);
#1261 = CARTESIAN_POINT('',(1.875,3.,0.2));
#1262 = LINE('',#1263,#1264);
#1263 = CARTESIAN_POINT('',(1.875,3.,0.));
#1264 = VECTOR('',#1265,1.);
#1265 = DIRECTION('',(0.,0.,1.));
#1266 = ORIENTED_EDGE('',*,*,#1267,.F.);
#1267 = EDGE_CURVE('',#1244,#1260,#1268,.T.);
#1268 = LINE('',#1269,#1270);
#1269 = CARTESIAN_POINT('',(1.875,2.4,0.2));
#1270 = VECTOR('',#1271,1.);
#1271 = DIRECTION('',(-0.,1.,0.));
#1272 = PLANE('',#1273);
#1273 = AXIS2_PLACEMENT_3D('',#1274,#1275,#1276);
#1274 = CARTESIAN_POINT('',(1.875,2.4,0.));
#1275 = DIRECTION('',(1.,0.,-0.));
#1276 = DIRECTION('',(0.,0.,1.));
#1277 = ADVANCED_FACE('',(#1278),#1312,.T.);
#1278 = FACE_BOUND('',#1279,.T.);
#1279 = EDGE_LOOP('',(#1280,#1290,#1298,#1306));
#1280 = ORIENTED_EDGE('',*,*,#1281,.F.);
#1281 = EDGE_CURVE('',#1282,#1284,#1286,.T.);
#1282 = VERTEX_POINT('',#1283);
#1283 = CARTESIAN_POINT('',(2.125,2.4,0.));
#1284 = VERTEX_POINT('',#1285);
#1285 = CARTESIAN_POINT('',(2.125,2.4,0.2));
#1286 = LINE('',#1287,#1288);
#1287 = CARTESIAN_POINT('',(2.125,2.4,0.));
#1288 = VECTOR('',#1289,1.);
#1289 = DIRECTION('',(0.,0.,1.));
#1290 = ORIENTED_EDGE('',*,*,#1291,.T.);
#1291 = EDGE_CURVE('',#1282,#1292,#1294,.T.);
#1292 = VERTEX_POINT('',#1293);
#1293 = CARTESIAN_POINT('',(2.125,3.,0.));
#1294 = LINE('',#1295,#1296);
#1295 = CARTESIAN_POINT('',(2.125,2.4,0.));
#1296 = VECTOR('',#1297,1.);
#1297 = DIRECTION('',(-0.,1.,0.));
#1298 = ORIENTED_EDGE('',*,*,#1299,.T.);
#1299 = EDGE_CURVE('',#1292,#1300,#1302,.T.);
#1300 = VERTEX_POINT('',#1301);
#1301 = CARTESIAN_POINT('',(2.125,3.,0.2));
#1302 = LINE('',#1303,#1304);
#1303 = CARTESIAN_POINT('',(2.125,3.,0.));
#1304 = VECTOR('',#1305,1.);
#1305 = DIRECTION('',(0.,0.,1.));
#1306 = ORIENTED_EDGE('',*,*,#1307,.F.);
#1307 = EDGE_CURVE('',#1284,#1300,#1308,.T.);
#1308 = LINE('',#1309,#1310);
#1309 = CARTESIAN_POINT('',(2.125,2.4,0.2));
#1310 = VECTOR('',#1311,1.);
#1311 = DIRECTION('',(-0.,1.,0.));
#1312 = PLANE('',#1313);
#1313 = AXIS2_PLACEMENT_3D('',#1314,#1315,#1316);
#1314 = CARTESIAN_POINT('',(2.125,2.4,0.));
#1315 = DIRECTION('',(1.,0.,-0.));
#1316 = DIRECTION('',(0.,0.,1.));
#1317 = ADVANCED_FACE('',(#1318),#1334,.F.);
#1318 = FACE_BOUND('',#1319,.F.);
#1319 = EDGE_LOOP('',(#1320,#1326,#1327,#1333));
#1320 = ORIENTED_EDGE('',*,*,#1321,.F.);
#1321 = EDGE_CURVE('',#1242,#1282,#1322,.T.);
#1322 = LINE('',#1323,#1324);
#1323 = CARTESIAN_POINT('',(1.875,2.4,0.));
#1324 = VECTOR('',#1325,1.);
#1325 = DIRECTION('',(1.,0.,-0.));
#1326 = ORIENTED_EDGE('',*,*,#1241,.T.);
#1327 = ORIENTED_EDGE('',*,*,#1328,.T.);
#1328 = EDGE_CURVE('',#1244,#1284,#1329,.T.);
#1329 = LINE('',#1330,#1331);
#1330 = CARTESIAN_POINT('',(1.875,2.4,0.2));
#1331 = VECTOR('',#1332,1.);
#1332 = DIRECTION('',(1.,0.,-0.));
#1333 = ORIENTED_EDGE('',*,*,#1281,.F.);
#1334 = PLANE('',#1335);
#1335 = AXIS2_PLACEMENT_3D('',#1336,#1337,#1338);
#1336 = CARTESIAN_POINT('',(1.875,2.4,0.));
#1337 = DIRECTION('',(-0.,1.,0.));
#1338 = DIRECTION('',(0.,0.,1.));
#1339 = ADVANCED_FACE('',(#1340),#1356,.T.);
#1340 = FACE_BOUND('',#1341,.T.);
#1341 = EDGE_LOOP('',(#1342,#1348,#1349,#1355));
#1342 = ORIENTED_EDGE('',*,*,#1343,.F.);
#1343 = EDGE_CURVE('',#1252,#1292,#1344,.T.);
#1344 = LINE('',#1345,#1346);
#1345 = CARTESIAN_POINT('',(1.875,3.,0.));
#1346 = VECTOR('',#1347,1.);
#1347 = DIRECTION('',(1.,0.,-0.));
#1348 = ORIENTED_EDGE('',*,*,#1259,.T.);
#1349 = ORIENTED_EDGE('',*,*,#1350,.T.);
#1350 = EDGE_CURVE('',#1260,#1300,#1351,.T.);
#1351 = LINE('',#1352,#1353);
#1352 = CARTESIAN_POINT('',(1.875,3.,0.2));
#1353 = VECTOR('',#1354,1.);
#1354 = DIRECTION('',(1.,0.,-0.));
#1355 = ORIENTED_EDGE('',*,*,#1299,.F.);
#1356 = PLANE('',#1357);
#1357 = AXIS2_PLACEMENT_3D('',#1358,#1359,#1360);
#1358 = CARTESIAN_POINT('',(1.875,3.,0.));
#1359 = DIRECTION('',(-0.,1.,0.));
#1360 = DIRECTION('',(0.,0.,1.));
#1361 = ADVANCED_FACE('',(#1362),#1368,.F.);
#1362 = FACE_BOUND('',#1363,.F.);
#1363 = EDGE_LOOP('',(#1364,#1365,#1366,#1367));
#1364 = ORIENTED_EDGE('',*,*,#1251,.F.);
#1365 = ORIENTED_EDGE('',*,*,#1321,.T.);
#1366 = ORIENTED_EDGE('',*,*,#1291,.T.);
#1367 = ORIENTED_EDGE('',*,*,#1343,.F.);
#1368 = PLANE('',#1369);
#1369 = AXIS2_PLACEMENT_3D('',#1370,#1371,#1372);
#1370 = CARTESIAN_POINT('',(1.875,2.4,0.));
#1371 = DIRECTION('',(0.,0.,1.));
#1372 = DIRECTION('',(1.,0.,-0.));
#1373 = ADVANCED_FACE('',(#1374),#1380,.T.);
#1374 = FACE_BOUND('',#1375,.T.);
#1375 = EDGE_LOOP('',(#1376,#1377,#1378,#1379));
#1376 = ORIENTED_EDGE('',*,*,#1267,.F.);
#1377 = ORIENTED_EDGE('',*,*,#1328,.T.);
#1378 = ORIENTED_EDGE('',*,*,#1307,.T.);
#1379 = ORIENTED_EDGE('',*,*,#1350,.F.);
#1380 = PLANE('',#1381);
#1381 = AXIS2_PLACEMENT_3D('',#1382,#1383,#1384);
#1382 = CARTESIAN_POINT('',(1.875,2.4,0.2));
#1383 = DIRECTION('',(0.,0.,1.));
#1384 = DIRECTION('',(1.,0.,-0.));
#1385 = ( GEOMETRIC_REPRESENTATION_CONTEXT(3) 
GLOBAL_UNCERTAINTY_ASSIGNED_CONTEXT((#1389)) 
GLOBAL_UNIT_ASSIGNED_CONTEXT((#1386,#1387,#1388)) REPRESENTATION_CONTEXT
('Context #1','3D Context with UNIT and UNCERTAINTY') );
#1386 = ( LENGTH_UNIT() NAMED_UNIT(*) SI_UNIT(.MILLI.,.METRE.) );
#1387 = ( NAMED_UNIT(*) PLANE_ANGLE_UNIT() SI_UNIT($,.RADIAN.) );
#1388 = ( NAMED_UNIT(*) SI_UNIT($,.STERADIAN.) SOLID_ANGLE_UNIT() );
#1389 = UNCERTAINTY_MEASURE_WITH_UNIT(LENGTH_MEASURE(1.E-07),#1386,
  'distance_accuracy_value','confusion accuracy');
#1390 = CONTEXT_DEPENDENT_SHAPE_REPRESENTATION(#1391,#1393);
#1391 = ( REPRESENTATION_RELATIONSHIP('','',#1234,#10) 
REPRESENTATION_RELATIONSHIP_WITH_TRANSFORMATION(#1392) 
SHAPE_REPRESENTATION_RELATIONSHIP() );
#1392 = ITEM_DEFINED_TRANSFORMATION('','',#11,#39);
#1393 = PRODUCT_DEFINITION_SHAPE('Placement','Placement of an item',
  #1394);
#1394 = NEXT_ASSEMBLY_USAGE_OCCURRENCE('48','Terminal_28','',#5,#1229,$
  );
#1395 = PRODUCT_RELATED_PRODUCT_CATEGORY('part',$,(#1231));
#1396 = SHAPE_DEFINITION_REPRESENTATION(#1397,#1403);
#1397 = PRODUCT_DEFINITION_SHAPE('','',#1398);
#1398 = PRODUCT_DEFINITION('design','',#1399,#1402);
#1399 = PRODUCT_DEFINITION_FORMATION('','',#1400);
#1400 = PRODUCT('Terminal_2','Terminal_2','',(#1401));
#1401 = PRODUCT_CONTEXT('',#2,'mechanical');
#1402 = PRODUCT_DEFINITION_CONTEXT('part definition',#2,'design');
#1403 = ADVANCED_BREP_SHAPE_REPRESENTATION('',(#11,#1404),#1554);
#1404 = MANIFOLD_SOLID_BREP('',#1405);
#1405 = CLOSED_SHELL('',(#1406,#1446,#1486,#1508,#1530,#1542));
#1406 = ADVANCED_FACE('',(#1407),#1441,.F.);
#1407 = FACE_BOUND('',#1408,.F.);
#1408 = EDGE_LOOP('',(#1409,#1419,#1427,#1435));
#1409 = ORIENTED_EDGE('',*,*,#1410,.F.);
#1410 = EDGE_CURVE('',#1411,#1413,#1415,.T.);
#1411 = VERTEX_POINT('',#1412);
#1412 = CARTESIAN_POINT('',(-3.,1.375,0.));
#1413 = VERTEX_POINT('',#1414);
#1414 = CARTESIAN_POINT('',(-3.,1.375,0.2));
#1415 = LINE('',#1416,#1417);
#1416 = CARTESIAN_POINT('',(-3.,1.375,0.));
#1417 = VECTOR('',#1418,1.);
#1418 = DIRECTION('',(0.,0.,1.));
#1419 = ORIENTED_EDGE('',*,*,#1420,.T.);
#1420 = EDGE_CURVE('',#1411,#1421,#1423,.T.);
#1421 = VERTEX_POINT('',#1422);
#1422 = CARTESIAN_POINT('',(-3.,1.625,0.));
#1423 = LINE('',#1424,#1425);
#1424 = CARTESIAN_POINT('',(-3.,1.375,0.));
#1425 = VECTOR('',#1426,1.);
#1426 = DIRECTION('',(-0.,1.,0.));
#1427 = ORIENTED_EDGE('',*,*,#1428,.T.);
#1428 = EDGE_CURVE('',#1421,#1429,#1431,.T.);
#1429 = VERTEX_POINT('',#1430);
#1430 = CARTESIAN_POINT('',(-3.,1.625,0.2));
#1431 = LINE('',#1432,#1433);
#1432 = CARTESIAN_POINT('',(-3.,1.625,0.));
#1433 = VECTOR('',#1434,1.);
#1434 = DIRECTION('',(0.,0.,1.));
#1435 = ORIENTED_EDGE('',*,*,#1436,.F.);
#1436 = EDGE_CURVE('',#1413,#1429,#1437,.T.);
#1437 = LINE('',#1438,#1439);
#1438 = CARTESIAN_POINT('',(-3.,1.375,0.2));
#1439 = VECTOR('',#1440,1.);
#1440 = DIRECTION('',(-0.,1.,0.));
#1441 = PLANE('',#1442);
#1442 = AXIS2_PLACEMENT_3D('',#1443,#1444,#1445);
#1443 = CARTESIAN_POINT('',(-3.,1.375,0.));
#1444 = DIRECTION('',(1.,0.,-0.));
#1445 = DIRECTION('',(0.,0.,1.));
#1446 = ADVANCED_FACE('',(#1447),#1481,.T.);
#1447 = FACE_BOUND('',#1448,.T.);
#1448 = EDGE_LOOP('',(#1449,#1459,#1467,#1475));
#1449 = ORIENTED_EDGE('',*,*,#1450,.F.);
#1450 = EDGE_CURVE('',#1451,#1453,#1455,.T.);
#1451 = VERTEX_POINT('',#1452);
#1452 = CARTESIAN_POINT('',(-2.4,1.375,0.));
#1453 = VERTEX_POINT('',#1454);
#1454 = CARTESIAN_POINT('',(-2.4,1.375,0.2));
#1455 = LINE('',#1456,#1457);
#1456 = CARTESIAN_POINT('',(-2.4,1.375,0.));
#1457 = VECTOR('',#1458,1.);
#1458 = DIRECTION('',(0.,0.,1.));
#1459 = ORIENTED_EDGE('',*,*,#1460,.T.);
#1460 = EDGE_CURVE('',#1451,#1461,#1463,.T.);
#1461 = VERTEX_POINT('',#1462);
#1462 = CARTESIAN_POINT('',(-2.4,1.625,0.));
#1463 = LINE('',#1464,#1465);
#1464 = CARTESIAN_POINT('',(-2.4,1.375,0.));
#1465 = VECTOR('',#1466,1.);
#1466 = DIRECTION('',(-0.,1.,0.));
#1467 = ORIENTED_EDGE('',*,*,#1468,.T.);
#1468 = EDGE_CURVE('',#1461,#1469,#1471,.T.);
#1469 = VERTEX_POINT('',#1470);
#1470 = CARTESIAN_POINT('',(-2.4,1.625,0.2));
#1471 = LINE('',#1472,#1473);
#1472 = CARTESIAN_POINT('',(-2.4,1.625,0.));
#1473 = VECTOR('',#1474,1.);
#1474 = DIRECTION('',(0.,0.,1.));
#1475 = ORIENTED_EDGE('',*,*,#1476,.F.);
#1476 = EDGE_CURVE('',#1453,#1469,#1477,.T.);
#1477 = LINE('',#1478,#1479);
#1478 = CARTESIAN_POINT('',(-2.4,1.375,0.2));
#1479 = VECTOR('',#1480,1.);
#1480 = DIRECTION('',(-0.,1.,0.));
#1481 = PLANE('',#1482);
#1482 = AXIS2_PLACEMENT_3D('',#1483,#1484,#1485);
#1483 = CARTESIAN_POINT('',(-2.4,1.375,0.));
#1484 = DIRECTION('',(1.,0.,-0.));
#1485 = DIRECTION('',(0.,0.,1.));
#1486 = ADVANCED_FACE('',(#1487),#1503,.F.);
#1487 = FACE_BOUND('',#1488,.F.);
#1488 = EDGE_LOOP('',(#1489,#1495,#1496,#1502));
#1489 = ORIENTED_EDGE('',*,*,#1490,.F.);
#1490 = EDGE_CURVE('',#1411,#1451,#1491,.T.);
#1491 = LINE('',#1492,#1493);
#1492 = CARTESIAN_POINT('',(-3.,1.375,0.));
#1493 = VECTOR('',#1494,1.);
#1494 = DIRECTION('',(1.,0.,-0.));
#1495 = ORIENTED_EDGE('',*,*,#1410,.T.);
#1496 = ORIENTED_EDGE('',*,*,#1497,.T.);
#1497 = EDGE_CURVE('',#1413,#1453,#1498,.T.);
#1498 = LINE('',#1499,#1500);
#1499 = CARTESIAN_POINT('',(-3.,1.375,0.2));
#1500 = VECTOR('',#1501,1.);
#1501 = DIRECTION('',(1.,0.,-0.));
#1502 = ORIENTED_EDGE('',*,*,#1450,.F.);
#1503 = PLANE('',#1504);
#1504 = AXIS2_PLACEMENT_3D('',#1505,#1506,#1507);
#1505 = CARTESIAN_POINT('',(-3.,1.375,0.));
#1506 = DIRECTION('',(-0.,1.,0.));
#1507 = DIRECTION('',(0.,0.,1.));
#1508 = ADVANCED_FACE('',(#1509),#1525,.T.);
#1509 = FACE_BOUND('',#1510,.T.);
#1510 = EDGE_LOOP('',(#1511,#1517,#1518,#1524));
#1511 = ORIENTED_EDGE('',*,*,#1512,.F.);
#1512 = EDGE_CURVE('',#1421,#1461,#1513,.T.);
#1513 = LINE('',#1514,#1515);
#1514 = CARTESIAN_POINT('',(-3.,1.625,0.));
#1515 = VECTOR('',#1516,1.);
#1516 = DIRECTION('',(1.,0.,-0.));
#1517 = ORIENTED_EDGE('',*,*,#1428,.T.);
#1518 = ORIENTED_EDGE('',*,*,#1519,.T.);
#1519 = EDGE_CURVE('',#1429,#1469,#1520,.T.);
#1520 = LINE('',#1521,#1522);
#1521 = CARTESIAN_POINT('',(-3.,1.625,0.2));
#1522 = VECTOR('',#1523,1.);
#1523 = DIRECTION('',(1.,0.,-0.));
#1524 = ORIENTED_EDGE('',*,*,#1468,.F.);
#1525 = PLANE('',#1526);
#1526 = AXIS2_PLACEMENT_3D('',#1527,#1528,#1529);
#1527 = CARTESIAN_POINT('',(-3.,1.625,0.));
#1528 = DIRECTION('',(-0.,1.,0.));
#1529 = DIRECTION('',(0.,0.,1.));
#1530 = ADVANCED_FACE('',(#1531),#1537,.F.);
#1531 = FACE_BOUND('',#1532,.F.);
#1532 = EDGE_LOOP('',(#1533,#1534,#1535,#1536));
#1533 = ORIENTED_EDGE('',*,*,#1420,.F.);
#1534 = ORIENTED_EDGE('',*,*,#1490,.T.);
#1535 = ORIENTED_EDGE('',*,*,#1460,.T.);
#1536 = ORIENTED_EDGE('',*,*,#1512,.F.);
#1537 = PLANE('',#1538);
#1538 = AXIS2_PLACEMENT_3D('',#1539,#1540,#1541);
#1539 = CARTESIAN_POINT('',(-3.,1.375,0.));
#1540 = DIRECTION('',(0.,0.,1.));
#1541 = DIRECTION('',(1.,0.,-0.));
#1542 = ADVANCED_FACE('',(#1543),#1549,.T.);
#1543 = FACE_BOUND('',#1544,.T.);
#1544 = EDGE_LOOP('',(#1545,#1546,#1547,#1548));
#1545 = ORIENTED_EDGE('',*,*,#1436,.F.);
#1546 = ORIENTED_EDGE('',*,*,#1497,.T.);
#1547 = ORIENTED_EDGE('',*,*,#1476,.T.);
#1548 = ORIENTED_EDGE('',*,*,#1519,.F.);
#1549 = PLANE('',#1550);
#1550 = AXIS2_PLACEMENT_3D('',#1551,#1552,#1553);
#1551 = CARTESIAN_POINT('',(-3.,1.375,0.2));
#1552 = DIRECTION('',(0.,0.,1.));
#1553 = DIRECTION('',(1.,0.,-0.));
#1554 = ( GEOMETRIC_REPRESENTATION_CONTEXT(3) 
GLOBAL_UNCERTAINTY_ASSIGNED_CONTEXT((#1558)) 
GLOBAL_UNIT_ASSIGNED_CONTEXT((#1555,#1556,#1557)) REPRESENTATION_CONTEXT
('Context #1','3D Context with UNIT and UNCERTAINTY') );
#1555 = ( LENGTH_UNIT() NAMED_UNIT(*) SI_UNIT(.MILLI.,.METRE.) );
#1556 = ( NAMED_UNIT(*) PLANE_ANGLE_UNIT() SI_UNIT($,.RADIAN.) );
#1557 = ( NAMED_UNIT(*) SI_UNIT($,.STERADIAN.) SOLID_ANGLE_UNIT() );
#1558 = UNCERTAINTY_MEASURE_WITH_UNIT(LENGTH_MEASURE(1.E-07),#1555,
  'distance_accuracy_value','confusion accuracy');
#1559 = CONTEXT_DEPENDENT_SHAPE_REPRESENTATION(#1560,#1562);
#1560 = ( REPRESENTATION_RELATIONSHIP('','',#1403,#10) 
REPRESENTATION_RELATIONSHIP_WITH_TRANSFORMATION(#1561) 
SHAPE_REPRESENTATION_RELATIONSHIP() );
#1561 = ITEM_DEFINED_TRANSFORMATION('','',#11,#43);
#1562 = PRODUCT_DEFINITION_SHAPE('Placement','Placement of an item',
  #1563);
#1563 = NEXT_ASSEMBLY_USAGE_OCCURRENCE('49','Terminal_2','',#5,#1398,$);
#1564 = PRODUCT_RELATED_PRODUCT_CATEGORY('part',$,(#1400));
#1565 = SHAPE_DEFINITION_REPRESENTATION(#1566,#1572);
#1566 = PRODUCT_DEFINITION_SHAPE('','',#1567);
#1567 = PRODUCT_DEFINITION('design','',#1568,#1571);
#1568 = PRODUCT_DEFINITION_FORMATION('','',#1569);
#1569 = PRODUCT('Terminal_11','Terminal_11','',(#1570));
#1570 = PRODUCT_CONTEXT('',#2,'mechanical');
#1571 = PRODUCT_DEFINITION_CONTEXT('part definition',#2,'design');
#1572 = ADVANCED_BREP_SHAPE_REPRESENTATION('',(#11,#1573),#1723);
#1573 = MANIFOLD_SOLID_BREP('',#1574);
#1574 = CLOSED_SHELL('',(#1575,#1615,#1655,#1677,#1699,#1711));
#1575 = ADVANCED_FACE('',(#1576),#1610,.F.);
#1576 = FACE_BOUND('',#1577,.F.);
#1577 = EDGE_LOOP('',(#1578,#1588,#1596,#1604));
#1578 = ORIENTED_EDGE('',*,*,#1579,.F.);
#1579 = EDGE_CURVE('',#1580,#1582,#1584,.T.);
#1580 = VERTEX_POINT('',#1581);
#1581 = CARTESIAN_POINT('',(-1.625,-3.,0.));
#1582 = VERTEX_POINT('',#1583);
#1583 = CARTESIAN_POINT('',(-1.625,-3.,0.2));
#1584 = LINE('',#1585,#1586);
#1585 = CARTESIAN_POINT('',(-1.625,-3.,0.));
#1586 = VECTOR('',#1587,1.);
#1587 = DIRECTION('',(0.,0.,1.));
#1588 = ORIENTED_EDGE('',*,*,#1589,.T.);
#1589 = EDGE_CURVE('',#1580,#1590,#1592,.T.);
#1590 = VERTEX_POINT('',#1591);
#1591 = CARTESIAN_POINT('',(-1.625,-2.4,0.));
#1592 = LINE('',#1593,#1594);
#1593 = CARTESIAN_POINT('',(-1.625,-3.,0.));
#1594 = VECTOR('',#1595,1.);
#1595 = DIRECTION('',(-0.,1.,0.));
#1596 = ORIENTED_EDGE('',*,*,#1597,.T.);
#1597 = EDGE_CURVE('',#1590,#1598,#1600,.T.);
#1598 = VERTEX_POINT('',#1599);
#1599 = CARTESIAN_POINT('',(-1.625,-2.4,0.2));
#1600 = LINE('',#1601,#1602);
#1601 = CARTESIAN_POINT('',(-1.625,-2.4,0.));
#1602 = VECTOR('',#1603,1.);
#1603 = DIRECTION('',(0.,0.,1.));
#1604 = ORIENTED_EDGE('',*,*,#1605,.F.);
#1605 = EDGE_CURVE('',#1582,#1598,#1606,.T.);
#1606 = LINE('',#1607,#1608);
#1607 = CARTESIAN_POINT('',(-1.625,-3.,0.2));
#1608 = VECTOR('',#1609,1.);
#1609 = DIRECTION('',(-0.,1.,0.));
#1610 = PLANE('',#1611);
#1611 = AXIS2_PLACEMENT_3D('',#1612,#1613,#1614);
#1612 = CARTESIAN_POINT('',(-1.625,-3.,0.));
#1613 = DIRECTION('',(1.,0.,-0.));
#1614 = DIRECTION('',(0.,0.,1.));
#1615 = ADVANCED_FACE('',(#1616),#1650,.T.);
#1616 = FACE_BOUND('',#1617,.T.);
#1617 = EDGE_LOOP('',(#1618,#1628,#1636,#1644));
#1618 = ORIENTED_EDGE('',*,*,#1619,.F.);
#1619 = EDGE_CURVE('',#1620,#1622,#1624,.T.);
#1620 = VERTEX_POINT('',#1621);
#1621 = CARTESIAN_POINT('',(-1.375,-3.,0.));
#1622 = VERTEX_POINT('',#1623);
#1623 = CARTESIAN_POINT('',(-1.375,-3.,0.2));
#1624 = LINE('',#1625,#1626);
#1625 = CARTESIAN_POINT('',(-1.375,-3.,0.));
#1626 = VECTOR('',#1627,1.);
#1627 = DIRECTION('',(0.,0.,1.));
#1628 = ORIENTED_EDGE('',*,*,#1629,.T.);
#1629 = EDGE_CURVE('',#1620,#1630,#1632,.T.);
#1630 = VERTEX_POINT('',#1631);
#1631 = CARTESIAN_POINT('',(-1.375,-2.4,0.));
#1632 = LINE('',#1633,#1634);
#1633 = CARTESIAN_POINT('',(-1.375,-3.,0.));
#1634 = VECTOR('',#1635,1.);
#1635 = DIRECTION('',(-0.,1.,0.));
#1636 = ORIENTED_EDGE('',*,*,#1637,.T.);
#1637 = EDGE_CURVE('',#1630,#1638,#1640,.T.);
#1638 = VERTEX_POINT('',#1639);
#1639 = CARTESIAN_POINT('',(-1.375,-2.4,0.2));
#1640 = LINE('',#1641,#1642);
#1641 = CARTESIAN_POINT('',(-1.375,-2.4,0.));
#1642 = VECTOR('',#1643,1.);
#1643 = DIRECTION('',(0.,0.,1.));
#1644 = ORIENTED_EDGE('',*,*,#1645,.F.);
#1645 = EDGE_CURVE('',#1622,#1638,#1646,.T.);
#1646 = LINE('',#1647,#1648);
#1647 = CARTESIAN_POINT('',(-1.375,-3.,0.2));
#1648 = VECTOR('',#1649,1.);
#1649 = DIRECTION('',(-0.,1.,0.));
#1650 = PLANE('',#1651);
#1651 = AXIS2_PLACEMENT_3D('',#1652,#1653,#1654);
#1652 = CARTESIAN_POINT('',(-1.375,-3.,0.));
#1653 = DIRECTION('',(1.,0.,-0.));
#1654 = DIRECTION('',(0.,0.,1.));
#1655 = ADVANCED_FACE('',(#1656),#1672,.F.);
#1656 = FACE_BOUND('',#1657,.F.);
#1657 = EDGE_LOOP('',(#1658,#1664,#1665,#1671));
#1658 = ORIENTED_EDGE('',*,*,#1659,.F.);
#1659 = EDGE_CURVE('',#1580,#1620,#1660,.T.);
#1660 = LINE('',#1661,#1662);
#1661 = CARTESIAN_POINT('',(-1.625,-3.,0.));
#1662 = VECTOR('',#1663,1.);
#1663 = DIRECTION('',(1.,0.,-0.));
#1664 = ORIENTED_EDGE('',*,*,#1579,.T.);
#1665 = ORIENTED_EDGE('',*,*,#1666,.T.);
#1666 = EDGE_CURVE('',#1582,#1622,#1667,.T.);
#1667 = LINE('',#1668,#1669);
#1668 = CARTESIAN_POINT('',(-1.625,-3.,0.2));
#1669 = VECTOR('',#1670,1.);
#1670 = DIRECTION('',(1.,0.,-0.));
#1671 = ORIENTED_EDGE('',*,*,#1619,.F.);
#1672 = PLANE('',#1673);
#1673 = AXIS2_PLACEMENT_3D('',#1674,#1675,#1676);
#1674 = CARTESIAN_POINT('',(-1.625,-3.,0.));
#1675 = DIRECTION('',(-0.,1.,0.));
#1676 = DIRECTION('',(0.,0.,1.));
#1677 = ADVANCED_FACE('',(#1678),#1694,.T.);
#1678 = FACE_BOUND('',#1679,.T.);
#1679 = EDGE_LOOP('',(#1680,#1686,#1687,#1693));
#1680 = ORIENTED_EDGE('',*,*,#1681,.F.);
#1681 = EDGE_CURVE('',#1590,#1630,#1682,.T.);
#1682 = LINE('',#1683,#1684);
#1683 = CARTESIAN_POINT('',(-1.625,-2.4,0.));
#1684 = VECTOR('',#1685,1.);
#1685 = DIRECTION('',(1.,0.,-0.));
#1686 = ORIENTED_EDGE('',*,*,#1597,.T.);
#1687 = ORIENTED_EDGE('',*,*,#1688,.T.);
#1688 = EDGE_CURVE('',#1598,#1638,#1689,.T.);
#1689 = LINE('',#1690,#1691);
#1690 = CARTESIAN_POINT('',(-1.625,-2.4,0.2));
#1691 = VECTOR('',#1692,1.);
#1692 = DIRECTION('',(1.,0.,-0.));
#1693 = ORIENTED_EDGE('',*,*,#1637,.F.);
#1694 = PLANE('',#1695);
#1695 = AXIS2_PLACEMENT_3D('',#1696,#1697,#1698);
#1696 = CARTESIAN_POINT('',(-1.625,-2.4,0.));
#1697 = DIRECTION('',(-0.,1.,0.));
#1698 = DIRECTION('',(0.,0.,1.));
#1699 = ADVANCED_FACE('',(#1700),#1706,.F.);
#1700 = FACE_BOUND('',#1701,.F.);
#1701 = EDGE_LOOP('',(#1702,#1703,#1704,#1705));
#1702 = ORIENTED_EDGE('',*,*,#1589,.F.);
#1703 = ORIENTED_EDGE('',*,*,#1659,.T.);
#1704 = ORIENTED_EDGE('',*,*,#1629,.T.);
#1705 = ORIENTED_EDGE('',*,*,#1681,.F.);
#1706 = PLANE('',#1707);
#1707 = AXIS2_PLACEMENT_3D('',#1708,#1709,#1710);
#1708 = CARTESIAN_POINT('',(-1.625,-3.,0.));
#1709 = DIRECTION('',(0.,0.,1.));
#1710 = DIRECTION('',(1.,0.,-0.));
#1711 = ADVANCED_FACE('',(#1712),#1718,.T.);
#1712 = FACE_BOUND('',#1713,.T.);
#1713 = EDGE_LOOP('',(#1714,#1715,#1716,#1717));
#1714 = ORIENTED_EDGE('',*,*,#1605,.F.);
#1715 = ORIENTED_EDGE('',*,*,#1666,.T.);
#1716 = ORIENTED_EDGE('',*,*,#1645,.T.);
#1717 = ORIENTED_EDGE('',*,*,#1688,.F.);
#1718 = PLANE('',#1719);
#1719 = AXIS2_PLACEMENT_3D('',#1720,#1721,#1722);
#1720 = CARTESIAN_POINT('',(-1.625,-3.,0.2));
#1721 = DIRECTION('',(0.,0.,1.));
#1722 = DIRECTION('',(1.,0.,-0.));
#1723 = ( GEOMETRIC_REPRESENTATION_CONTEXT(3) 
GLOBAL_UNCERTAINTY_ASSIGNED_CONTEXT((#1727)) 
GLOBAL_UNIT_ASSIGNED_CONTEXT((#1724,#1725,#1726)) REPRESENTATION_CONTEXT
('Context #1','3D Context with UNIT and UNCERTAINTY') );
#1724 = ( LENGTH_UNIT() NAMED_UNIT(*) SI_UNIT(.MILLI.,.METRE.) );
#1725 = ( NAMED_UNIT(*) PLANE_ANGLE_UNIT() SI_UNIT($,.RADIAN.) );
#1726 = ( NAMED_UNIT(*) SI_UNIT($,.STERADIAN.) SOLID_ANGLE_UNIT() );
#1727 = UNCERTAINTY_MEASURE_WITH_UNIT(LENGTH_MEASURE(1.E-07),#1724,
  'distance_accuracy_value','confusion accuracy');
#1728 = CONTEXT_DEPENDENT_SHAPE_REPRESENTATION(#1729,#1731);
#1729 = ( REPRESENTATION_RELATIONSHIP('','',#1572,#10) 
REPRESENTATION_RELATIONSHIP_WITH_TRANSFORMATION(#1730) 
SHAPE_REPRESENTATION_RELATIONSHIP() );
#1730 = ITEM_DEFINED_TRANSFORMATION('','',#11,#47);
#1731 = PRODUCT_DEFINITION_SHAPE('Placement','Placement of an item',
  #1732);
#1732 = NEXT_ASSEMBLY_USAGE_OCCURRENCE('50','Terminal_11','',#5,#1567,$
  );
#1733 = PRODUCT_RELATED_PRODUCT_CATEGORY('part',$,(#1569));
#1734 = SHAPE_DEFINITION_REPRESENTATION(#1735,#1741);
#1735 = PRODUCT_DEFINITION_SHAPE('','',#1736);
#1736 = PRODUCT_DEFINITION('design','',#1737,#1740);
#1737 = PRODUCT_DEFINITION_FORMATION('','',#1738);
#1738 = PRODUCT('Terminal_20','Terminal_20','',(#1739));
#1739 = PRODUCT_CONTEXT('',#2,'mechanical');
#1740 = PRODUCT_DEFINITION_CONTEXT('part definition',#2,'design');
#1741 = ADVANCED_BREP_SHAPE_REPRESENTATION('',(#11,#1742),#1892);
#1742 = MANIFOLD_SOLID_BREP('',#1743);
#1743 = CLOSED_SHELL('',(#1744,#1784,#1824,#1846,#1868,#1880));
#1744 = ADVANCED_FACE('',(#1745),#1779,.F.);
#1745 = FACE_BOUND('',#1746,.F.);
#1746 = EDGE_LOOP('',(#1747,#1757,#1765,#1773));
#1747 = ORIENTED_EDGE('',*,*,#1748,.F.);
#1748 = EDGE_CURVE('',#1749,#1751,#1753,.T.);
#1749 = VERTEX_POINT('',#1750);
#1750 = CARTESIAN_POINT('',(2.4,-1.625,0.));
#1751 = VERTEX_POINT('',#1752);
#1752 = CARTESIAN_POINT('',(2.4,-1.625,0.2));
#1753 = LINE('',#1754,#1755);
#1754 = CARTESIAN_POINT('',(2.4,-1.625,0.));
#1755 = VECTOR('',#1756,1.);
#1756 = DIRECTION('',(0.,0.,1.));
#1757 = ORIENTED_EDGE('',*,*,#1758,.T.);
#1758 = EDGE_CURVE('',#1749,#1759,#1761,.T.);
#1759 = VERTEX_POINT('',#1760);
#1760 = CARTESIAN_POINT('',(2.4,-1.375,0.));
#1761 = LINE('',#1762,#1763);
#1762 = CARTESIAN_POINT('',(2.4,-1.625,0.));
#1763 = VECTOR('',#1764,1.);
#1764 = DIRECTION('',(-0.,1.,0.));
#1765 = ORIENTED_EDGE('',*,*,#1766,.T.);
#1766 = EDGE_CURVE('',#1759,#1767,#1769,.T.);
#1767 = VERTEX_POINT('',#1768);
#1768 = CARTESIAN_POINT('',(2.4,-1.375,0.2));
#1769 = LINE('',#1770,#1771);
#1770 = CARTESIAN_POINT('',(2.4,-1.375,0.));
#1771 = VECTOR('',#1772,1.);
#1772 = DIRECTION('',(0.,0.,1.));
#1773 = ORIENTED_EDGE('',*,*,#1774,.F.);
#1774 = EDGE_CURVE('',#1751,#1767,#1775,.T.);
#1775 = LINE('',#1776,#1777);
#1776 = CARTESIAN_POINT('',(2.4,-1.625,0.2));
#1777 = VECTOR('',#1778,1.);
#1778 = DIRECTION('',(-0.,1.,0.));
#1779 = PLANE('',#1780);
#1780 = AXIS2_PLACEMENT_3D('',#1781,#1782,#1783);
#1781 = CARTESIAN_POINT('',(2.4,-1.625,0.));
#1782 = DIRECTION('',(1.,0.,-0.));
#1783 = DIRECTION('',(0.,0.,1.));
#1784 = ADVANCED_FACE('',(#1785),#1819,.T.);
#1785 = FACE_BOUND('',#1786,.T.);
#1786 = EDGE_LOOP('',(#1787,#1797,#1805,#1813));
#1787 = ORIENTED_EDGE('',*,*,#1788,.F.);
#1788 = EDGE_CURVE('',#1789,#1791,#1793,.T.);
#1789 = VERTEX_POINT('',#1790);
#1790 = CARTESIAN_POINT('',(3.,-1.625,0.));
#1791 = VERTEX_POINT('',#1792);
#1792 = CARTESIAN_POINT('',(3.,-1.625,0.2));
#1793 = LINE('',#1794,#1795);
#1794 = CARTESIAN_POINT('',(3.,-1.625,0.));
#1795 = VECTOR('',#1796,1.);
#1796 = DIRECTION('',(0.,0.,1.));
#1797 = ORIENTED_EDGE('',*,*,#1798,.T.);
#1798 = EDGE_CURVE('',#1789,#1799,#1801,.T.);
#1799 = VERTEX_POINT('',#1800);
#1800 = CARTESIAN_POINT('',(3.,-1.375,0.));
#1801 = LINE('',#1802,#1803);
#1802 = CARTESIAN_POINT('',(3.,-1.625,0.));
#1803 = VECTOR('',#1804,1.);
#1804 = DIRECTION('',(-0.,1.,0.));
#1805 = ORIENTED_EDGE('',*,*,#1806,.T.);
#1806 = EDGE_CURVE('',#1799,#1807,#1809,.T.);
#1807 = VERTEX_POINT('',#1808);
#1808 = CARTESIAN_POINT('',(3.,-1.375,0.2));
#1809 = LINE('',#1810,#1811);
#1810 = CARTESIAN_POINT('',(3.,-1.375,0.));
#1811 = VECTOR('',#1812,1.);
#1812 = DIRECTION('',(0.,0.,1.));
#1813 = ORIENTED_EDGE('',*,*,#1814,.F.);
#1814 = EDGE_CURVE('',#1791,#1807,#1815,.T.);
#1815 = LINE('',#1816,#1817);
#1816 = CARTESIAN_POINT('',(3.,-1.625,0.2));
#1817 = VECTOR('',#1818,1.);
#1818 = DIRECTION('',(-0.,1.,0.));
#1819 = PLANE('',#1820);
#1820 = AXIS2_PLACEMENT_3D('',#1821,#1822,#1823);
#1821 = CARTESIAN_POINT('',(3.,-1.625,0.));
#1822 = DIRECTION('',(1.,0.,-0.));
#1823 = DIRECTION('',(0.,0.,1.));
#1824 = ADVANCED_FACE('',(#1825),#1841,.F.);
#1825 = FACE_BOUND('',#1826,.F.);
#1826 = EDGE_LOOP('',(#1827,#1833,#1834,#1840));
#1827 = ORIENTED_EDGE('',*,*,#1828,.F.);
#1828 = EDGE_CURVE('',#1749,#1789,#1829,.T.);
#1829 = LINE('',#1830,#1831);
#1830 = CARTESIAN_POINT('',(2.4,-1.625,0.));
#1831 = VECTOR('',#1832,1.);
#1832 = DIRECTION('',(1.,0.,-0.));
#1833 = ORIENTED_EDGE('',*,*,#1748,.T.);
#1834 = ORIENTED_EDGE('',*,*,#1835,.T.);
#1835 = EDGE_CURVE('',#1751,#1791,#1836,.T.);
#1836 = LINE('',#1837,#1838);
#1837 = CARTESIAN_POINT('',(2.4,-1.625,0.2));
#1838 = VECTOR('',#1839,1.);
#1839 = DIRECTION('',(1.,0.,-0.));
#1840 = ORIENTED_EDGE('',*,*,#1788,.F.);
#1841 = PLANE('',#1842);
#1842 = AXIS2_PLACEMENT_3D('',#1843,#1844,#1845);
#1843 = CARTESIAN_POINT('',(2.4,-1.625,0.));
#1844 = DIRECTION('',(-0.,1.,0.));
#1845 = DIRECTION('',(0.,0.,1.));
#1846 = ADVANCED_FACE('',(#1847),#1863,.T.);
#1847 = FACE_BOUND('',#1848,.T.);
#1848 = EDGE_LOOP('',(#1849,#1855,#1856,#1862));
#1849 = ORIENTED_EDGE('',*,*,#1850,.F.);
#1850 = EDGE_CURVE('',#1759,#1799,#1851,.T.);
#1851 = LINE('',#1852,#1853);
#1852 = CARTESIAN_POINT('',(2.4,-1.375,0.));
#1853 = VECTOR('',#1854,1.);
#1854 = DIRECTION('',(1.,0.,-0.));
#1855 = ORIENTED_EDGE('',*,*,#1766,.T.);
#1856 = ORIENTED_EDGE('',*,*,#1857,.T.);
#1857 = EDGE_CURVE('',#1767,#1807,#1858,.T.);
#1858 = LINE('',#1859,#1860);
#1859 = CARTESIAN_POINT('',(2.4,-1.375,0.2));
#1860 = VECTOR('',#1861,1.);
#1861 = DIRECTION('',(1.,0.,-0.));
#1862 = ORIENTED_EDGE('',*,*,#1806,.F.);
#1863 = PLANE('',#1864);
#1864 = AXIS2_PLACEMENT_3D('',#1865,#1866,#1867);
#1865 = CARTESIAN_POINT('',(2.4,-1.375,0.));
#1866 = DIRECTION('',(-0.,1.,0.));
#1867 = DIRECTION('',(0.,0.,1.));
#1868 = ADVANCED_FACE('',(#1869),#1875,.F.);
#1869 = FACE_BOUND('',#1870,.F.);
#1870 = EDGE_LOOP('',(#1871,#1872,#1873,#1874));
#1871 = ORIENTED_EDGE('',*,*,#1758,.F.);
#1872 = ORIENTED_EDGE('',*,*,#1828,.T.);
#1873 = ORIENTED_EDGE('',*,*,#1798,.T.);
#1874 = ORIENTED_EDGE('',*,*,#1850,.F.);
#1875 = PLANE('',#1876);
#1876 = AXIS2_PLACEMENT_3D('',#1877,#1878,#1879);
#1877 = CARTESIAN_POINT('',(2.4,-1.625,0.));
#1878 = DIRECTION('',(0.,0.,1.));
#1879 = DIRECTION('',(1.,0.,-0.));
#1880 = ADVANCED_FACE('',(#1881),#1887,.T.);
#1881 = FACE_BOUND('',#1882,.T.);
#1882 = EDGE_LOOP('',(#1883,#1884,#1885,#1886));
#1883 = ORIENTED_EDGE('',*,*,#1774,.F.);
#1884 = ORIENTED_EDGE('',*,*,#1835,.T.);
#1885 = ORIENTED_EDGE('',*,*,#1814,.T.);
#1886 = ORIENTED_EDGE('',*,*,#1857,.F.);
#1887 = PLANE('',#1888);
#1888 = AXIS2_PLACEMENT_3D('',#1889,#1890,#1891);
#1889 = CARTESIAN_POINT('',(2.4,-1.625,0.2));
#1890 = DIRECTION('',(0.,0.,1.));
#1891 = DIRECTION('',(1.,0.,-0.));
#1892 = ( GEOMETRIC_REPRESENTATION_CONTEXT(3) 
GLOBAL_UNCERTAINTY_ASSIGNED_CONTEXT((#1896)) 
GLOBAL_UNIT_ASSIGNED_CONTEXT((#1893,#1894,#1895)) REPRESENTATION_CONTEXT
('Context #1','3D Context with UNIT and UNCERTAINTY') );
#1893 = ( LENGTH_UNIT() NAMED_UNIT(*) SI_UNIT(.MILLI.,.METRE.) );
#1894 = ( NAMED_UNIT(*) PLANE_ANGLE_UNIT() SI_UNIT($,.RADIAN.) );
#1895 = ( NAMED_UNIT(*) SI_UNIT($,.STERADIAN.) SOLID_ANGLE_UNIT() );
#1896 = UNCERTAINTY_MEASURE_WITH_UNIT(LENGTH_MEASURE(1.E-07),#1893,
  'distance_accuracy_value','confusion accuracy');
#1897 = CONTEXT_DEPENDENT_SHAPE_REPRESENTATION(#1898,#1900);
#1898 = ( REPRESENTATION_RELATIONSHIP('','',#1741,#10) 
REPRESENTATION_RELATIONSHIP_WITH_TRANSFORMATION(#1899) 
SHAPE_REPRESENTATION_RELATIONSHIP() );
#1899 = ITEM_DEFINED_TRANSFORMATION('','',#11,#51);
#1900 = PRODUCT_DEFINITION_SHAPE('Placement','Placement of an item',
  #1901);
#1901 = NEXT_ASSEMBLY_USAGE_OCCURRENCE('51','Terminal_20','',#5,#1736,$
  );
#1902 = PRODUCT_RELATED_PRODUCT_CATEGORY('part',$,(#1738));
#1903 = SHAPE_DEFINITION_REPRESENTATION(#1904,#1910);
#1904 = PRODUCT_DEFINITION_SHAPE('','',#1905);
#1905 = PRODUCT_DEFINITION('design','',#1906,#1909);
#1906 = PRODUCT_DEFINITION_FORMATION('','',#1907);
#1907 = PRODUCT('Terminal_29','Terminal_29','',(#1908));
#1908 = PRODUCT_CONTEXT('',#2,'mechanical');
#1909 = PRODUCT_DEFINITION_CONTEXT('part definition',#2,'design');
#1910 = ADVANCED_BREP_SHAPE_REPRESENTATION('',(#11,#1911),#2061);
#1911 = MANIFOLD_SOLID_BREP('',#1912);
#1912 = CLOSED_SHELL('',(#1913,#1953,#1993,#2015,#2037,#2049));
#1913 = ADVANCED_FACE('',(#1914),#1948,.F.);
#1914 = FACE_BOUND('',#1915,.F.);
#1915 = EDGE_LOOP('',(#1916,#1926,#1934,#1942));
#1916 = ORIENTED_EDGE('',*,*,#1917,.F.);
#1917 = EDGE_CURVE('',#1918,#1920,#1922,.T.);
#1918 = VERTEX_POINT('',#1919);
#1919 = CARTESIAN_POINT('',(1.375,2.4,0.));
#1920 = VERTEX_POINT('',#1921);
#1921 = CARTESIAN_POINT('',(1.375,2.4,0.2));
#1922 = LINE('',#1923,#1924);
#1923 = CARTESIAN_POINT('',(1.375,2.4,0.));
#1924 = VECTOR('',#1925,1.);
#1925 = DIRECTION('',(0.,0.,1.));
#1926 = ORIENTED_EDGE('',*,*,#1927,.T.);
#1927 = EDGE_CURVE('',#1918,#1928,#1930,.T.);
#1928 = VERTEX_POINT('',#1929);
#1929 = CARTESIAN_POINT('',(1.375,3.,0.));
#1930 = LINE('',#1931,#1932);
#1931 = CARTESIAN_POINT('',(1.375,2.4,0.));
#1932 = VECTOR('',#1933,1.);
#1933 = DIRECTION('',(-0.,1.,0.));
#1934 = ORIENTED_EDGE('',*,*,#1935,.T.);
#1935 = EDGE_CURVE('',#1928,#1936,#1938,.T.);
#1936 = VERTEX_POINT('',#1937);
#1937 = CARTESIAN_POINT('',(1.375,3.,0.2));
#1938 = LINE('',#1939,#1940);
#1939 = CARTESIAN_POINT('',(1.375,3.,0.));
#1940 = VECTOR('',#1941,1.);
#1941 = DIRECTION('',(0.,0.,1.));
#1942 = ORIENTED_EDGE('',*,*,#1943,.F.);
#1943 = EDGE_CURVE('',#1920,#1936,#1944,.T.);
#1944 = LINE('',#1945,#1946);
#1945 = CARTESIAN_POINT('',(1.375,2.4,0.2));
#1946 = VECTOR('',#1947,1.);
#1947 = DIRECTION('',(-0.,1.,0.));
#1948 = PLANE('',#1949);
#1949 = AXIS2_PLACEMENT_3D('',#1950,#1951,#1952);
#1950 = CARTESIAN_POINT('',(1.375,2.4,0.));
#1951 = DIRECTION('',(1.,0.,-0.));
#1952 = DIRECTION('',(0.,0.,1.));
#1953 = ADVANCED_FACE('',(#1954),#1988,.T.);
#1954 = FACE_BOUND('',#1955,.T.);
#1955 = EDGE_LOOP('',(#1956,#1966,#1974,#1982));
#1956 = ORIENTED_EDGE('',*,*,#1957,.F.);
#1957 = EDGE_CURVE('',#1958,#1960,#1962,.T.);
#1958 = VERTEX_POINT('',#1959);
#1959 = CARTESIAN_POINT('',(1.625,2.4,0.));
#1960 = VERTEX_POINT('',#1961);
#1961 = CARTESIAN_POINT('',(1.625,2.4,0.2));
#1962 = LINE('',#1963,#1964);
#1963 = CARTESIAN_POINT('',(1.625,2.4,0.));
#1964 = VECTOR('',#1965,1.);
#1965 = DIRECTION('',(0.,0.,1.));
#1966 = ORIENTED_EDGE('',*,*,#1967,.T.);
#1967 = EDGE_CURVE('',#1958,#1968,#1970,.T.);
#1968 = VERTEX_POINT('',#1969);
#1969 = CARTESIAN_POINT('',(1.625,3.,0.));
#1970 = LINE('',#1971,#1972);
#1971 = CARTESIAN_POINT('',(1.625,2.4,0.));
#1972 = VECTOR('',#1973,1.);
#1973 = DIRECTION('',(-0.,1.,0.));
#1974 = ORIENTED_EDGE('',*,*,#1975,.T.);
#1975 = EDGE_CURVE('',#1968,#1976,#1978,.T.);
#1976 = VERTEX_POINT('',#1977);
#1977 = CARTESIAN_POINT('',(1.625,3.,0.2));
#1978 = LINE('',#1979,#1980);
#1979 = CARTESIAN_POINT('',(1.625,3.,0.));
#1980 = VECTOR('',#1981,1.);
#1981 = DIRECTION('',(0.,0.,1.));
#1982 = ORIENTED_EDGE('',*,*,#1983,.F.);
#1983 = EDGE_CURVE('',#1960,#1976,#1984,.T.);
#1984 = LINE('',#1985,#1986);
#1985 = CARTESIAN_POINT('',(1.625,2.4,0.2));
#1986 = VECTOR('',#1987,1.);
#1987 = DIRECTION('',(-0.,1.,0.));
#1988 = PLANE('',#1989);
#1989 = AXIS2_PLACEMENT_3D('',#1990,#1991,#1992);
#1990 = CARTESIAN_POINT('',(1.625,2.4,0.));
#1991 = DIRECTION('',(1.,0.,-0.));
#1992 = DIRECTION('',(0.,0.,1.));
#1993 = ADVANCED_FACE('',(#1994),#2010,.F.);
#1994 = FACE_BOUND('',#1995,.F.);
#1995 = EDGE_LOOP('',(#1996,#2002,#2003,#2009));
#1996 = ORIENTED_EDGE('',*,*,#1997,.F.);
#1997 = EDGE_CURVE('',#1918,#1958,#1998,.T.);
#1998 = LINE('',#1999,#2000);
#1999 = CARTESIAN_POINT('',(1.375,2.4,0.));
#2000 = VECTOR('',#2001,1.);
#2001 = DIRECTION('',(1.,0.,-0.));
#2002 = ORIENTED_EDGE('',*,*,#1917,.T.);
#2003 = ORIENTED_EDGE('',*,*,#2004,.T.);
#2004 = EDGE_CURVE('',#1920,#1960,#2005,.T.);
#2005 = LINE('',#2006,#2007);
#2006 = CARTESIAN_POINT('',(1.375,2.4,0.2));
#2007 = VECTOR('',#2008,1.);
#2008 = DIRECTION('',(1.,0.,-0.));
#2009 = ORIENTED_EDGE('',*,*,#1957,.F.);
#2010 = PLANE('',#2011);
#2011 = AXIS2_PLACEMENT_3D('',#2012,#2013,#2014);
#2012 = CARTESIAN_POINT('',(1.375,2.4,0.));
#2013 = DIRECTION('',(-0.,1.,0.));
#2014 = DIRECTION('',(0.,0.,1.));
#2015 = ADVANCED_FACE('',(#2016),#2032,.T.);
#2016 = FACE_BOUND('',#2017,.T.);
#2017 = EDGE_LOOP('',(#2018,#2024,#2025,#2031));
#2018 = ORIENTED_EDGE('',*,*,#2019,.F.);
#2019 = EDGE_CURVE('',#1928,#1968,#2020,.T.);
#2020 = LINE('',#2021,#2022);
#2021 = CARTESIAN_POINT('',(1.375,3.,0.));
#2022 = VECTOR('',#2023,1.);
#2023 = DIRECTION('',(1.,0.,-0.));
#2024 = ORIENTED_EDGE('',*,*,#1935,.T.);
#2025 = ORIENTED_EDGE('',*,*,#2026,.T.);
#2026 = EDGE_CURVE('',#1936,#1976,#2027,.T.);
#2027 = LINE('',#2028,#2029);
#2028 = CARTESIAN_POINT('',(1.375,3.,0.2));
#2029 = VECTOR('',#2030,1.);
#2030 = DIRECTION('',(1.,0.,-0.));
#2031 = ORIENTED_EDGE('',*,*,#1975,.F.);
#2032 = PLANE('',#2033);
#2033 = AXIS2_PLACEMENT_3D('',#2034,#2035,#2036);
#2034 = CARTESIAN_POINT('',(1.375,3.,0.));
#2035 = DIRECTION('',(-0.,1.,0.));
#2036 = DIRECTION('',(0.,0.,1.));
#2037 = ADVANCED_FACE('',(#2038),#2044,.F.);
#2038 = FACE_BOUND('',#2039,.F.);
#2039 = EDGE_LOOP('',(#2040,#2041,#2042,#2043));
#2040 = ORIENTED_EDGE('',*,*,#1927,.F.);
#2041 = ORIENTED_EDGE('',*,*,#1997,.T.);
#2042 = ORIENTED_EDGE('',*,*,#1967,.T.);
#2043 = ORIENTED_EDGE('',*,*,#2019,.F.);
#2044 = PLANE('',#2045);
#2045 = AXIS2_PLACEMENT_3D('',#2046,#2047,#2048);
#2046 = CARTESIAN_POINT('',(1.375,2.4,0.));
#2047 = DIRECTION('',(0.,0.,1.));
#2048 = DIRECTION('',(1.,0.,-0.));
#2049 = ADVANCED_FACE('',(#2050),#2056,.T.);
#2050 = FACE_BOUND('',#2051,.T.);
#2051 = EDGE_LOOP('',(#2052,#2053,#2054,#2055));
#2052 = ORIENTED_EDGE('',*,*,#1943,.F.);
#2053 = ORIENTED_EDGE('',*,*,#2004,.T.);
#2054 = ORIENTED_EDGE('',*,*,#1983,.T.);
#2055 = ORIENTED_EDGE('',*,*,#2026,.F.);
#2056 = PLANE('',#2057);
#2057 = AXIS2_PLACEMENT_3D('',#2058,#2059,#2060);
#2058 = CARTESIAN_POINT('',(1.375,2.4,0.2));
#2059 = DIRECTION('',(0.,0.,1.));
#2060 = DIRECTION('',(1.,0.,-0.));
#2061 = ( GEOMETRIC_REPRESENTATION_CONTEXT(3) 
GLOBAL_UNCERTAINTY_ASSIGNED_CONTEXT((#2065)) 
GLOBAL_UNIT_ASSIGNED_CONTEXT((#2062,#2063,#2064)) REPRESENTATION_CONTEXT
('Context #1','3D Context with UNIT and UNCERTAINTY') );
#2062 = ( LENGTH_UNIT() NAMED_UNIT(*) SI_UNIT(.MILLI.,.METRE.) );
#2063 = ( NAMED_UNIT(*) PLANE_ANGLE_UNIT() SI_UNIT($,.RADIAN.) );
#2064 = ( NAMED_UNIT(*) SI_UNIT($,.STERADIAN.) SOLID_ANGLE_UNIT() );
#2065 = UNCERTAINTY_MEASURE_WITH_UNIT(LENGTH_MEASURE(1.E-07),#2062,
  'distance_accuracy_value','confusion accuracy');
#2066 = CONTEXT_DEPENDENT_SHAPE_REPRESENTATION(#2067,#2069);
#2067 = ( REPRESENTATION_RELATIONSHIP('','',#1910,#10) 
REPRESENTATION_RELATIONSHIP_WITH_TRANSFORMATION(#2068) 
SHAPE_REPRESENTATION_RELATIONSHIP() );
#2068 = ITEM_DEFINED_TRANSFORMATION('','',#11,#55);
#2069 = PRODUCT_DEFINITION_SHAPE('Placement','Placement of an item',
  #2070);
#2070 = NEXT_ASSEMBLY_USAGE_OCCURRENCE('52','Terminal_29','',#5,#1905,$
  );
#2071 = PRODUCT_RELATED_PRODUCT_CATEGORY('part',$,(#1907));
#2072 = SHAPE_DEFINITION_REPRESENTATION(#2073,#2079);
#2073 = PRODUCT_DEFINITION_SHAPE('','',#2074);
#2074 = PRODUCT_DEFINITION('design','',#2075,#2078);
#2075 = PRODUCT_DEFINITION_FORMATION('','',#2076);
#2076 = PRODUCT('Terminal_3','Terminal_3','',(#2077));
#2077 = PRODUCT_CONTEXT('',#2,'mechanical');
#2078 = PRODUCT_DEFINITION_CONTEXT('part definition',#2,'design');
#2079 = ADVANCED_BREP_SHAPE_REPRESENTATION('',(#11,#2080),#2230);
#2080 = MANIFOLD_SOLID_BREP('',#2081);
#2081 = CLOSED_SHELL('',(#2082,#2122,#2162,#2184,#2206,#2218));
#2082 = ADVANCED_FACE('',(#2083),#2117,.F.);
#2083 = FACE_BOUND('',#2084,.F.);
#2084 = EDGE_LOOP('',(#2085,#2095,#2103,#2111));
#2085 = ORIENTED_EDGE('',*,*,#2086,.F.);
#2086 = EDGE_CURVE('',#2087,#2089,#2091,.T.);
#2087 = VERTEX_POINT('',#2088);
#2088 = CARTESIAN_POINT('',(-3.,0.875,0.));
#2089 = VERTEX_POINT('',#2090);
#2090 = CARTESIAN_POINT('',(-3.,0.875,0.2));
#2091 = LINE('',#2092,#2093);
#2092 = CARTESIAN_POINT('',(-3.,0.875,0.));
#2093 = VECTOR('',#2094,1.);
#2094 = DIRECTION('',(0.,0.,1.));
#2095 = ORIENTED_EDGE('',*,*,#2096,.T.);
#2096 = EDGE_CURVE('',#2087,#2097,#2099,.T.);
#2097 = VERTEX_POINT('',#2098);
#2098 = CARTESIAN_POINT('',(-3.,1.125,0.));
#2099 = LINE('',#2100,#2101);
#2100 = CARTESIAN_POINT('',(-3.,0.875,0.));
#2101 = VECTOR('',#2102,1.);
#2102 = DIRECTION('',(-0.,1.,0.));
#2103 = ORIENTED_EDGE('',*,*,#2104,.T.);
#2104 = EDGE_CURVE('',#2097,#2105,#2107,.T.);
#2105 = VERTEX_POINT('',#2106);
#2106 = CARTESIAN_POINT('',(-3.,1.125,0.2));
#2107 = LINE('',#2108,#2109);
#2108 = CARTESIAN_POINT('',(-3.,1.125,0.));
#2109 = VECTOR('',#2110,1.);
#2110 = DIRECTION('',(0.,0.,1.));
#2111 = ORIENTED_EDGE('',*,*,#2112,.F.);
#2112 = EDGE_CURVE('',#2089,#2105,#2113,.T.);
#2113 = LINE('',#2114,#2115);
#2114 = CARTESIAN_POINT('',(-3.,0.875,0.2));
#2115 = VECTOR('',#2116,1.);
#2116 = DIRECTION('',(-0.,1.,0.));
#2117 = PLANE('',#2118);
#2118 = AXIS2_PLACEMENT_3D('',#2119,#2120,#2121);
#2119 = CARTESIAN_POINT('',(-3.,0.875,0.));
#2120 = DIRECTION('',(1.,0.,-0.));
#2121 = DIRECTION('',(0.,0.,1.));
#2122 = ADVANCED_FACE('',(#2123),#2157,.T.);
#2123 = FACE_BOUND('',#2124,.T.);
#2124 = EDGE_LOOP('',(#2125,#2135,#2143,#2151));
#2125 = ORIENTED_EDGE('',*,*,#2126,.F.);
#2126 = EDGE_CURVE('',#2127,#2129,#2131,.T.);
#2127 = VERTEX_POINT('',#2128);
#2128 = CARTESIAN_POINT('',(-2.4,0.875,0.));
#2129 = VERTEX_POINT('',#2130);
#2130 = CARTESIAN_POINT('',(-2.4,0.875,0.2));
#2131 = LINE('',#2132,#2133);
#2132 = CARTESIAN_POINT('',(-2.4,0.875,0.));
#2133 = VECTOR('',#2134,1.);
#2134 = DIRECTION('',(0.,0.,1.));
#2135 = ORIENTED_EDGE('',*,*,#2136,.T.);
#2136 = EDGE_CURVE('',#2127,#2137,#2139,.T.);
#2137 = VERTEX_POINT('',#2138);
#2138 = CARTESIAN_POINT('',(-2.4,1.125,0.));
#2139 = LINE('',#2140,#2141);
#2140 = CARTESIAN_POINT('',(-2.4,0.875,0.));
#2141 = VECTOR('',#2142,1.);
#2142 = DIRECTION('',(-0.,1.,0.));
#2143 = ORIENTED_EDGE('',*,*,#2144,.T.);
#2144 = EDGE_CURVE('',#2137,#2145,#2147,.T.);
#2145 = VERTEX_POINT('',#2146);
#2146 = CARTESIAN_POINT('',(-2.4,1.125,0.2));
#2147 = LINE('',#2148,#2149);
#2148 = CARTESIAN_POINT('',(-2.4,1.125,0.));
#2149 = VECTOR('',#2150,1.);
#2150 = DIRECTION('',(0.,0.,1.));
#2151 = ORIENTED_EDGE('',*,*,#2152,.F.);
#2152 = EDGE_CURVE('',#2129,#2145,#2153,.T.);
#2153 = LINE('',#2154,#2155);
#2154 = CARTESIAN_POINT('',(-2.4,0.875,0.2));
#2155 = VECTOR('',#2156,1.);
#2156 = DIRECTION('',(-0.,1.,0.));
#2157 = PLANE('',#2158);
#2158 = AXIS2_PLACEMENT_3D('',#2159,#2160,#2161);
#2159 = CARTESIAN_POINT('',(-2.4,0.875,0.));
#2160 = DIRECTION('',(1.,0.,-0.));
#2161 = DIRECTION('',(0.,0.,1.));
#2162 = ADVANCED_FACE('',(#2163),#2179,.F.);
#2163 = FACE_BOUND('',#2164,.F.);
#2164 = EDGE_LOOP('',(#2165,#2171,#2172,#2178));
#2165 = ORIENTED_EDGE('',*,*,#2166,.F.);
#2166 = EDGE_CURVE('',#2087,#2127,#2167,.T.);
#2167 = LINE('',#2168,#2169);
#2168 = CARTESIAN_POINT('',(-3.,0.875,0.));
#2169 = VECTOR('',#2170,1.);
#2170 = DIRECTION('',(1.,0.,-0.));
#2171 = ORIENTED_EDGE('',*,*,#2086,.T.);
#2172 = ORIENTED_EDGE('',*,*,#2173,.T.);
#2173 = EDGE_CURVE('',#2089,#2129,#2174,.T.);
#2174 = LINE('',#2175,#2176);
#2175 = CARTESIAN_POINT('',(-3.,0.875,0.2));
#2176 = VECTOR('',#2177,1.);
#2177 = DIRECTION('',(1.,0.,-0.));
#2178 = ORIENTED_EDGE('',*,*,#2126,.F.);
#2179 = PLANE('',#2180);
#2180 = AXIS2_PLACEMENT_3D('',#2181,#2182,#2183);
#2181 = CARTESIAN_POINT('',(-3.,0.875,0.));
#2182 = DIRECTION('',(-0.,1.,0.));
#2183 = DIRECTION('',(0.,0.,1.));
#2184 = ADVANCED_FACE('',(#2185),#2201,.T.);
#2185 = FACE_BOUND('',#2186,.T.);
#2186 = EDGE_LOOP('',(#2187,#2193,#2194,#2200));
#2187 = ORIENTED_EDGE('',*,*,#2188,.F.);
#2188 = EDGE_CURVE('',#2097,#2137,#2189,.T.);
#2189 = LINE('',#2190,#2191);
#2190 = CARTESIAN_POINT('',(-3.,1.125,0.));
#2191 = VECTOR('',#2192,1.);
#2192 = DIRECTION('',(1.,0.,-0.));
#2193 = ORIENTED_EDGE('',*,*,#2104,.T.);
#2194 = ORIENTED_EDGE('',*,*,#2195,.T.);
#2195 = EDGE_CURVE('',#2105,#2145,#2196,.T.);
#2196 = LINE('',#2197,#2198);
#2197 = CARTESIAN_POINT('',(-3.,1.125,0.2));
#2198 = VECTOR('',#2199,1.);
#2199 = DIRECTION('',(1.,0.,-0.));
#2200 = ORIENTED_EDGE('',*,*,#2144,.F.);
#2201 = PLANE('',#2202);
#2202 = AXIS2_PLACEMENT_3D('',#2203,#2204,#2205);
#2203 = CARTESIAN_POINT('',(-3.,1.125,0.));
#2204 = DIRECTION('',(-0.,1.,0.));
#2205 = DIRECTION('',(0.,0.,1.));
#2206 = ADVANCED_FACE('',(#2207),#2213,.F.);
#2207 = FACE_BOUND('',#2208,.F.);
#2208 = EDGE_LOOP('',(#2209,#2210,#2211,#2212));
#2209 = ORIENTED_EDGE('',*,*,#2096,.F.);
#2210 = ORIENTED_EDGE('',*,*,#2166,.T.);
#2211 = ORIENTED_EDGE('',*,*,#2136,.T.);
#2212 = ORIENTED_EDGE('',*,*,#2188,.F.);
#2213 = PLANE('',#2214);
#2214 = AXIS2_PLACEMENT_3D('',#2215,#2216,#2217);
#2215 = CARTESIAN_POINT('',(-3.,0.875,0.));
#2216 = DIRECTION('',(0.,0.,1.));
#2217 = DIRECTION('',(1.,0.,-0.));
#2218 = ADVANCED_FACE('',(#2219),#2225,.T.);
#2219 = FACE_BOUND('',#2220,.T.);
#2220 = EDGE_LOOP('',(#2221,#2222,#2223,#2224));
#2221 = ORIENTED_EDGE('',*,*,#2112,.F.);
#2222 = ORIENTED_EDGE('',*,*,#2173,.T.);
#2223 = ORIENTED_EDGE('',*,*,#2152,.T.);
#2224 = ORIENTED_EDGE('',*,*,#2195,.F.);
#2225 = PLANE('',#2226);
#2226 = AXIS2_PLACEMENT_3D('',#2227,#2228,#2229);
#2227 = CARTESIAN_POINT('',(-3.,0.875,0.2));
#2228 = DIRECTION('',(0.,0.,1.));
#2229 = DIRECTION('',(1.,0.,-0.));
#2230 = ( GEOMETRIC_REPRESENTATION_CONTEXT(3) 
GLOBAL_UNCERTAINTY_ASSIGNED_CONTEXT((#2234)) 
GLOBAL_UNIT_ASSIGNED_CONTEXT((#2231,#2232,#2233)) REPRESENTATION_CONTEXT
('Context #1','3D Context with UNIT and UNCERTAINTY') );
#2231 = ( LENGTH_UNIT() NAMED_UNIT(*) SI_UNIT(.MILLI.,.METRE.) );
#2232 = ( NAMED_UNIT(*) PLANE_ANGLE_UNIT() SI_UNIT($,.RADIAN.) );
#2233 = ( NAMED_UNIT(*) SI_UNIT($,.STERADIAN.) SOLID_ANGLE_UNIT() );
#2234 = UNCERTAINTY_MEASURE_WITH_UNIT(LENGTH_MEASURE(1.E-07),#2231,
  'distance_accuracy_value','confusion accuracy');
#2235 = CONTEXT_DEPENDENT_SHAPE_REPRESENTATION(#2236,#2238);
#2236 = ( REPRESENTATION_RELATIONSHIP('','',#2079,#10) 
REPRESENTATION_RELATIONSHIP_WITH_TRANSFORMATION(#2237) 
SHAPE_REPRESENTATION_RELATIONSHIP() );
#2237 = ITEM_DEFINED_TRANSFORMATION('','',#11,#59);
#2238 = PRODUCT_DEFINITION_SHAPE('Placement','Placement of an item',
  #2239);
#2239 = NEXT_ASSEMBLY_USAGE_OCCURRENCE('53','Terminal_3','',#5,#2074,$);
#2240 = PRODUCT_RELATED_PRODUCT_CATEGORY('part',$,(#2076));
#2241 = SHAPE_DEFINITION_REPRESENTATION(#2242,#2248);
#2242 = PRODUCT_DEFINITION_SHAPE('','',#2243);
#2243 = PRODUCT_DEFINITION('design','',#2244,#2247);
#2244 = PRODUCT_DEFINITION_FORMATION('','',#2245);
#2245 = PRODUCT('Terminal_12','Terminal_12','',(#2246));
#2246 = PRODUCT_CONTEXT('',#2,'mechanical');
#2247 = PRODUCT_DEFINITION_CONTEXT('part definition',#2,'design');
#2248 = ADVANCED_BREP_SHAPE_REPRESENTATION('',(#11,#2249),#2399);
#2249 = MANIFOLD_SOLID_BREP('',#2250);
#2250 = CLOSED_SHELL('',(#2251,#2291,#2331,#2353,#2375,#2387));
#2251 = ADVANCED_FACE('',(#2252),#2286,.F.);
#2252 = FACE_BOUND('',#2253,.F.);
#2253 = EDGE_LOOP('',(#2254,#2264,#2272,#2280));
#2254 = ORIENTED_EDGE('',*,*,#2255,.F.);
#2255 = EDGE_CURVE('',#2256,#2258,#2260,.T.);
#2256 = VERTEX_POINT('',#2257);
#2257 = CARTESIAN_POINT('',(-1.125,-3.,0.));
#2258 = VERTEX_POINT('',#2259);
#2259 = CARTESIAN_POINT('',(-1.125,-3.,0.2));
#2260 = LINE('',#2261,#2262);
#2261 = CARTESIAN_POINT('',(-1.125,-3.,0.));
#2262 = VECTOR('',#2263,1.);
#2263 = DIRECTION('',(0.,0.,1.));
#2264 = ORIENTED_EDGE('',*,*,#2265,.T.);
#2265 = EDGE_CURVE('',#2256,#2266,#2268,.T.);
#2266 = VERTEX_POINT('',#2267);
#2267 = CARTESIAN_POINT('',(-1.125,-2.4,0.));
#2268 = LINE('',#2269,#2270);
#2269 = CARTESIAN_POINT('',(-1.125,-3.,0.));
#2270 = VECTOR('',#2271,1.);
#2271 = DIRECTION('',(-0.,1.,0.));
#2272 = ORIENTED_EDGE('',*,*,#2273,.T.);
#2273 = EDGE_CURVE('',#2266,#2274,#2276,.T.);
#2274 = VERTEX_POINT('',#2275);
#2275 = CARTESIAN_POINT('',(-1.125,-2.4,0.2));
#2276 = LINE('',#2277,#2278);
#2277 = CARTESIAN_POINT('',(-1.125,-2.4,0.));
#2278 = VECTOR('',#2279,1.);
#2279 = DIRECTION('',(0.,0.,1.));
#2280 = ORIENTED_EDGE('',*,*,#2281,.F.);
#2281 = EDGE_CURVE('',#2258,#2274,#2282,.T.);
#2282 = LINE('',#2283,#2284);
#2283 = CARTESIAN_POINT('',(-1.125,-3.,0.2));
#2284 = VECTOR('',#2285,1.);
#2285 = DIRECTION('',(-0.,1.,0.));
#2286 = PLANE('',#2287);
#2287 = AXIS2_PLACEMENT_3D('',#2288,#2289,#2290);
#2288 = CARTESIAN_POINT('',(-1.125,-3.,0.));
#2289 = DIRECTION('',(1.,0.,-0.));
#2290 = DIRECTION('',(0.,0.,1.));
#2291 = ADVANCED_FACE('',(#2292),#2326,.T.);
#2292 = FACE_BOUND('',#2293,.T.);
#2293 = EDGE_LOOP('',(#2294,#2304,#2312,#2320));
#2294 = ORIENTED_EDGE('',*,*,#2295,.F.);
#2295 = EDGE_CURVE('',#2296,#2298,#2300,.T.);
#2296 = VERTEX_POINT('',#2297);
#2297 = CARTESIAN_POINT('',(-0.875,-3.,0.));
#2298 = VERTEX_POINT('',#2299);
#2299 = CARTESIAN_POINT('',(-0.875,-3.,0.2));
#2300 = LINE('',#2301,#2302);
#2301 = CARTESIAN_POINT('',(-0.875,-3.,0.));
#2302 = VECTOR('',#2303,1.);
#2303 = DIRECTION('',(0.,0.,1.));
#2304 = ORIENTED_EDGE('',*,*,#2305,.T.);
#2305 = EDGE_CURVE('',#2296,#2306,#2308,.T.);
#2306 = VERTEX_POINT('',#2307);
#2307 = CARTESIAN_POINT('',(-0.875,-2.4,0.));
#2308 = LINE('',#2309,#2310);
#2309 = CARTESIAN_POINT('',(-0.875,-3.,0.));
#2310 = VECTOR('',#2311,1.);
#2311 = DIRECTION('',(-0.,1.,0.));
#2312 = ORIENTED_EDGE('',*,*,#2313,.T.);
#2313 = EDGE_CURVE('',#2306,#2314,#2316,.T.);
#2314 = VERTEX_POINT('',#2315);
#2315 = CARTESIAN_POINT('',(-0.875,-2.4,0.2));
#2316 = LINE('',#2317,#2318);
#2317 = CARTESIAN_POINT('',(-0.875,-2.4,0.));
#2318 = VECTOR('',#2319,1.);
#2319 = DIRECTION('',(0.,0.,1.));
#2320 = ORIENTED_EDGE('',*,*,#2321,.F.);
#2321 = EDGE_CURVE('',#2298,#2314,#2322,.T.);
#2322 = LINE('',#2323,#2324);
#2323 = CARTESIAN_POINT('',(-0.875,-3.,0.2));
#2324 = VECTOR('',#2325,1.);
#2325 = DIRECTION('',(-0.,1.,0.));
#2326 = PLANE('',#2327);
#2327 = AXIS2_PLACEMENT_3D('',#2328,#2329,#2330);
#2328 = CARTESIAN_POINT('',(-0.875,-3.,0.));
#2329 = DIRECTION('',(1.,0.,-0.));
#2330 = DIRECTION('',(0.,0.,1.));
#2331 = ADVANCED_FACE('',(#2332),#2348,.F.);
#2332 = FACE_BOUND('',#2333,.F.);
#2333 = EDGE_LOOP('',(#2334,#2340,#2341,#2347));
#2334 = ORIENTED_EDGE('',*,*,#2335,.F.);
#2335 = EDGE_CURVE('',#2256,#2296,#2336,.T.);
#2336 = LINE('',#2337,#2338);
#2337 = CARTESIAN_POINT('',(-1.125,-3.,0.));
#2338 = VECTOR('',#2339,1.);
#2339 = DIRECTION('',(1.,0.,-0.));
#2340 = ORIENTED_EDGE('',*,*,#2255,.T.);
#2341 = ORIENTED_EDGE('',*,*,#2342,.T.);
#2342 = EDGE_CURVE('',#2258,#2298,#2343,.T.);
#2343 = LINE('',#2344,#2345);
#2344 = CARTESIAN_POINT('',(-1.125,-3.,0.2));
#2345 = VECTOR('',#2346,1.);
#2346 = DIRECTION('',(1.,0.,-0.));
#2347 = ORIENTED_EDGE('',*,*,#2295,.F.);
#2348 = PLANE('',#2349);
#2349 = AXIS2_PLACEMENT_3D('',#2350,#2351,#2352);
#2350 = CARTESIAN_POINT('',(-1.125,-3.,0.));
#2351 = DIRECTION('',(-0.,1.,0.));
#2352 = DIRECTION('',(0.,0.,1.));
#2353 = ADVANCED_FACE('',(#2354),#2370,.T.);
#2354 = FACE_BOUND('',#2355,.T.);
#2355 = EDGE_LOOP('',(#2356,#2362,#2363,#2369));
#2356 = ORIENTED_EDGE('',*,*,#2357,.F.);
#2357 = EDGE_CURVE('',#2266,#2306,#2358,.T.);
#2358 = LINE('',#2359,#2360);
#2359 = CARTESIAN_POINT('',(-1.125,-2.4,0.));
#2360 = VECTOR('',#2361,1.);
#2361 = DIRECTION('',(1.,0.,-0.));
#2362 = ORIENTED_EDGE('',*,*,#2273,.T.);
#2363 = ORIENTED_EDGE('',*,*,#2364,.T.);
#2364 = EDGE_CURVE('',#2274,#2314,#2365,.T.);
#2365 = LINE('',#2366,#2367);
#2366 = CARTESIAN_POINT('',(-1.125,-2.4,0.2));
#2367 = VECTOR('',#2368,1.);
#2368 = DIRECTION('',(1.,0.,-0.));
#2369 = ORIENTED_EDGE('',*,*,#2313,.F.);
#2370 = PLANE('',#2371);
#2371 = AXIS2_PLACEMENT_3D('',#2372,#2373,#2374);
#2372 = CARTESIAN_POINT('',(-1.125,-2.4,0.));
#2373 = DIRECTION('',(-0.,1.,0.));
#2374 = DIRECTION('',(0.,0.,1.));
#2375 = ADVANCED_FACE('',(#2376),#2382,.F.);
#2376 = FACE_BOUND('',#2377,.F.);
#2377 = EDGE_LOOP('',(#2378,#2379,#2380,#2381));
#2378 = ORIENTED_EDGE('',*,*,#2265,.F.);
#2379 = ORIENTED_EDGE('',*,*,#2335,.T.);
#2380 = ORIENTED_EDGE('',*,*,#2305,.T.);
#2381 = ORIENTED_EDGE('',*,*,#2357,.F.);
#2382 = PLANE('',#2383);
#2383 = AXIS2_PLACEMENT_3D('',#2384,#2385,#2386);
#2384 = CARTESIAN_POINT('',(-1.125,-3.,0.));
#2385 = DIRECTION('',(0.,0.,1.));
#2386 = DIRECTION('',(1.,0.,-0.));
#2387 = ADVANCED_FACE('',(#2388),#2394,.T.);
#2388 = FACE_BOUND('',#2389,.T.);
#2389 = EDGE_LOOP('',(#2390,#2391,#2392,#2393));
#2390 = ORIENTED_EDGE('',*,*,#2281,.F.);
#2391 = ORIENTED_EDGE('',*,*,#2342,.T.);
#2392 = ORIENTED_EDGE('',*,*,#2321,.T.);
#2393 = ORIENTED_EDGE('',*,*,#2364,.F.);
#2394 = PLANE('',#2395);
#2395 = AXIS2_PLACEMENT_3D('',#2396,#2397,#2398);
#2396 = CARTESIAN_POINT('',(-1.125,-3.,0.2));
#2397 = DIRECTION('',(0.,0.,1.));
#2398 = DIRECTION('',(1.,0.,-0.));
#2399 = ( GEOMETRIC_REPRESENTATION_CONTEXT(3) 
GLOBAL_UNCERTAINTY_ASSIGNED_CONTEXT((#2403)) 
GLOBAL_UNIT_ASSIGNED_CONTEXT((#2400,#2401,#2402)) REPRESENTATION_CONTEXT
('Context #1','3D Context with UNIT and UNCERTAINTY') );
#2400 = ( LENGTH_UNIT() NAMED_UNIT(*) SI_UNIT(.MILLI.,.METRE.) );
#2401 = ( NAMED_UNIT(*) PLANE_ANGLE_UNIT() SI_UNIT($,.RADIAN.) );
#2402 = ( NAMED_UNIT(*) SI_UNIT($,.STERADIAN.) SOLID_ANGLE_UNIT() );
#2403 = UNCERTAINTY_MEASURE_WITH_UNIT(LENGTH_MEASURE(1.E-07),#2400,
  'distance_accuracy_value','confusion accuracy');
#2404 = CONTEXT_DEPENDENT_SHAPE_REPRESENTATION(#2405,#2407);
#2405 = ( REPRESENTATION_RELATIONSHIP('','',#2248,#10) 
REPRESENTATION_RELATIONSHIP_WITH_TRANSFORMATION(#2406) 
SHAPE_REPRESENTATION_RELATIONSHIP() );
#2406 = ITEM_DEFINED_TRANSFORMATION('','',#11,#63);
#2407 = PRODUCT_DEFINITION_SHAPE('Placement','Placement of an item',
  #2408);
#2408 = NEXT_ASSEMBLY_USAGE_OCCURRENCE('54','Terminal_12','',#5,#2243,$
  );
#2409 = PRODUCT_RELATED_PRODUCT_CATEGORY('part',$,(#2245));
#2410 = SHAPE_DEFINITION_REPRESENTATION(#2411,#2417);
#2411 = PRODUCT_DEFINITION_SHAPE('','',#2412);
#2412 = PRODUCT_DEFINITION('design','',#2413,#2416);
#2413 = PRODUCT_DEFINITION_FORMATION('','',#2414);
#2414 = PRODUCT('Terminal_21','Terminal_21','',(#2415));
#2415 = PRODUCT_CONTEXT('',#2,'mechanical');
#2416 = PRODUCT_DEFINITION_CONTEXT('part definition',#2,'design');
#2417 = ADVANCED_BREP_SHAPE_REPRESENTATION('',(#11,#2418),#2568);
#2418 = MANIFOLD_SOLID_BREP('',#2419);
#2419 = CLOSED_SHELL('',(#2420,#2460,#2500,#2522,#2544,#2556));
#2420 = ADVANCED_FACE('',(#2421),#2455,.F.);
#2421 = FACE_BOUND('',#2422,.F.);
#2422 = EDGE_LOOP('',(#2423,#2433,#2441,#2449));
#2423 = ORIENTED_EDGE('',*,*,#2424,.F.);
#2424 = EDGE_CURVE('',#2425,#2427,#2429,.T.);
#2425 = VERTEX_POINT('',#2426);
#2426 = CARTESIAN_POINT('',(2.4,-1.125,0.));
#2427 = VERTEX_POINT('',#2428);
#2428 = CARTESIAN_POINT('',(2.4,-1.125,0.2));
#2429 = LINE('',#2430,#2431);
#2430 = CARTESIAN_POINT('',(2.4,-1.125,0.));
#2431 = VECTOR('',#2432,1.);
#2432 = DIRECTION('',(0.,0.,1.));
#2433 = ORIENTED_EDGE('',*,*,#2434,.T.);
#2434 = EDGE_CURVE('',#2425,#2435,#2437,.T.);
#2435 = VERTEX_POINT('',#2436);
#2436 = CARTESIAN_POINT('',(2.4,-0.875,0.));
#2437 = LINE('',#2438,#2439);
#2438 = CARTESIAN_POINT('',(2.4,-1.125,0.));
#2439 = VECTOR('',#2440,1.);
#2440 = DIRECTION('',(-0.,1.,0.));
#2441 = ORIENTED_EDGE('',*,*,#2442,.T.);
#2442 = EDGE_CURVE('',#2435,#2443,#2445,.T.);
#2443 = VERTEX_POINT('',#2444);
#2444 = CARTESIAN_POINT('',(2.4,-0.875,0.2));
#2445 = LINE('',#2446,#2447);
#2446 = CARTESIAN_POINT('',(2.4,-0.875,0.));
#2447 = VECTOR('',#2448,1.);
#2448 = DIRECTION('',(0.,0.,1.));
#2449 = ORIENTED_EDGE('',*,*,#2450,.F.);
#2450 = EDGE_CURVE('',#2427,#2443,#2451,.T.);
#2451 = LINE('',#2452,#2453);
#2452 = CARTESIAN_POINT('',(2.4,-1.125,0.2));
#2453 = VECTOR('',#2454,1.);
#2454 = DIRECTION('',(-0.,1.,0.));
#2455 = PLANE('',#2456);
#2456 = AXIS2_PLACEMENT_3D('',#2457,#2458,#2459);
#2457 = CARTESIAN_POINT('',(2.4,-1.125,0.));
#2458 = DIRECTION('',(1.,0.,-0.));
#2459 = DIRECTION('',(0.,0.,1.));
#2460 = ADVANCED_FACE('',(#2461),#2495,.T.);
#2461 = FACE_BOUND('',#2462,.T.);
#2462 = EDGE_LOOP('',(#2463,#2473,#2481,#2489));
#2463 = ORIENTED_EDGE('',*,*,#2464,.F.);
#2464 = EDGE_CURVE('',#2465,#2467,#2469,.T.);
#2465 = VERTEX_POINT('',#2466);
#2466 = CARTESIAN_POINT('',(3.,-1.125,0.));
#2467 = VERTEX_POINT('',#2468);
#2468 = CARTESIAN_POINT('',(3.,-1.125,0.2));
#2469 = LINE('',#2470,#2471);
#2470 = CARTESIAN_POINT('',(3.,-1.125,0.));
#2471 = VECTOR('',#2472,1.);
#2472 = DIRECTION('',(0.,0.,1.));
#2473 = ORIENTED_EDGE('',*,*,#2474,.T.);
#2474 = EDGE_CURVE('',#2465,#2475,#2477,.T.);
#2475 = VERTEX_POINT('',#2476);
#2476 = CARTESIAN_POINT('',(3.,-0.875,0.));
#2477 = LINE('',#2478,#2479);
#2478 = CARTESIAN_POINT('',(3.,-1.125,0.));
#2479 = VECTOR('',#2480,1.);
#2480 = DIRECTION('',(-0.,1.,0.));
#2481 = ORIENTED_EDGE('',*,*,#2482,.T.);
#2482 = EDGE_CURVE('',#2475,#2483,#2485,.T.);
#2483 = VERTEX_POINT('',#2484);
#2484 = CARTESIAN_POINT('',(3.,-0.875,0.2));
#2485 = LINE('',#2486,#2487);
#2486 = CARTESIAN_POINT('',(3.,-0.875,0.));
#2487 = VECTOR('',#2488,1.);
#2488 = DIRECTION('',(0.,0.,1.));
#2489 = ORIENTED_EDGE('',*,*,#2490,.F.);
#2490 = EDGE_CURVE('',#2467,#2483,#2491,.T.);
#2491 = LINE('',#2492,#2493);
#2492 = CARTESIAN_POINT('',(3.,-1.125,0.2));
#2493 = VECTOR('',#2494,1.);
#2494 = DIRECTION('',(-0.,1.,0.));
#2495 = PLANE('',#2496);
#2496 = AXIS2_PLACEMENT_3D('',#2497,#2498,#2499);
#2497 = CARTESIAN_POINT('',(3.,-1.125,0.));
#2498 = DIRECTION('',(1.,0.,-0.));
#2499 = DIRECTION('',(0.,0.,1.));
#2500 = ADVANCED_FACE('',(#2501),#2517,.F.);
#2501 = FACE_BOUND('',#2502,.F.);
#2502 = EDGE_LOOP('',(#2503,#2509,#2510,#2516));
#2503 = ORIENTED_EDGE('',*,*,#2504,.F.);
#2504 = EDGE_CURVE('',#2425,#2465,#2505,.T.);
#2505 = LINE('',#2506,#2507);
#2506 = CARTESIAN_POINT('',(2.4,-1.125,0.));
#2507 = VECTOR('',#2508,1.);
#2508 = DIRECTION('',(1.,0.,-0.));
#2509 = ORIENTED_EDGE('',*,*,#2424,.T.);
#2510 = ORIENTED_EDGE('',*,*,#2511,.T.);
#2511 = EDGE_CURVE('',#2427,#2467,#2512,.T.);
#2512 = LINE('',#2513,#2514);
#2513 = CARTESIAN_POINT('',(2.4,-1.125,0.2));
#2514 = VECTOR('',#2515,1.);
#2515 = DIRECTION('',(1.,0.,-0.));
#2516 = ORIENTED_EDGE('',*,*,#2464,.F.);
#2517 = PLANE('',#2518);
#2518 = AXIS2_PLACEMENT_3D('',#2519,#2520,#2521);
#2519 = CARTESIAN_POINT('',(2.4,-1.125,0.));
#2520 = DIRECTION('',(-0.,1.,0.));
#2521 = DIRECTION('',(0.,0.,1.));
#2522 = ADVANCED_FACE('',(#2523),#2539,.T.);
#2523 = FACE_BOUND('',#2524,.T.);
#2524 = EDGE_LOOP('',(#2525,#2531,#2532,#2538));
#2525 = ORIENTED_EDGE('',*,*,#2526,.F.);
#2526 = EDGE_CURVE('',#2435,#2475,#2527,.T.);
#2527 = LINE('',#2528,#2529);
#2528 = CARTESIAN_POINT('',(2.4,-0.875,0.));
#2529 = VECTOR('',#2530,1.);
#2530 = DIRECTION('',(1.,0.,-0.));
#2531 = ORIENTED_EDGE('',*,*,#2442,.T.);
#2532 = ORIENTED_EDGE('',*,*,#2533,.T.);
#2533 = EDGE_CURVE('',#2443,#2483,#2534,.T.);
#2534 = LINE('',#2535,#2536);
#2535 = CARTESIAN_POINT('',(2.4,-0.875,0.2));
#2536 = VECTOR('',#2537,1.);
#2537 = DIRECTION('',(1.,0.,-0.));
#2538 = ORIENTED_EDGE('',*,*,#2482,.F.);
#2539 = PLANE('',#2540);
#2540 = AXIS2_PLACEMENT_3D('',#2541,#2542,#2543);
#2541 = CARTESIAN_POINT('',(2.4,-0.875,0.));
#2542 = DIRECTION('',(-0.,1.,0.));
#2543 = DIRECTION('',(0.,0.,1.));
#2544 = ADVANCED_FACE('',(#2545),#2551,.F.);
#2545 = FACE_BOUND('',#2546,.F.);
#2546 = EDGE_LOOP('',(#2547,#2548,#2549,#2550));
#2547 = ORIENTED_EDGE('',*,*,#2434,.F.);
#2548 = ORIENTED_EDGE('',*,*,#2504,.T.);
#2549 = ORIENTED_EDGE('',*,*,#2474,.T.);
#2550 = ORIENTED_EDGE('',*,*,#2526,.F.);
#2551 = PLANE('',#2552);
#2552 = AXIS2_PLACEMENT_3D('',#2553,#2554,#2555);
#2553 = CARTESIAN_POINT('',(2.4,-1.125,0.));
#2554 = DIRECTION('',(0.,0.,1.));
#2555 = DIRECTION('',(1.,0.,-0.));
#2556 = ADVANCED_FACE('',(#2557),#2563,.T.);
#2557 = FACE_BOUND('',#2558,.T.);
#2558 = EDGE_LOOP('',(#2559,#2560,#2561,#2562));
#2559 = ORIENTED_EDGE('',*,*,#2450,.F.);
#2560 = ORIENTED_EDGE('',*,*,#2511,.T.);
#2561 = ORIENTED_EDGE('',*,*,#2490,.T.);
#2562 = ORIENTED_EDGE('',*,*,#2533,.F.);
#2563 = PLANE('',#2564);
#2564 = AXIS2_PLACEMENT_3D('',#2565,#2566,#2567);
#2565 = CARTESIAN_POINT('',(2.4,-1.125,0.2));
#2566 = DIRECTION('',(0.,0.,1.));
#2567 = DIRECTION('',(1.,0.,-0.));
#2568 = ( GEOMETRIC_REPRESENTATION_CONTEXT(3) 
GLOBAL_UNCERTAINTY_ASSIGNED_CONTEXT((#2572)) 
GLOBAL_UNIT_ASSIGNED_CONTEXT((#2569,#2570,#2571)) REPRESENTATION_CONTEXT
('Context #1','3D Context with UNIT and UNCERTAINTY') );
#2569 = ( LENGTH_UNIT() NAMED_UNIT(*) SI_UNIT(.MILLI.,.METRE.) );
#2570 = ( NAMED_UNIT(*) PLANE_ANGLE_UNIT() SI_UNIT($,.RADIAN.) );
#2571 = ( NAMED_UNIT(*) SI_UNIT($,.STERADIAN.) SOLID_ANGLE_UNIT() );
#2572 = UNCERTAINTY_MEASURE_WITH_UNIT(LENGTH_MEASURE(1.E-07),#2569,
  'distance_accuracy_value','confusion accuracy');
#2573 = CONTEXT_DEPENDENT_SHAPE_REPRESENTATION(#2574,#2576);
#2574 = ( REPRESENTATION_RELATIONSHIP('','',#2417,#10) 
REPRESENTATION_RELATIONSHIP_WITH_TRANSFORMATION(#2575) 
SHAPE_REPRESENTATION_RELATIONSHIP() );
#2575 = ITEM_DEFINED_TRANSFORMATION('','',#11,#67);
#2576 = PRODUCT_DEFINITION_SHAPE('Placement','Placement of an item',
  #2577);
#2577 = NEXT_ASSEMBLY_USAGE_OCCURRENCE('55','Terminal_21','',#5,#2412,$
  );
#2578 = PRODUCT_RELATED_PRODUCT_CATEGORY('part',$,(#2414));
#2579 = SHAPE_DEFINITION_REPRESENTATION(#2580,#2586);
#2580 = PRODUCT_DEFINITION_SHAPE('','',#2581);
#2581 = PRODUCT_DEFINITION('design','',#2582,#2585);
#2582 = PRODUCT_DEFINITION_FORMATION('','',#2583);
#2583 = PRODUCT('Terminal_30','Terminal_30','',(#2584));
#2584 = PRODUCT_CONTEXT('',#2,'mechanical');
#2585 = PRODUCT_DEFINITION_CONTEXT('part definition',#2,'design');
#2586 = ADVANCED_BREP_SHAPE_REPRESENTATION('',(#11,#2587),#2737);
#2587 = MANIFOLD_SOLID_BREP('',#2588);
#2588 = CLOSED_SHELL('',(#2589,#2629,#2669,#2691,#2713,#2725));
#2589 = ADVANCED_FACE('',(#2590),#2624,.F.);
#2590 = FACE_BOUND('',#2591,.F.);
#2591 = EDGE_LOOP('',(#2592,#2602,#2610,#2618));
#2592 = ORIENTED_EDGE('',*,*,#2593,.F.);
#2593 = EDGE_CURVE('',#2594,#2596,#2598,.T.);
#2594 = VERTEX_POINT('',#2595);
#2595 = CARTESIAN_POINT('',(0.875,2.4,0.));
#2596 = VERTEX_POINT('',#2597);
#2597 = CARTESIAN_POINT('',(0.875,2.4,0.2));
#2598 = LINE('',#2599,#2600);
#2599 = CARTESIAN_POINT('',(0.875,2.4,0.));
#2600 = VECTOR('',#2601,1.);
#2601 = DIRECTION('',(0.,0.,1.));
#2602 = ORIENTED_EDGE('',*,*,#2603,.T.);
#2603 = EDGE_CURVE('',#2594,#2604,#2606,.T.);
#2604 = VERTEX_POINT('',#2605);
#2605 = CARTESIAN_POINT('',(0.875,3.,0.));
#2606 = LINE('',#2607,#2608);
#2607 = CARTESIAN_POINT('',(0.875,2.4,0.));
#2608 = VECTOR('',#2609,1.);
#2609 = DIRECTION('',(-0.,1.,0.));
#2610 = ORIENTED_EDGE('',*,*,#2611,.T.);
#2611 = EDGE_CURVE('',#2604,#2612,#2614,.T.);
#2612 = VERTEX_POINT('',#2613);
#2613 = CARTESIAN_POINT('',(0.875,3.,0.2));
#2614 = LINE('',#2615,#2616);
#2615 = CARTESIAN_POINT('',(0.875,3.,0.));
#2616 = VECTOR('',#2617,1.);
#2617 = DIRECTION('',(0.,0.,1.));
#2618 = ORIENTED_EDGE('',*,*,#2619,.F.);
#2619 = EDGE_CURVE('',#2596,#2612,#2620,.T.);
#2620 = LINE('',#2621,#2622);
#2621 = CARTESIAN_POINT('',(0.875,2.4,0.2));
#2622 = VECTOR('',#2623,1.);
#2623 = DIRECTION('',(-0.,1.,0.));
#2624 = PLANE('',#2625);
#2625 = AXIS2_PLACEMENT_3D('',#2626,#2627,#2628);
#2626 = CARTESIAN_POINT('',(0.875,2.4,0.));
#2627 = DIRECTION('',(1.,0.,-0.));
#2628 = DIRECTION('',(0.,0.,1.));
#2629 = ADVANCED_FACE('',(#2630),#2664,.T.);
#2630 = FACE_BOUND('',#2631,.T.);
#2631 = EDGE_LOOP('',(#2632,#2642,#2650,#2658));
#2632 = ORIENTED_EDGE('',*,*,#2633,.F.);
#2633 = EDGE_CURVE('',#2634,#2636,#2638,.T.);
#2634 = VERTEX_POINT('',#2635);
#2635 = CARTESIAN_POINT('',(1.125,2.4,0.));
#2636 = VERTEX_POINT('',#2637);
#2637 = CARTESIAN_POINT('',(1.125,2.4,0.2));
#2638 = LINE('',#2639,#2640);
#2639 = CARTESIAN_POINT('',(1.125,2.4,0.));
#2640 = VECTOR('',#2641,1.);
#2641 = DIRECTION('',(0.,0.,1.));
#2642 = ORIENTED_EDGE('',*,*,#2643,.T.);
#2643 = EDGE_CURVE('',#2634,#2644,#2646,.T.);
#2644 = VERTEX_POINT('',#2645);
#2645 = CARTESIAN_POINT('',(1.125,3.,0.));
#2646 = LINE('',#2647,#2648);
#2647 = CARTESIAN_POINT('',(1.125,2.4,0.));
#2648 = VECTOR('',#2649,1.);
#2649 = DIRECTION('',(-0.,1.,0.));
#2650 = ORIENTED_EDGE('',*,*,#2651,.T.);
#2651 = EDGE_CURVE('',#2644,#2652,#2654,.T.);
#2652 = VERTEX_POINT('',#2653);
#2653 = CARTESIAN_POINT('',(1.125,3.,0.2));
#2654 = LINE('',#2655,#2656);
#2655 = CARTESIAN_POINT('',(1.125,3.,0.));
#2656 = VECTOR('',#2657,1.);
#2657 = DIRECTION('',(0.,0.,1.));
#2658 = ORIENTED_EDGE('',*,*,#2659,.F.);
#2659 = EDGE_CURVE('',#2636,#2652,#2660,.T.);
#2660 = LINE('',#2661,#2662);
#2661 = CARTESIAN_POINT('',(1.125,2.4,0.2));
#2662 = VECTOR('',#2663,1.);
#2663 = DIRECTION('',(-0.,1.,0.));
#2664 = PLANE('',#2665);
#2665 = AXIS2_PLACEMENT_3D('',#2666,#2667,#2668);
#2666 = CARTESIAN_POINT('',(1.125,2.4,0.));
#2667 = DIRECTION('',(1.,0.,-0.));
#2668 = DIRECTION('',(0.,0.,1.));
#2669 = ADVANCED_FACE('',(#2670),#2686,.F.);
#2670 = FACE_BOUND('',#2671,.F.);
#2671 = EDGE_LOOP('',(#2672,#2678,#2679,#2685));
#2672 = ORIENTED_EDGE('',*,*,#2673,.F.);
#2673 = EDGE_CURVE('',#2594,#2634,#2674,.T.);
#2674 = LINE('',#2675,#2676);
#2675 = CARTESIAN_POINT('',(0.875,2.4,0.));
#2676 = VECTOR('',#2677,1.);
#2677 = DIRECTION('',(1.,0.,-0.));
#2678 = ORIENTED_EDGE('',*,*,#2593,.T.);
#2679 = ORIENTED_EDGE('',*,*,#2680,.T.);
#2680 = EDGE_CURVE('',#2596,#2636,#2681,.T.);
#2681 = LINE('',#2682,#2683);
#2682 = CARTESIAN_POINT('',(0.875,2.4,0.2));
#2683 = VECTOR('',#2684,1.);
#2684 = DIRECTION('',(1.,0.,-0.));
#2685 = ORIENTED_EDGE('',*,*,#2633,.F.);
#2686 = PLANE('',#2687);
#2687 = AXIS2_PLACEMENT_3D('',#2688,#2689,#2690);
#2688 = CARTESIAN_POINT('',(0.875,2.4,0.));
#2689 = DIRECTION('',(-0.,1.,0.));
#2690 = DIRECTION('',(0.,0.,1.));
#2691 = ADVANCED_FACE('',(#2692),#2708,.T.);
#2692 = FACE_BOUND('',#2693,.T.);
#2693 = EDGE_LOOP('',(#2694,#2700,#2701,#2707));
#2694 = ORIENTED_EDGE('',*,*,#2695,.F.);
#2695 = EDGE_CURVE('',#2604,#2644,#2696,.T.);
#2696 = LINE('',#2697,#2698);
#2697 = CARTESIAN_POINT('',(0.875,3.,0.));
#2698 = VECTOR('',#2699,1.);
#2699 = DIRECTION('',(1.,0.,-0.));
#2700 = ORIENTED_EDGE('',*,*,#2611,.T.);
#2701 = ORIENTED_EDGE('',*,*,#2702,.T.);
#2702 = EDGE_CURVE('',#2612,#2652,#2703,.T.);
#2703 = LINE('',#2704,#2705);
#2704 = CARTESIAN_POINT('',(0.875,3.,0.2));
#2705 = VECTOR('',#2706,1.);
#2706 = DIRECTION('',(1.,0.,-0.));
#2707 = ORIENTED_EDGE('',*,*,#2651,.F.);
#2708 = PLANE('',#2709);
#2709 = AXIS2_PLACEMENT_3D('',#2710,#2711,#2712);
#2710 = CARTESIAN_POINT('',(0.875,3.,0.));
#2711 = DIRECTION('',(-0.,1.,0.));
#2712 = DIRECTION('',(0.,0.,1.));
#2713 = ADVANCED_FACE('',(#2714),#2720,.F.);
#2714 = FACE_BOUND('',#2715,.F.);
#2715 = EDGE_LOOP('',(#2716,#2717,#2718,#2719));
#2716 = ORIENTED_EDGE('',*,*,#2603,.F.);
#2717 = ORIENTED_EDGE('',*,*,#2673,.T.);
#2718 = ORIENTED_EDGE('',*,*,#2643,.T.);
#2719 = ORIENTED_EDGE('',*,*,#2695,.F.);
#2720 = PLANE('',#2721);
#2721 = AXIS2_PLACEMENT_3D('',#2722,#2723,#2724);
#2722 = CARTESIAN_POINT('',(0.875,2.4,0.));
#2723 = DIRECTION('',(0.,0.,1.));
#2724 = DIRECTION('',(1.,0.,-0.));
#2725 = ADVANCED_FACE('',(#2726),#2732,.T.);
#2726 = FACE_BOUND('',#2727,.T.);
#2727 = EDGE_LOOP('',(#2728,#2729,#2730,#2731));
#2728 = ORIENTED_EDGE('',*,*,#2619,.F.);
#2729 = ORIENTED_EDGE('',*,*,#2680,.T.);
#2730 = ORIENTED_EDGE('',*,*,#2659,.T.);
#2731 = ORIENTED_EDGE('',*,*,#2702,.F.);
#2732 = PLANE('',#2733);
#2733 = AXIS2_PLACEMENT_3D('',#2734,#2735,#2736);
#2734 = CARTESIAN_POINT('',(0.875,2.4,0.2));
#2735 = DIRECTION('',(0.,0.,1.));
#2736 = DIRECTION('',(1.,0.,-0.));
#2737 = ( GEOMETRIC_REPRESENTATION_CONTEXT(3) 
GLOBAL_UNCERTAINTY_ASSIGNED_CONTEXT((#2741)) 
GLOBAL_UNIT_ASSIGNED_CONTEXT((#2738,#2739,#2740)) REPRESENTATION_CONTEXT
('Context #1','3D Context with UNIT and UNCERTAINTY') );
#2738 = ( LENGTH_UNIT() NAMED_UNIT(*) SI_UNIT(.MILLI.,.METRE.) );
#2739 = ( NAMED_UNIT(*) PLANE_ANGLE_UNIT() SI_UNIT($,.RADIAN.) );
#2740 = ( NAMED_UNIT(*) SI_UNIT($,.STERADIAN.) SOLID_ANGLE_UNIT() );
#2741 = UNCERTAINTY_MEASURE_WITH_UNIT(LENGTH_MEASURE(1.E-07),#2738,
  'distance_accuracy_value','confusion accuracy');
#2742 = CONTEXT_DEPENDENT_SHAPE_REPRESENTATION(#2743,#2745);
#2743 = ( REPRESENTATION_RELATIONSHIP('','',#2586,#10) 
REPRESENTATION_RELATIONSHIP_WITH_TRANSFORMATION(#2744) 
SHAPE_REPRESENTATION_RELATIONSHIP() );
#2744 = ITEM_DEFINED_TRANSFORMATION('','',#11,#71);
#2745 = PRODUCT_DEFINITION_SHAPE('Placement','Placement of an item',
  #2746);
#2746 = NEXT_ASSEMBLY_USAGE_OCCURRENCE('56','Terminal_30','',#5,#2581,$
  );
#2747 = PRODUCT_RELATED_PRODUCT_CATEGORY('part',$,(#2583));
#2748 = SHAPE_DEFINITION_REPRESENTATION(#2749,#2755);
#2749 = PRODUCT_DEFINITION_SHAPE('','',#2750);
#2750 = PRODUCT_DEFINITION('design','',#2751,#2754);
#2751 = PRODUCT_DEFINITION_FORMATION('','',#2752);
#2752 = PRODUCT('Terminal_4','Terminal_4','',(#2753));
#2753 = PRODUCT_CONTEXT('',#2,'mechanical');
#2754 = PRODUCT_DEFINITION_CONTEXT('part definition',#2,'design');
#2755 = ADVANCED_BREP_SHAPE_REPRESENTATION('',(#11,#2756),#2906);
#2756 = MANIFOLD_SOLID_BREP('',#2757);
#2757 = CLOSED_SHELL('',(#2758,#2798,#2838,#2860,#2882,#2894));
#2758 = ADVANCED_FACE('',(#2759),#2793,.F.);
#2759 = FACE_BOUND('',#2760,.F.);
#2760 = EDGE_LOOP('',(#2761,#2771,#2779,#2787));
#2761 = ORIENTED_EDGE('',*,*,#2762,.F.);
#2762 = EDGE_CURVE('',#2763,#2765,#2767,.T.);
#2763 = VERTEX_POINT('',#2764);
#2764 = CARTESIAN_POINT('',(-3.,0.375,0.));
#2765 = VERTEX_POINT('',#2766);
#2766 = CARTESIAN_POINT('',(-3.,0.375,0.2));
#2767 = LINE('',#2768,#2769);
#2768 = CARTESIAN_POINT('',(-3.,0.375,0.));
#2769 = VECTOR('',#2770,1.);
#2770 = DIRECTION('',(0.,0.,1.));
#2771 = ORIENTED_EDGE('',*,*,#2772,.T.);
#2772 = EDGE_CURVE('',#2763,#2773,#2775,.T.);
#2773 = VERTEX_POINT('',#2774);
#2774 = CARTESIAN_POINT('',(-3.,0.625,0.));
#2775 = LINE('',#2776,#2777);
#2776 = CARTESIAN_POINT('',(-3.,0.375,0.));
#2777 = VECTOR('',#2778,1.);
#2778 = DIRECTION('',(-0.,1.,0.));
#2779 = ORIENTED_EDGE('',*,*,#2780,.T.);
#2780 = EDGE_CURVE('',#2773,#2781,#2783,.T.);
#2781 = VERTEX_POINT('',#2782);
#2782 = CARTESIAN_POINT('',(-3.,0.625,0.2));
#2783 = LINE('',#2784,#2785);
#2784 = CARTESIAN_POINT('',(-3.,0.625,0.));
#2785 = VECTOR('',#2786,1.);
#2786 = DIRECTION('',(0.,0.,1.));
#2787 = ORIENTED_EDGE('',*,*,#2788,.F.);
#2788 = EDGE_CURVE('',#2765,#2781,#2789,.T.);
#2789 = LINE('',#2790,#2791);
#2790 = CARTESIAN_POINT('',(-3.,0.375,0.2));
#2791 = VECTOR('',#2792,1.);
#2792 = DIRECTION('',(-0.,1.,0.));
#2793 = PLANE('',#2794);
#2794 = AXIS2_PLACEMENT_3D('',#2795,#2796,#2797);
#2795 = CARTESIAN_POINT('',(-3.,0.375,0.));
#2796 = DIRECTION('',(1.,0.,-0.));
#2797 = DIRECTION('',(0.,0.,1.));
#2798 = ADVANCED_FACE('',(#2799),#2833,.T.);
#2799 = FACE_BOUND('',#2800,.T.);
#2800 = EDGE_LOOP('',(#2801,#2811,#2819,#2827));
#2801 = ORIENTED_EDGE('',*,*,#2802,.F.);
#2802 = EDGE_CURVE('',#2803,#2805,#2807,.T.);
#2803 = VERTEX_POINT('',#2804);
#2804 = CARTESIAN_POINT('',(-2.4,0.375,0.));
#2805 = VERTEX_POINT('',#2806);
#2806 = CARTESIAN_POINT('',(-2.4,0.375,0.2));
#2807 = LINE('',#2808,#2809);
#2808 = CARTESIAN_POINT('',(-2.4,0.375,0.));
#2809 = VECTOR('',#2810,1.);
#2810 = DIRECTION('',(0.,0.,1.));
#2811 = ORIENTED_EDGE('',*,*,#2812,.T.);
#2812 = EDGE_CURVE('',#2803,#2813,#2815,.T.);
#2813 = VERTEX_POINT('',#2814);
#2814 = CARTESIAN_POINT('',(-2.4,0.625,0.));
#2815 = LINE('',#2816,#2817);
#2816 = CARTESIAN_POINT('',(-2.4,0.375,0.));
#2817 = VECTOR('',#2818,1.);
#2818 = DIRECTION('',(-0.,1.,0.));
#2819 = ORIENTED_EDGE('',*,*,#2820,.T.);
#2820 = EDGE_CURVE('',#2813,#2821,#2823,.T.);
#2821 = VERTEX_POINT('',#2822);
#2822 = CARTESIAN_POINT('',(-2.4,0.625,0.2));
#2823 = LINE('',#2824,#2825);
#2824 = CARTESIAN_POINT('',(-2.4,0.625,0.));
#2825 = VECTOR('',#2826,1.);
#2826 = DIRECTION('',(0.,0.,1.));
#2827 = ORIENTED_EDGE('',*,*,#2828,.F.);
#2828 = EDGE_CURVE('',#2805,#2821,#2829,.T.);
#2829 = LINE('',#2830,#2831);
#2830 = CARTESIAN_POINT('',(-2.4,0.375,0.2));
#2831 = VECTOR('',#2832,1.);
#2832 = DIRECTION('',(-0.,1.,0.));
#2833 = PLANE('',#2834);
#2834 = AXIS2_PLACEMENT_3D('',#2835,#2836,#2837);
#2835 = CARTESIAN_POINT('',(-2.4,0.375,0.));
#2836 = DIRECTION('',(1.,0.,-0.));
#2837 = DIRECTION('',(0.,0.,1.));
#2838 = ADVANCED_FACE('',(#2839),#2855,.F.);
#2839 = FACE_BOUND('',#2840,.F.);
#2840 = EDGE_LOOP('',(#2841,#2847,#2848,#2854));
#2841 = ORIENTED_EDGE('',*,*,#2842,.F.);
#2842 = EDGE_CURVE('',#2763,#2803,#2843,.T.);
#2843 = LINE('',#2844,#2845);
#2844 = CARTESIAN_POINT('',(-3.,0.375,0.));
#2845 = VECTOR('',#2846,1.);
#2846 = DIRECTION('',(1.,0.,-0.));
#2847 = ORIENTED_EDGE('',*,*,#2762,.T.);
#2848 = ORIENTED_EDGE('',*,*,#2849,.T.);
#2849 = EDGE_CURVE('',#2765,#2805,#2850,.T.);
#2850 = LINE('',#2851,#2852);
#2851 = CARTESIAN_POINT('',(-3.,0.375,0.2));
#2852 = VECTOR('',#2853,1.);
#2853 = DIRECTION('',(1.,0.,-0.));
#2854 = ORIENTED_EDGE('',*,*,#2802,.F.);
#2855 = PLANE('',#2856);
#2856 = AXIS2_PLACEMENT_3D('',#2857,#2858,#2859);
#2857 = CARTESIAN_POINT('',(-3.,0.375,0.));
#2858 = DIRECTION('',(-0.,1.,0.));
#2859 = DIRECTION('',(0.,0.,1.));
#2860 = ADVANCED_FACE('',(#2861),#2877,.T.);
#2861 = FACE_BOUND('',#2862,.T.);
#2862 = EDGE_LOOP('',(#2863,#2869,#2870,#2876));
#2863 = ORIENTED_EDGE('',*,*,#2864,.F.);
#2864 = EDGE_CURVE('',#2773,#2813,#2865,.T.);
#2865 = LINE('',#2866,#2867);
#2866 = CARTESIAN_POINT('',(-3.,0.625,0.));
#2867 = VECTOR('',#2868,1.);
#2868 = DIRECTION('',(1.,0.,-0.));
#2869 = ORIENTED_EDGE('',*,*,#2780,.T.);
#2870 = ORIENTED_EDGE('',*,*,#2871,.T.);
#2871 = EDGE_CURVE('',#2781,#2821,#2872,.T.);
#2872 = LINE('',#2873,#2874);
#2873 = CARTESIAN_POINT('',(-3.,0.625,0.2));
#2874 = VECTOR('',#2875,1.);
#2875 = DIRECTION('',(1.,0.,-0.));
#2876 = ORIENTED_EDGE('',*,*,#2820,.F.);
#2877 = PLANE('',#2878);
#2878 = AXIS2_PLACEMENT_3D('',#2879,#2880,#2881);
#2879 = CARTESIAN_POINT('',(-3.,0.625,0.));
#2880 = DIRECTION('',(-0.,1.,0.));
#2881 = DIRECTION('',(0.,0.,1.));
#2882 = ADVANCED_FACE('',(#2883),#2889,.F.);
#2883 = FACE_BOUND('',#2884,.F.);
#2884 = EDGE_LOOP('',(#2885,#2886,#2887,#2888));
#2885 = ORIENTED_EDGE('',*,*,#2772,.F.);
#2886 = ORIENTED_EDGE('',*,*,#2842,.T.);
#2887 = ORIENTED_EDGE('',*,*,#2812,.T.);
#2888 = ORIENTED_EDGE('',*,*,#2864,.F.);
#2889 = PLANE('',#2890);
#2890 = AXIS2_PLACEMENT_3D('',#2891,#2892,#2893);
#2891 = CARTESIAN_POINT('',(-3.,0.375,0.));
#2892 = DIRECTION('',(0.,0.,1.));
#2893 = DIRECTION('',(1.,0.,-0.));
#2894 = ADVANCED_FACE('',(#2895),#2901,.T.);
#2895 = FACE_BOUND('',#2896,.T.);
#2896 = EDGE_LOOP('',(#2897,#2898,#2899,#2900));
#2897 = ORIENTED_EDGE('',*,*,#2788,.F.);
#2898 = ORIENTED_EDGE('',*,*,#2849,.T.);
#2899 = ORIENTED_EDGE('',*,*,#2828,.T.);
#2900 = ORIENTED_EDGE('',*,*,#2871,.F.);
#2901 = PLANE('',#2902);
#2902 = AXIS2_PLACEMENT_3D('',#2903,#2904,#2905);
#2903 = CARTESIAN_POINT('',(-3.,0.375,0.2));
#2904 = DIRECTION('',(0.,0.,1.));
#2905 = DIRECTION('',(1.,0.,-0.));
#2906 = ( GEOMETRIC_REPRESENTATION_CONTEXT(3) 
GLOBAL_UNCERTAINTY_ASSIGNED_CONTEXT((#2910)) 
GLOBAL_UNIT_ASSIGNED_CONTEXT((#2907,#2908,#2909)) REPRESENTATION_CONTEXT
('Context #1','3D Context with UNIT and UNCERTAINTY') );
#2907 = ( LENGTH_UNIT() NAMED_UNIT(*) SI_UNIT(.MILLI.,.METRE.) );
#2908 = ( NAMED_UNIT(*) PLANE_ANGLE_UNIT() SI_UNIT($,.RADIAN.) );
#2909 = ( NAMED_UNIT(*) SI_UNIT($,.STERADIAN.) SOLID_ANGLE_UNIT() );
#2910 = UNCERTAINTY_MEASURE_WITH_UNIT(LENGTH_MEASURE(1.E-07),#2907,
  'distance_accuracy_value','confusion accuracy');
#2911 = CONTEXT_DEPENDENT_SHAPE_REPRESENTATION(#2912,#2914);
#2912 = ( REPRESENTATION_RELATIONSHIP('','',#2755,#10) 
REPRESENTATION_RELATIONSHIP_WITH_TRANSFORMATION(#2913) 
SHAPE_REPRESENTATION_RELATIONSHIP() );
#2913 = ITEM_DEFINED_TRANSFORMATION('','',#11,#75);
#2914 = PRODUCT_DEFINITION_SHAPE('Placement','Placement of an item',
  #2915);
#2915 = NEXT_ASSEMBLY_USAGE_OCCURRENCE('57','Terminal_4','',#5,#2750,$);
#2916 = PRODUCT_RELATED_PRODUCT_CATEGORY('part',$,(#2752));
#2917 = SHAPE_DEFINITION_REPRESENTATION(#2918,#2924);
#2918 = PRODUCT_DEFINITION_SHAPE('','',#2919);
#2919 = PRODUCT_DEFINITION('design','',#2920,#2923);
#2920 = PRODUCT_DEFINITION_FORMATION('','',#2921);
#2921 = PRODUCT('Terminal_13','Terminal_13','',(#2922));
#2922 = PRODUCT_CONTEXT('',#2,'mechanical');
#2923 = PRODUCT_DEFINITION_CONTEXT('part definition',#2,'design');
#2924 = ADVANCED_BREP_SHAPE_REPRESENTATION('',(#11,#2925),#3075);
#2925 = MANIFOLD_SOLID_BREP('',#2926);
#2926 = CLOSED_SHELL('',(#2927,#2967,#3007,#3029,#3051,#3063));
#2927 = ADVANCED_FACE('',(#2928),#2962,.F.);
#2928 = FACE_BOUND('',#2929,.F.);
#2929 = EDGE_LOOP('',(#2930,#2940,#2948,#2956));
#2930 = ORIENTED_EDGE('',*,*,#2931,.F.);
#2931 = EDGE_CURVE('',#2932,#2934,#2936,.T.);
#2932 = VERTEX_POINT('',#2933);
#2933 = CARTESIAN_POINT('',(-0.625,-3.,0.));
#2934 = VERTEX_POINT('',#2935);
#2935 = CARTESIAN_POINT('',(-0.625,-3.,0.2));
#2936 = LINE('',#2937,#2938);
#2937 = CARTESIAN_POINT('',(-0.625,-3.,0.));
#2938 = VECTOR('',#2939,1.);
#2939 = DIRECTION('',(0.,0.,1.));
#2940 = ORIENTED_EDGE('',*,*,#2941,.T.);
#2941 = EDGE_CURVE('',#2932,#2942,#2944,.T.);
#2942 = VERTEX_POINT('',#2943);
#2943 = CARTESIAN_POINT('',(-0.625,-2.4,0.));
#2944 = LINE('',#2945,#2946);
#2945 = CARTESIAN_POINT('',(-0.625,-3.,0.));
#2946 = VECTOR('',#2947,1.);
#2947 = DIRECTION('',(-0.,1.,0.));
#2948 = ORIENTED_EDGE('',*,*,#2949,.T.);
#2949 = EDGE_CURVE('',#2942,#2950,#2952,.T.);
#2950 = VERTEX_POINT('',#2951);
#2951 = CARTESIAN_POINT('',(-0.625,-2.4,0.2));
#2952 = LINE('',#2953,#2954);
#2953 = CARTESIAN_POINT('',(-0.625,-2.4,0.));
#2954 = VECTOR('',#2955,1.);
#2955 = DIRECTION('',(0.,0.,1.));
#2956 = ORIENTED_EDGE('',*,*,#2957,.F.);
#2957 = EDGE_CURVE('',#2934,#2950,#2958,.T.);
#2958 = LINE('',#2959,#2960);
#2959 = CARTESIAN_POINT('',(-0.625,-3.,0.2));
#2960 = VECTOR('',#2961,1.);
#2961 = DIRECTION('',(-0.,1.,0.));
#2962 = PLANE('',#2963);
#2963 = AXIS2_PLACEMENT_3D('',#2964,#2965,#2966);
#2964 = CARTESIAN_POINT('',(-0.625,-3.,0.));
#2965 = DIRECTION('',(1.,0.,-0.));
#2966 = DIRECTION('',(0.,0.,1.));
#2967 = ADVANCED_FACE('',(#2968),#3002,.T.);
#2968 = FACE_BOUND('',#2969,.T.);
#2969 = EDGE_LOOP('',(#2970,#2980,#2988,#2996));
#2970 = ORIENTED_EDGE('',*,*,#2971,.F.);
#2971 = EDGE_CURVE('',#2972,#2974,#2976,.T.);
#2972 = VERTEX_POINT('',#2973);
#2973 = CARTESIAN_POINT('',(-0.375,-3.,0.));
#2974 = VERTEX_POINT('',#2975);
#2975 = CARTESIAN_POINT('',(-0.375,-3.,0.2));
#2976 = LINE('',#2977,#2978);
#2977 = CARTESIAN_POINT('',(-0.375,-3.,0.));
#2978 = VECTOR('',#2979,1.);
#2979 = DIRECTION('',(0.,0.,1.));
#2980 = ORIENTED_EDGE('',*,*,#2981,.T.);
#2981 = EDGE_CURVE('',#2972,#2982,#2984,.T.);
#2982 = VERTEX_POINT('',#2983);
#2983 = CARTESIAN_POINT('',(-0.375,-2.4,0.));
#2984 = LINE('',#2985,#2986);
#2985 = CARTESIAN_POINT('',(-0.375,-3.,0.));
#2986 = VECTOR('',#2987,1.);
#2987 = DIRECTION('',(-0.,1.,0.));
#2988 = ORIENTED_EDGE('',*,*,#2989,.T.);
#2989 = EDGE_CURVE('',#2982,#2990,#2992,.T.);
#2990 = VERTEX_POINT('',#2991);
#2991 = CARTESIAN_POINT('',(-0.375,-2.4,0.2));
#2992 = LINE('',#2993,#2994);
#2993 = CARTESIAN_POINT('',(-0.375,-2.4,0.));
#2994 = VECTOR('',#2995,1.);
#2995 = DIRECTION('',(0.,0.,1.));
#2996 = ORIENTED_EDGE('',*,*,#2997,.F.);
#2997 = EDGE_CURVE('',#2974,#2990,#2998,.T.);
#2998 = LINE('',#2999,#3000);
#2999 = CARTESIAN_POINT('',(-0.375,-3.,0.2));
#3000 = VECTOR('',#3001,1.);
#3001 = DIRECTION('',(-0.,1.,0.));
#3002 = PLANE('',#3003);
#3003 = AXIS2_PLACEMENT_3D('',#3004,#3005,#3006);
#3004 = CARTESIAN_POINT('',(-0.375,-3.,0.));
#3005 = DIRECTION('',(1.,0.,-0.));
#3006 = DIRECTION('',(0.,0.,1.));
#3007 = ADVANCED_FACE('',(#3008),#3024,.F.);
#3008 = FACE_BOUND('',#3009,.F.);
#3009 = EDGE_LOOP('',(#3010,#3016,#3017,#3023));
#3010 = ORIENTED_EDGE('',*,*,#3011,.F.);
#3011 = EDGE_CURVE('',#2932,#2972,#3012,.T.);
#3012 = LINE('',#3013,#3014);
#3013 = CARTESIAN_POINT('',(-0.625,-3.,0.));
#3014 = VECTOR('',#3015,1.);
#3015 = DIRECTION('',(1.,0.,-0.));
#3016 = ORIENTED_EDGE('',*,*,#2931,.T.);
#3017 = ORIENTED_EDGE('',*,*,#3018,.T.);
#3018 = EDGE_CURVE('',#2934,#2974,#3019,.T.);
#3019 = LINE('',#3020,#3021);
#3020 = CARTESIAN_POINT('',(-0.625,-3.,0.2));
#3021 = VECTOR('',#3022,1.);
#3022 = DIRECTION('',(1.,0.,-0.));
#3023 = ORIENTED_EDGE('',*,*,#2971,.F.);
#3024 = PLANE('',#3025);
#3025 = AXIS2_PLACEMENT_3D('',#3026,#3027,#3028);
#3026 = CARTESIAN_POINT('',(-0.625,-3.,0.));
#3027 = DIRECTION('',(-0.,1.,0.));
#3028 = DIRECTION('',(0.,0.,1.));
#3029 = ADVANCED_FACE('',(#3030),#3046,.T.);
#3030 = FACE_BOUND('',#3031,.T.);
#3031 = EDGE_LOOP('',(#3032,#3038,#3039,#3045));
#3032 = ORIENTED_EDGE('',*,*,#3033,.F.);
#3033 = EDGE_CURVE('',#2942,#2982,#3034,.T.);
#3034 = LINE('',#3035,#3036);
#3035 = CARTESIAN_POINT('',(-0.625,-2.4,0.));
#3036 = VECTOR('',#3037,1.);
#3037 = DIRECTION('',(1.,0.,-0.));
#3038 = ORIENTED_EDGE('',*,*,#2949,.T.);
#3039 = ORIENTED_EDGE('',*,*,#3040,.T.);
#3040 = EDGE_CURVE('',#2950,#2990,#3041,.T.);
#3041 = LINE('',#3042,#3043);
#3042 = CARTESIAN_POINT('',(-0.625,-2.4,0.2));
#3043 = VECTOR('',#3044,1.);
#3044 = DIRECTION('',(1.,0.,-0.));
#3045 = ORIENTED_EDGE('',*,*,#2989,.F.);
#3046 = PLANE('',#3047);
#3047 = AXIS2_PLACEMENT_3D('',#3048,#3049,#3050);
#3048 = CARTESIAN_POINT('',(-0.625,-2.4,0.));
#3049 = DIRECTION('',(-0.,1.,0.));
#3050 = DIRECTION('',(0.,0.,1.));
#3051 = ADVANCED_FACE('',(#3052),#3058,.F.);
#3052 = FACE_BOUND('',#3053,.F.);
#3053 = EDGE_LOOP('',(#3054,#3055,#3056,#3057));
#3054 = ORIENTED_EDGE('',*,*,#2941,.F.);
#3055 = ORIENTED_EDGE('',*,*,#3011,.T.);
#3056 = ORIENTED_EDGE('',*,*,#2981,.T.);
#3057 = ORIENTED_EDGE('',*,*,#3033,.F.);
#3058 = PLANE('',#3059);
#3059 = AXIS2_PLACEMENT_3D('',#3060,#3061,#3062);
#3060 = CARTESIAN_POINT('',(-0.625,-3.,0.));
#3061 = DIRECTION('',(0.,0.,1.));
#3062 = DIRECTION('',(1.,0.,-0.));
#3063 = ADVANCED_FACE('',(#3064),#3070,.T.);
#3064 = FACE_BOUND('',#3065,.T.);
#3065 = EDGE_LOOP('',(#3066,#3067,#3068,#3069));
#3066 = ORIENTED_EDGE('',*,*,#2957,.F.);
#3067 = ORIENTED_EDGE('',*,*,#3018,.T.);
#3068 = ORIENTED_EDGE('',*,*,#2997,.T.);
#3069 = ORIENTED_EDGE('',*,*,#3040,.F.);
#3070 = PLANE('',#3071);
#3071 = AXIS2_PLACEMENT_3D('',#3072,#3073,#3074);
#3072 = CARTESIAN_POINT('',(-0.625,-3.,0.2));
#3073 = DIRECTION('',(0.,0.,1.));
#3074 = DIRECTION('',(1.,0.,-0.));
#3075 = ( GEOMETRIC_REPRESENTATION_CONTEXT(3) 
GLOBAL_UNCERTAINTY_ASSIGNED_CONTEXT((#3079)) 
GLOBAL_UNIT_ASSIGNED_CONTEXT((#3076,#3077,#3078)) REPRESENTATION_CONTEXT
('Context #1','3D Context with UNIT and UNCERTAINTY') );
#3076 = ( LENGTH_UNIT() NAMED_UNIT(*) SI_UNIT(.MILLI.,.METRE.) );
#3077 = ( NAMED_UNIT(*) PLANE_ANGLE_UNIT() SI_UNIT($,.RADIAN.) );
#3078 = ( NAMED_UNIT(*) SI_UNIT($,.STERADIAN.) SOLID_ANGLE_UNIT() );
#3079 = UNCERTAINTY_MEASURE_WITH_UNIT(LENGTH_MEASURE(1.E-07),#3076,
  'distance_accuracy_value','confusion accuracy');
#3080 = CONTEXT_DEPENDENT_SHAPE_REPRESENTATION(#3081,#3083);
#3081 = ( REPRESENTATION_RELATIONSHIP('','',#2924,#10) 
REPRESENTATION_RELATIONSHIP_WITH_TRANSFORMATION(#3082) 
SHAPE_REPRESENTATION_RELATIONSHIP() );
#3082 = ITEM_DEFINED_TRANSFORMATION('','',#11,#79);
#3083 = PRODUCT_DEFINITION_SHAPE('Placement','Placement of an item',
  #3084);
#3084 = NEXT_ASSEMBLY_USAGE_OCCURRENCE('58','Terminal_13','',#5,#2919,$
  );
#3085 = PRODUCT_RELATED_PRODUCT_CATEGORY('part',$,(#2921));
#3086 = SHAPE_DEFINITION_REPRESENTATION(#3087,#3093);
#3087 = PRODUCT_DEFINITION_SHAPE('','',#3088);
#3088 = PRODUCT_DEFINITION('design','',#3089,#3092);
#3089 = PRODUCT_DEFINITION_FORMATION('','',#3090);
#3090 = PRODUCT('Terminal_22','Terminal_22','',(#3091));
#3091 = PRODUCT_CONTEXT('',#2,'mechanical');
#3092 = PRODUCT_DEFINITION_CONTEXT('part definition',#2,'design');
#3093 = ADVANCED_BREP_SHAPE_REPRESENTATION('',(#11,#3094),#3244);
#3094 = MANIFOLD_SOLID_BREP('',#3095);
#3095 = CLOSED_SHELL('',(#3096,#3136,#3176,#3198,#3220,#3232));
#3096 = ADVANCED_FACE('',(#3097),#3131,.F.);
#3097 = FACE_BOUND('',#3098,.F.);
#3098 = EDGE_LOOP('',(#3099,#3109,#3117,#3125));
#3099 = ORIENTED_EDGE('',*,*,#3100,.F.);
#3100 = EDGE_CURVE('',#3101,#3103,#3105,.T.);
#3101 = VERTEX_POINT('',#3102);
#3102 = CARTESIAN_POINT('',(2.4,-0.625,0.));
#3103 = VERTEX_POINT('',#3104);
#3104 = CARTESIAN_POINT('',(2.4,-0.625,0.2));
#3105 = LINE('',#3106,#3107);
#3106 = CARTESIAN_POINT('',(2.4,-0.625,0.));
#3107 = VECTOR('',#3108,1.);
#3108 = DIRECTION('',(0.,0.,1.));
#3109 = ORIENTED_EDGE('',*,*,#3110,.T.);
#3110 = EDGE_CURVE('',#3101,#3111,#3113,.T.);
#3111 = VERTEX_POINT('',#3112);
#3112 = CARTESIAN_POINT('',(2.4,-0.375,0.));
#3113 = LINE('',#3114,#3115);
#3114 = CARTESIAN_POINT('',(2.4,-0.625,0.));
#3115 = VECTOR('',#3116,1.);
#3116 = DIRECTION('',(-0.,1.,0.));
#3117 = ORIENTED_EDGE('',*,*,#3118,.T.);
#3118 = EDGE_CURVE('',#3111,#3119,#3121,.T.);
#3119 = VERTEX_POINT('',#3120);
#3120 = CARTESIAN_POINT('',(2.4,-0.375,0.2));
#3121 = LINE('',#3122,#3123);
#3122 = CARTESIAN_POINT('',(2.4,-0.375,0.));
#3123 = VECTOR('',#3124,1.);
#3124 = DIRECTION('',(0.,0.,1.));
#3125 = ORIENTED_EDGE('',*,*,#3126,.F.);
#3126 = EDGE_CURVE('',#3103,#3119,#3127,.T.);
#3127 = LINE('',#3128,#3129);
#3128 = CARTESIAN_POINT('',(2.4,-0.625,0.2));
#3129 = VECTOR('',#3130,1.);
#3130 = DIRECTION('',(-0.,1.,0.));
#3131 = PLANE('',#3132);
#3132 = AXIS2_PLACEMENT_3D('',#3133,#3134,#3135);
#3133 = CARTESIAN_POINT('',(2.4,-0.625,0.));
#3134 = DIRECTION('',(1.,0.,-0.));
#3135 = DIRECTION('',(0.,0.,1.));
#3136 = ADVANCED_FACE('',(#3137),#3171,.T.);
#3137 = FACE_BOUND('',#3138,.T.);
#3138 = EDGE_LOOP('',(#3139,#3149,#3157,#3165));
#3139 = ORIENTED_EDGE('',*,*,#3140,.F.);
#3140 = EDGE_CURVE('',#3141,#3143,#3145,.T.);
#3141 = VERTEX_POINT('',#3142);
#3142 = CARTESIAN_POINT('',(3.,-0.625,0.));
#3143 = VERTEX_POINT('',#3144);
#3144 = CARTESIAN_POINT('',(3.,-0.625,0.2));
#3145 = LINE('',#3146,#3147);
#3146 = CARTESIAN_POINT('',(3.,-0.625,0.));
#3147 = VECTOR('',#3148,1.);
#3148 = DIRECTION('',(0.,0.,1.));
#3149 = ORIENTED_EDGE('',*,*,#3150,.T.);
#3150 = EDGE_CURVE('',#3141,#3151,#3153,.T.);
#3151 = VERTEX_POINT('',#3152);
#3152 = CARTESIAN_POINT('',(3.,-0.375,0.));
#3153 = LINE('',#3154,#3155);
#3154 = CARTESIAN_POINT('',(3.,-0.625,0.));
#3155 = VECTOR('',#3156,1.);
#3156 = DIRECTION('',(-0.,1.,0.));
#3157 = ORIENTED_EDGE('',*,*,#3158,.T.);
#3158 = EDGE_CURVE('',#3151,#3159,#3161,.T.);
#3159 = VERTEX_POINT('',#3160);
#3160 = CARTESIAN_POINT('',(3.,-0.375,0.2));
#3161 = LINE('',#3162,#3163);
#3162 = CARTESIAN_POINT('',(3.,-0.375,0.));
#3163 = VECTOR('',#3164,1.);
#3164 = DIRECTION('',(0.,0.,1.));
#3165 = ORIENTED_EDGE('',*,*,#3166,.F.);
#3166 = EDGE_CURVE('',#3143,#3159,#3167,.T.);
#3167 = LINE('',#3168,#3169);
#3168 = CARTESIAN_POINT('',(3.,-0.625,0.2));
#3169 = VECTOR('',#3170,1.);
#3170 = DIRECTION('',(-0.,1.,0.));
#3171 = PLANE('',#3172);
#3172 = AXIS2_PLACEMENT_3D('',#3173,#3174,#3175);
#3173 = CARTESIAN_POINT('',(3.,-0.625,0.));
#3174 = DIRECTION('',(1.,0.,-0.));
#3175 = DIRECTION('',(0.,0.,1.));
#3176 = ADVANCED_FACE('',(#3177),#3193,.F.);
#3177 = FACE_BOUND('',#3178,.F.);
#3178 = EDGE_LOOP('',(#3179,#3185,#3186,#3192));
#3179 = ORIENTED_EDGE('',*,*,#3180,.F.);
#3180 = EDGE_CURVE('',#3101,#3141,#3181,.T.);
#3181 = LINE('',#3182,#3183);
#3182 = CARTESIAN_POINT('',(2.4,-0.625,0.));
#3183 = VECTOR('',#3184,1.);
#3184 = DIRECTION('',(1.,0.,-0.));
#3185 = ORIENTED_EDGE('',*,*,#3100,.T.);
#3186 = ORIENTED_EDGE('',*,*,#3187,.T.);
#3187 = EDGE_CURVE('',#3103,#3143,#3188,.T.);
#3188 = LINE('',#3189,#3190);
#3189 = CARTESIAN_POINT('',(2.4,-0.625,0.2));
#3190 = VECTOR('',#3191,1.);
#3191 = DIRECTION('',(1.,0.,-0.));
#3192 = ORIENTED_EDGE('',*,*,#3140,.F.);
#3193 = PLANE('',#3194);
#3194 = AXIS2_PLACEMENT_3D('',#3195,#3196,#3197);
#3195 = CARTESIAN_POINT('',(2.4,-0.625,0.));
#3196 = DIRECTION('',(-0.,1.,0.));
#3197 = DIRECTION('',(0.,0.,1.));
#3198 = ADVANCED_FACE('',(#3199),#3215,.T.);
#3199 = FACE_BOUND('',#3200,.T.);
#3200 = EDGE_LOOP('',(#3201,#3207,#3208,#3214));
#3201 = ORIENTED_EDGE('',*,*,#3202,.F.);
#3202 = EDGE_CURVE('',#3111,#3151,#3203,.T.);
#3203 = LINE('',#3204,#3205);
#3204 = CARTESIAN_POINT('',(2.4,-0.375,0.));
#3205 = VECTOR('',#3206,1.);
#3206 = DIRECTION('',(1.,0.,-0.));
#3207 = ORIENTED_EDGE('',*,*,#3118,.T.);
#3208 = ORIENTED_EDGE('',*,*,#3209,.T.);
#3209 = EDGE_CURVE('',#3119,#3159,#3210,.T.);
#3210 = LINE('',#3211,#3212);
#3211 = CARTESIAN_POINT('',(2.4,-0.375,0.2));
#3212 = VECTOR('',#3213,1.);
#3213 = DIRECTION('',(1.,0.,-0.));
#3214 = ORIENTED_EDGE('',*,*,#3158,.F.);
#3215 = PLANE('',#3216);
#3216 = AXIS2_PLACEMENT_3D('',#3217,#3218,#3219);
#3217 = CARTESIAN_POINT('',(2.4,-0.375,0.));
#3218 = DIRECTION('',(-0.,1.,0.));
#3219 = DIRECTION('',(0.,0.,1.));
#3220 = ADVANCED_FACE('',(#3221),#3227,.F.);
#3221 = FACE_BOUND('',#3222,.F.);
#3222 = EDGE_LOOP('',(#3223,#3224,#3225,#3226));
#3223 = ORIENTED_EDGE('',*,*,#3110,.F.);
#3224 = ORIENTED_EDGE('',*,*,#3180,.T.);
#3225 = ORIENTED_EDGE('',*,*,#3150,.T.);
#3226 = ORIENTED_EDGE('',*,*,#3202,.F.);
#3227 = PLANE('',#3228);
#3228 = AXIS2_PLACEMENT_3D('',#3229,#3230,#3231);
#3229 = CARTESIAN_POINT('',(2.4,-0.625,0.));
#3230 = DIRECTION('',(0.,0.,1.));
#3231 = DIRECTION('',(1.,0.,-0.));
#3232 = ADVANCED_FACE('',(#3233),#3239,.T.);
#3233 = FACE_BOUND('',#3234,.T.);
#3234 = EDGE_LOOP('',(#3235,#3236,#3237,#3238));
#3235 = ORIENTED_EDGE('',*,*,#3126,.F.);
#3236 = ORIENTED_EDGE('',*,*,#3187,.T.);
#3237 = ORIENTED_EDGE('',*,*,#3166,.T.);
#3238 = ORIENTED_EDGE('',*,*,#3209,.F.);
#3239 = PLANE('',#3240);
#3240 = AXIS2_PLACEMENT_3D('',#3241,#3242,#3243);
#3241 = CARTESIAN_POINT('',(2.4,-0.625,0.2));
#3242 = DIRECTION('',(0.,0.,1.));
#3243 = DIRECTION('',(1.,0.,-0.));
#3244 = ( GEOMETRIC_REPRESENTATION_CONTEXT(3) 
GLOBAL_UNCERTAINTY_ASSIGNED_CONTEXT((#3248)) 
GLOBAL_UNIT_ASSIGNED_CONTEXT((#3245,#3246,#3247)) REPRESENTATION_CONTEXT
('Context #1','3D Context with UNIT and UNCERTAINTY') );
#3245 = ( LENGTH_UNIT() NAMED_UNIT(*) SI_UNIT(.MILLI.,.METRE.) );
#3246 = ( NAMED_UNIT(*) PLANE_ANGLE_UNIT() SI_UNIT($,.RADIAN.) );
#3247 = ( NAMED_UNIT(*) SI_UNIT($,.STERADIAN.) SOLID_ANGLE_UNIT() );
#3248 = UNCERTAINTY_MEASURE_WITH_UNIT(LENGTH_MEASURE(1.E-07),#3245,
  'distance_accuracy_value','confusion accuracy');
#3249 = CONTEXT_DEPENDENT_SHAPE_REPRESENTATION(#3250,#3252);
#3250 = ( REPRESENTATION_RELATIONSHIP('','',#3093,#10) 
REPRESENTATION_RELATIONSHIP_WITH_TRANSFORMATION(#3251) 
SHAPE_REPRESENTATION_RELATIONSHIP() );
#3251 = ITEM_DEFINED_TRANSFORMATION('','',#11,#83);
#3252 = PRODUCT_DEFINITION_SHAPE('Placement','Placement of an item',
  #3253);
#3253 = NEXT_ASSEMBLY_USAGE_OCCURRENCE('59','Terminal_22','',#5,#3088,$
  );
#3254 = PRODUCT_RELATED_PRODUCT_CATEGORY('part',$,(#3090));
#3255 = SHAPE_DEFINITION_REPRESENTATION(#3256,#3262);
#3256 = PRODUCT_DEFINITION_SHAPE('','',#3257);
#3257 = PRODUCT_DEFINITION('design','',#3258,#3261);
#3258 = PRODUCT_DEFINITION_FORMATION('','',#3259);
#3259 = PRODUCT('Terminal_31','Terminal_31','',(#3260));
#3260 = PRODUCT_CONTEXT('',#2,'mechanical');
#3261 = PRODUCT_DEFINITION_CONTEXT('part definition',#2,'design');
#3262 = ADVANCED_BREP_SHAPE_REPRESENTATION('',(#11,#3263),#3413);
#3263 = MANIFOLD_SOLID_BREP('',#3264);
#3264 = CLOSED_SHELL('',(#3265,#3305,#3345,#3367,#3389,#3401));
#3265 = ADVANCED_FACE('',(#3266),#3300,.F.);
#3266 = FACE_BOUND('',#3267,.F.);
#3267 = EDGE_LOOP('',(#3268,#3278,#3286,#3294));
#3268 = ORIENTED_EDGE('',*,*,#3269,.F.);
#3269 = EDGE_CURVE('',#3270,#3272,#3274,.T.);
#3270 = VERTEX_POINT('',#3271);
#3271 = CARTESIAN_POINT('',(0.375,2.4,0.));
#3272 = VERTEX_POINT('',#3273);
#3273 = CARTESIAN_POINT('',(0.375,2.4,0.2));
#3274 = LINE('',#3275,#3276);
#3275 = CARTESIAN_POINT('',(0.375,2.4,0.));
#3276 = VECTOR('',#3277,1.);
#3277 = DIRECTION('',(0.,0.,1.));
#3278 = ORIENTED_EDGE('',*,*,#3279,.T.);
#3279 = EDGE_CURVE('',#3270,#3280,#3282,.T.);
#3280 = VERTEX_POINT('',#3281);
#3281 = CARTESIAN_POINT('',(0.375,3.,0.));
#3282 = LINE('',#3283,#3284);
#3283 = CARTESIAN_POINT('',(0.375,2.4,0.));
#3284 = VECTOR('',#3285,1.);
#3285 = DIRECTION('',(-0.,1.,0.));
#3286 = ORIENTED_EDGE('',*,*,#3287,.T.);
#3287 = EDGE_CURVE('',#3280,#3288,#3290,.T.);
#3288 = VERTEX_POINT('',#3289);
#3289 = CARTESIAN_POINT('',(0.375,3.,0.2));
#3290 = LINE('',#3291,#3292);
#3291 = CARTESIAN_POINT('',(0.375,3.,0.));
#3292 = VECTOR('',#3293,1.);
#3293 = DIRECTION('',(0.,0.,1.));
#3294 = ORIENTED_EDGE('',*,*,#3295,.F.);
#3295 = EDGE_CURVE('',#3272,#3288,#3296,.T.);
#3296 = LINE('',#3297,#3298);
#3297 = CARTESIAN_POINT('',(0.375,2.4,0.2));
#3298 = VECTOR('',#3299,1.);
#3299 = DIRECTION('',(-0.,1.,0.));
#3300 = PLANE('',#3301);
#3301 = AXIS2_PLACEMENT_3D('',#3302,#3303,#3304);
#3302 = CARTESIAN_POINT('',(0.375,2.4,0.));
#3303 = DIRECTION('',(1.,0.,-0.));
#3304 = DIRECTION('',(0.,0.,1.));
#3305 = ADVANCED_FACE('',(#3306),#3340,.T.);
#3306 = FACE_BOUND('',#3307,.T.);
#3307 = EDGE_LOOP('',(#3308,#3318,#3326,#3334));
#3308 = ORIENTED_EDGE('',*,*,#3309,.F.);
#3309 = EDGE_CURVE('',#3310,#3312,#3314,.T.);
#3310 = VERTEX_POINT('',#3311);
#3311 = CARTESIAN_POINT('',(0.625,2.4,0.));
#3312 = VERTEX_POINT('',#3313);
#3313 = CARTESIAN_POINT('',(0.625,2.4,0.2));
#3314 = LINE('',#3315,#3316);
#3315 = CARTESIAN_POINT('',(0.625,2.4,0.));
#3316 = VECTOR('',#3317,1.);
#3317 = DIRECTION('',(0.,0.,1.));
#3318 = ORIENTED_EDGE('',*,*,#3319,.T.);
#3319 = EDGE_CURVE('',#3310,#3320,#3322,.T.);
#3320 = VERTEX_POINT('',#3321);
#3321 = CARTESIAN_POINT('',(0.625,3.,0.));
#3322 = LINE('',#3323,#3324);
#3323 = CARTESIAN_POINT('',(0.625,2.4,0.));
#3324 = VECTOR('',#3325,1.);
#3325 = DIRECTION('',(-0.,1.,0.));
#3326 = ORIENTED_EDGE('',*,*,#3327,.T.);
#3327 = EDGE_CURVE('',#3320,#3328,#3330,.T.);
#3328 = VERTEX_POINT('',#3329);
#3329 = CARTESIAN_POINT('',(0.625,3.,0.2));
#3330 = LINE('',#3331,#3332);
#3331 = CARTESIAN_POINT('',(0.625,3.,0.));
#3332 = VECTOR('',#3333,1.);
#3333 = DIRECTION('',(0.,0.,1.));
#3334 = ORIENTED_EDGE('',*,*,#3335,.F.);
#3335 = EDGE_CURVE('',#3312,#3328,#3336,.T.);
#3336 = LINE('',#3337,#3338);
#3337 = CARTESIAN_POINT('',(0.625,2.4,0.2));
#3338 = VECTOR('',#3339,1.);
#3339 = DIRECTION('',(-0.,1.,0.));
#3340 = PLANE('',#3341);
#3341 = AXIS2_PLACEMENT_3D('',#3342,#3343,#3344);
#3342 = CARTESIAN_POINT('',(0.625,2.4,0.));
#3343 = DIRECTION('',(1.,0.,-0.));
#3344 = DIRECTION('',(0.,0.,1.));
#3345 = ADVANCED_FACE('',(#3346),#3362,.F.);
#3346 = FACE_BOUND('',#3347,.F.);
#3347 = EDGE_LOOP('',(#3348,#3354,#3355,#3361));
#3348 = ORIENTED_EDGE('',*,*,#3349,.F.);
#3349 = EDGE_CURVE('',#3270,#3310,#3350,.T.);
#3350 = LINE('',#3351,#3352);
#3351 = CARTESIAN_POINT('',(0.375,2.4,0.));
#3352 = VECTOR('',#3353,1.);
#3353 = DIRECTION('',(1.,0.,-0.));
#3354 = ORIENTED_EDGE('',*,*,#3269,.T.);
#3355 = ORIENTED_EDGE('',*,*,#3356,.T.);
#3356 = EDGE_CURVE('',#3272,#3312,#3357,.T.);
#3357 = LINE('',#3358,#3359);
#3358 = CARTESIAN_POINT('',(0.375,2.4,0.2));
#3359 = VECTOR('',#3360,1.);
#3360 = DIRECTION('',(1.,0.,-0.));
#3361 = ORIENTED_EDGE('',*,*,#3309,.F.);
#3362 = PLANE('',#3363);
#3363 = AXIS2_PLACEMENT_3D('',#3364,#3365,#3366);
#3364 = CARTESIAN_POINT('',(0.375,2.4,0.));
#3365 = DIRECTION('',(-0.,1.,0.));
#3366 = DIRECTION('',(0.,0.,1.));
#3367 = ADVANCED_FACE('',(#3368),#3384,.T.);
#3368 = FACE_BOUND('',#3369,.T.);
#3369 = EDGE_LOOP('',(#3370,#3376,#3377,#3383));
#3370 = ORIENTED_EDGE('',*,*,#3371,.F.);
#3371 = EDGE_CURVE('',#3280,#3320,#3372,.T.);
#3372 = LINE('',#3373,#3374);
#3373 = CARTESIAN_POINT('',(0.375,3.,0.));
#3374 = VECTOR('',#3375,1.);
#3375 = DIRECTION('',(1.,0.,-0.));
#3376 = ORIENTED_EDGE('',*,*,#3287,.T.);
#3377 = ORIENTED_EDGE('',*,*,#3378,.T.);
#3378 = EDGE_CURVE('',#3288,#3328,#3379,.T.);
#3379 = LINE('',#3380,#3381);
#3380 = CARTESIAN_POINT('',(0.375,3.,0.2));
#3381 = VECTOR('',#3382,1.);
#3382 = DIRECTION('',(1.,0.,-0.));
#3383 = ORIENTED_EDGE('',*,*,#3327,.F.);
#3384 = PLANE('',#3385);
#3385 = AXIS2_PLACEMENT_3D('',#3386,#3387,#3388);
#3386 = CARTESIAN_POINT('',(0.375,3.,0.));
#3387 = DIRECTION('',(-0.,1.,0.));
#3388 = DIRECTION('',(0.,0.,1.));
#3389 = ADVANCED_FACE('',(#3390),#3396,.F.);
#3390 = FACE_BOUND('',#3391,.F.);
#3391 = EDGE_LOOP('',(#3392,#3393,#3394,#3395));
#3392 = ORIENTED_EDGE('',*,*,#3279,.F.);
#3393 = ORIENTED_EDGE('',*,*,#3349,.T.);
#3394 = ORIENTED_EDGE('',*,*,#3319,.T.);
#3395 = ORIENTED_EDGE('',*,*,#3371,.F.);
#3396 = PLANE('',#3397);
#3397 = AXIS2_PLACEMENT_3D('',#3398,#3399,#3400);
#3398 = CARTESIAN_POINT('',(0.375,2.4,0.));
#3399 = DIRECTION('',(0.,0.,1.));
#3400 = DIRECTION('',(1.,0.,-0.));
#3401 = ADVANCED_FACE('',(#3402),#3408,.T.);
#3402 = FACE_BOUND('',#3403,.T.);
#3403 = EDGE_LOOP('',(#3404,#3405,#3406,#3407));
#3404 = ORIENTED_EDGE('',*,*,#3295,.F.);
#3405 = ORIENTED_EDGE('',*,*,#3356,.T.);
#3406 = ORIENTED_EDGE('',*,*,#3335,.T.);
#3407 = ORIENTED_EDGE('',*,*,#3378,.F.);
#3408 = PLANE('',#3409);
#3409 = AXIS2_PLACEMENT_3D('',#3410,#3411,#3412);
#3410 = CARTESIAN_POINT('',(0.375,2.4,0.2));
#3411 = DIRECTION('',(0.,0.,1.));
#3412 = DIRECTION('',(1.,0.,-0.));
#3413 = ( GEOMETRIC_REPRESENTATION_CONTEXT(3) 
GLOBAL_UNCERTAINTY_ASSIGNED_CONTEXT((#3417)) 
GLOBAL_UNIT_ASSIGNED_CONTEXT((#3414,#3415,#3416)) REPRESENTATION_CONTEXT
('Context #1','3D Context with UNIT and UNCERTAINTY') );
#3414 = ( LENGTH_UNIT() NAMED_UNIT(*) SI_UNIT(.MILLI.,.METRE.) );
#3415 = ( NAMED_UNIT(*) PLANE_ANGLE_UNIT() SI_UNIT($,.RADIAN.) );
#3416 = ( NAMED_UNIT(*) SI_UNIT($,.STERADIAN.) SOLID_ANGLE_UNIT() );
#3417 = UNCERTAINTY_MEASURE_WITH_UNIT(LENGTH_MEASURE(1.E-07),#3414,
  'distance_accuracy_value','confusion accuracy');
#3418 = CONTEXT_DEPENDENT_SHAPE_REPRESENTATION(#3419,#3421);
#3419 = ( REPRESENTATION_RELATIONSHIP('','',#3262,#10) 
REPRESENTATION_RELATIONSHIP_WITH_TRANSFORMATION(#3420) 
SHAPE_REPRESENTATION_RELATIONSHIP() );
#3420 = ITEM_DEFINED_TRANSFORMATION('','',#11,#87);
#3421 = PRODUCT_DEFINITION_SHAPE('Placement','Placement of an item',
  #3422);
#3422 = NEXT_ASSEMBLY_USAGE_OCCURRENCE('60','Terminal_31','',#5,#3257,$
  );
#3423 = PRODUCT_RELATED_PRODUCT_CATEGORY('part',$,(#3259));
#3424 = SHAPE_DEFINITION_REPRESENTATION(#3425,#3431);
#3425 = PRODUCT_DEFINITION_SHAPE('','',#3426);
#3426 = PRODUCT_DEFINITION('design','',#3427,#3430);
#3427 = PRODUCT_DEFINITION_FORMATION('','',#3428);
#3428 = PRODUCT('Terminal_5','Terminal_5','',(#3429));
#3429 = PRODUCT_CONTEXT('',#2,'mechanical');
#3430 = PRODUCT_DEFINITION_CONTEXT('part definition',#2,'design');
#3431 = ADVANCED_BREP_SHAPE_REPRESENTATION('',(#11,#3432),#3582);
#3432 = MANIFOLD_SOLID_BREP('',#3433);
#3433 = CLOSED_SHELL('',(#3434,#3474,#3514,#3536,#3558,#3570));
#3434 = ADVANCED_FACE('',(#3435),#3469,.F.);
#3435 = FACE_BOUND('',#3436,.F.);
#3436 = EDGE_LOOP('',(#3437,#3447,#3455,#3463));
#3437 = ORIENTED_EDGE('',*,*,#3438,.F.);
#3438 = EDGE_CURVE('',#3439,#3441,#3443,.T.);
#3439 = VERTEX_POINT('',#3440);
#3440 = CARTESIAN_POINT('',(-3.,-0.125,0.));
#3441 = VERTEX_POINT('',#3442);
#3442 = CARTESIAN_POINT('',(-3.,-0.125,0.2));
#3443 = LINE('',#3444,#3445);
#3444 = CARTESIAN_POINT('',(-3.,-0.125,0.));
#3445 = VECTOR('',#3446,1.);
#3446 = DIRECTION('',(0.,0.,1.));
#3447 = ORIENTED_EDGE('',*,*,#3448,.T.);
#3448 = EDGE_CURVE('',#3439,#3449,#3451,.T.);
#3449 = VERTEX_POINT('',#3450);
#3450 = CARTESIAN_POINT('',(-3.,0.125,0.));
#3451 = LINE('',#3452,#3453);
#3452 = CARTESIAN_POINT('',(-3.,-0.125,0.));
#3453 = VECTOR('',#3454,1.);
#3454 = DIRECTION('',(-0.,1.,0.));
#3455 = ORIENTED_EDGE('',*,*,#3456,.T.);
#3456 = EDGE_CURVE('',#3449,#3457,#3459,.T.);
#3457 = VERTEX_POINT('',#3458);
#3458 = CARTESIAN_POINT('',(-3.,0.125,0.2));
#3459 = LINE('',#3460,#3461);
#3460 = CARTESIAN_POINT('',(-3.,0.125,0.));
#3461 = VECTOR('',#3462,1.);
#3462 = DIRECTION('',(0.,0.,1.));
#3463 = ORIENTED_EDGE('',*,*,#3464,.F.);
#3464 = EDGE_CURVE('',#3441,#3457,#3465,.T.);
#3465 = LINE('',#3466,#3467);
#3466 = CARTESIAN_POINT('',(-3.,-0.125,0.2));
#3467 = VECTOR('',#3468,1.);
#3468 = DIRECTION('',(-0.,1.,0.));
#3469 = PLANE('',#3470);
#3470 = AXIS2_PLACEMENT_3D('',#3471,#3472,#3473);
#3471 = CARTESIAN_POINT('',(-3.,-0.125,0.));
#3472 = DIRECTION('',(1.,0.,-0.));
#3473 = DIRECTION('',(0.,0.,1.));
#3474 = ADVANCED_FACE('',(#3475),#3509,.T.);
#3475 = FACE_BOUND('',#3476,.T.);
#3476 = EDGE_LOOP('',(#3477,#3487,#3495,#3503));
#3477 = ORIENTED_EDGE('',*,*,#3478,.F.);
#3478 = EDGE_CURVE('',#3479,#3481,#3483,.T.);
#3479 = VERTEX_POINT('',#3480);
#3480 = CARTESIAN_POINT('',(-2.4,-0.125,0.));
#3481 = VERTEX_POINT('',#3482);
#3482 = CARTESIAN_POINT('',(-2.4,-0.125,0.2));
#3483 = LINE('',#3484,#3485);
#3484 = CARTESIAN_POINT('',(-2.4,-0.125,0.));
#3485 = VECTOR('',#3486,1.);
#3486 = DIRECTION('',(0.,0.,1.));
#3487 = ORIENTED_EDGE('',*,*,#3488,.T.);
#3488 = EDGE_CURVE('',#3479,#3489,#3491,.T.);
#3489 = VERTEX_POINT('',#3490);
#3490 = CARTESIAN_POINT('',(-2.4,0.125,0.));
#3491 = LINE('',#3492,#3493);
#3492 = CARTESIAN_POINT('',(-2.4,-0.125,0.));
#3493 = VECTOR('',#3494,1.);
#3494 = DIRECTION('',(-0.,1.,0.));
#3495 = ORIENTED_EDGE('',*,*,#3496,.T.);
#3496 = EDGE_CURVE('',#3489,#3497,#3499,.T.);
#3497 = VERTEX_POINT('',#3498);
#3498 = CARTESIAN_POINT('',(-2.4,0.125,0.2));
#3499 = LINE('',#3500,#3501);
#3500 = CARTESIAN_POINT('',(-2.4,0.125,0.));
#3501 = VECTOR('',#3502,1.);
#3502 = DIRECTION('',(0.,0.,1.));
#3503 = ORIENTED_EDGE('',*,*,#3504,.F.);
#3504 = EDGE_CURVE('',#3481,#3497,#3505,.T.);
#3505 = LINE('',#3506,#3507);
#3506 = CARTESIAN_POINT('',(-2.4,-0.125,0.2));
#3507 = VECTOR('',#3508,1.);
#3508 = DIRECTION('',(-0.,1.,0.));
#3509 = PLANE('',#3510);
#3510 = AXIS2_PLACEMENT_3D('',#3511,#3512,#3513);
#3511 = CARTESIAN_POINT('',(-2.4,-0.125,0.));
#3512 = DIRECTION('',(1.,0.,-0.));
#3513 = DIRECTION('',(0.,0.,1.));
#3514 = ADVANCED_FACE('',(#3515),#3531,.F.);
#3515 = FACE_BOUND('',#3516,.F.);
#3516 = EDGE_LOOP('',(#3517,#3523,#3524,#3530));
#3517 = ORIENTED_EDGE('',*,*,#3518,.F.);
#3518 = EDGE_CURVE('',#3439,#3479,#3519,.T.);
#3519 = LINE('',#3520,#3521);
#3520 = CARTESIAN_POINT('',(-3.,-0.125,0.));
#3521 = VECTOR('',#3522,1.);
#3522 = DIRECTION('',(1.,0.,-0.));
#3523 = ORIENTED_EDGE('',*,*,#3438,.T.);
#3524 = ORIENTED_EDGE('',*,*,#3525,.T.);
#3525 = EDGE_CURVE('',#3441,#3481,#3526,.T.);
#3526 = LINE('',#3527,#3528);
#3527 = CARTESIAN_POINT('',(-3.,-0.125,0.2));
#3528 = VECTOR('',#3529,1.);
#3529 = DIRECTION('',(1.,0.,-0.));
#3530 = ORIENTED_EDGE('',*,*,#3478,.F.);
#3531 = PLANE('',#3532);
#3532 = AXIS2_PLACEMENT_3D('',#3533,#3534,#3535);
#3533 = CARTESIAN_POINT('',(-3.,-0.125,0.));
#3534 = DIRECTION('',(-0.,1.,0.));
#3535 = DIRECTION('',(0.,0.,1.));
#3536 = ADVANCED_FACE('',(#3537),#3553,.T.);
#3537 = FACE_BOUND('',#3538,.T.);
#3538 = EDGE_LOOP('',(#3539,#3545,#3546,#3552));
#3539 = ORIENTED_EDGE('',*,*,#3540,.F.);
#3540 = EDGE_CURVE('',#3449,#3489,#3541,.T.);
#3541 = LINE('',#3542,#3543);
#3542 = CARTESIAN_POINT('',(-3.,0.125,0.));
#3543 = VECTOR('',#3544,1.);
#3544 = DIRECTION('',(1.,0.,-0.));
#3545 = ORIENTED_EDGE('',*,*,#3456,.T.);
#3546 = ORIENTED_EDGE('',*,*,#3547,.T.);
#3547 = EDGE_CURVE('',#3457,#3497,#3548,.T.);
#3548 = LINE('',#3549,#3550);
#3549 = CARTESIAN_POINT('',(-3.,0.125,0.2));
#3550 = VECTOR('',#3551,1.);
#3551 = DIRECTION('',(1.,0.,-0.));
#3552 = ORIENTED_EDGE('',*,*,#3496,.F.);
#3553 = PLANE('',#3554);
#3554 = AXIS2_PLACEMENT_3D('',#3555,#3556,#3557);
#3555 = CARTESIAN_POINT('',(-3.,0.125,0.));
#3556 = DIRECTION('',(-0.,1.,0.));
#3557 = DIRECTION('',(0.,0.,1.));
#3558 = ADVANCED_FACE('',(#3559),#3565,.F.);
#3559 = FACE_BOUND('',#3560,.F.);
#3560 = EDGE_LOOP('',(#3561,#3562,#3563,#3564));
#3561 = ORIENTED_EDGE('',*,*,#3448,.F.);
#3562 = ORIENTED_EDGE('',*,*,#3518,.T.);
#3563 = ORIENTED_EDGE('',*,*,#3488,.T.);
#3564 = ORIENTED_EDGE('',*,*,#3540,.F.);
#3565 = PLANE('',#3566);
#3566 = AXIS2_PLACEMENT_3D('',#3567,#3568,#3569);
#3567 = CARTESIAN_POINT('',(-3.,-0.125,0.));
#3568 = DIRECTION('',(0.,0.,1.));
#3569 = DIRECTION('',(1.,0.,-0.));
#3570 = ADVANCED_FACE('',(#3571),#3577,.T.);
#3571 = FACE_BOUND('',#3572,.T.);
#3572 = EDGE_LOOP('',(#3573,#3574,#3575,#3576));
#3573 = ORIENTED_EDGE('',*,*,#3464,.F.);
#3574 = ORIENTED_EDGE('',*,*,#3525,.T.);
#3575 = ORIENTED_EDGE('',*,*,#3504,.T.);
#3576 = ORIENTED_EDGE('',*,*,#3547,.F.);
#3577 = PLANE('',#3578);
#3578 = AXIS2_PLACEMENT_3D('',#3579,#3580,#3581);
#3579 = CARTESIAN_POINT('',(-3.,-0.125,0.2));
#3580 = DIRECTION('',(0.,0.,1.));
#3581 = DIRECTION('',(1.,0.,-0.));
#3582 = ( GEOMETRIC_REPRESENTATION_CONTEXT(3) 
GLOBAL_UNCERTAINTY_ASSIGNED_CONTEXT((#3586)) 
GLOBAL_UNIT_ASSIGNED_CONTEXT((#3583,#3584,#3585)) REPRESENTATION_CONTEXT
('Context #1','3D Context with UNIT and UNCERTAINTY') );
#3583 = ( LENGTH_UNIT() NAMED_UNIT(*) SI_UNIT(.MILLI.,.METRE.) );
#3584 = ( NAMED_UNIT(*) PLANE_ANGLE_UNIT() SI_UNIT($,.RADIAN.) );
#3585 = ( NAMED_UNIT(*) SI_UNIT($,.STERADIAN.) SOLID_ANGLE_UNIT() );
#3586 = UNCERTAINTY_MEASURE_WITH_UNIT(LENGTH_MEASURE(1.E-07),#3583,
  'distance_accuracy_value','confusion accuracy');
#3587 = CONTEXT_DEPENDENT_SHAPE_REPRESENTATION(#3588,#3590);
#3588 = ( REPRESENTATION_RELATIONSHIP('','',#3431,#10) 
REPRESENTATION_RELATIONSHIP_WITH_TRANSFORMATION(#3589) 
SHAPE_REPRESENTATION_RELATIONSHIP() );
#3589 = ITEM_DEFINED_TRANSFORMATION('','',#11,#91);
#3590 = PRODUCT_DEFINITION_SHAPE('Placement','Placement of an item',
  #3591);
#3591 = NEXT_ASSEMBLY_USAGE_OCCURRENCE('61','Terminal_5','',#5,#3426,$);
#3592 = PRODUCT_RELATED_PRODUCT_CATEGORY('part',$,(#3428));
#3593 = SHAPE_DEFINITION_REPRESENTATION(#3594,#3600);
#3594 = PRODUCT_DEFINITION_SHAPE('','',#3595);
#3595 = PRODUCT_DEFINITION('design','',#3596,#3599);
#3596 = PRODUCT_DEFINITION_FORMATION('','',#3597);
#3597 = PRODUCT('Terminal_14','Terminal_14','',(#3598));
#3598 = PRODUCT_CONTEXT('',#2,'mechanical');
#3599 = PRODUCT_DEFINITION_CONTEXT('part definition',#2,'design');
#3600 = ADVANCED_BREP_SHAPE_REPRESENTATION('',(#11,#3601),#3751);
#3601 = MANIFOLD_SOLID_BREP('',#3602);
#3602 = CLOSED_SHELL('',(#3603,#3643,#3683,#3705,#3727,#3739));
#3603 = ADVANCED_FACE('',(#3604),#3638,.F.);
#3604 = FACE_BOUND('',#3605,.F.);
#3605 = EDGE_LOOP('',(#3606,#3616,#3624,#3632));
#3606 = ORIENTED_EDGE('',*,*,#3607,.F.);
#3607 = EDGE_CURVE('',#3608,#3610,#3612,.T.);
#3608 = VERTEX_POINT('',#3609);
#3609 = CARTESIAN_POINT('',(-0.125,-3.,0.));
#3610 = VERTEX_POINT('',#3611);
#3611 = CARTESIAN_POINT('',(-0.125,-3.,0.2));
#3612 = LINE('',#3613,#3614);
#3613 = CARTESIAN_POINT('',(-0.125,-3.,0.));
#3614 = VECTOR('',#3615,1.);
#3615 = DIRECTION('',(0.,0.,1.));
#3616 = ORIENTED_EDGE('',*,*,#3617,.T.);
#3617 = EDGE_CURVE('',#3608,#3618,#3620,.T.);
#3618 = VERTEX_POINT('',#3619);
#3619 = CARTESIAN_POINT('',(-0.125,-2.4,0.));
#3620 = LINE('',#3621,#3622);
#3621 = CARTESIAN_POINT('',(-0.125,-3.,0.));
#3622 = VECTOR('',#3623,1.);
#3623 = DIRECTION('',(-0.,1.,0.));
#3624 = ORIENTED_EDGE('',*,*,#3625,.T.);
#3625 = EDGE_CURVE('',#3618,#3626,#3628,.T.);
#3626 = VERTEX_POINT('',#3627);
#3627 = CARTESIAN_POINT('',(-0.125,-2.4,0.2));
#3628 = LINE('',#3629,#3630);
#3629 = CARTESIAN_POINT('',(-0.125,-2.4,0.));
#3630 = VECTOR('',#3631,1.);
#3631 = DIRECTION('',(0.,0.,1.));
#3632 = ORIENTED_EDGE('',*,*,#3633,.F.);
#3633 = EDGE_CURVE('',#3610,#3626,#3634,.T.);
#3634 = LINE('',#3635,#3636);
#3635 = CARTESIAN_POINT('',(-0.125,-3.,0.2));
#3636 = VECTOR('',#3637,1.);
#3637 = DIRECTION('',(-0.,1.,0.));
#3638 = PLANE('',#3639);
#3639 = AXIS2_PLACEMENT_3D('',#3640,#3641,#3642);
#3640 = CARTESIAN_POINT('',(-0.125,-3.,0.));
#3641 = DIRECTION('',(1.,0.,-0.));
#3642 = DIRECTION('',(0.,0.,1.));
#3643 = ADVANCED_FACE('',(#3644),#3678,.T.);
#3644 = FACE_BOUND('',#3645,.T.);
#3645 = EDGE_LOOP('',(#3646,#3656,#3664,#3672));
#3646 = ORIENTED_EDGE('',*,*,#3647,.F.);
#3647 = EDGE_CURVE('',#3648,#3650,#3652,.T.);
#3648 = VERTEX_POINT('',#3649);
#3649 = CARTESIAN_POINT('',(0.125,-3.,0.));
#3650 = VERTEX_POINT('',#3651);
#3651 = CARTESIAN_POINT('',(0.125,-3.,0.2));
#3652 = LINE('',#3653,#3654);
#3653 = CARTESIAN_POINT('',(0.125,-3.,0.));
#3654 = VECTOR('',#3655,1.);
#3655 = DIRECTION('',(0.,0.,1.));
#3656 = ORIENTED_EDGE('',*,*,#3657,.T.);
#3657 = EDGE_CURVE('',#3648,#3658,#3660,.T.);
#3658 = VERTEX_POINT('',#3659);
#3659 = CARTESIAN_POINT('',(0.125,-2.4,0.));
#3660 = LINE('',#3661,#3662);
#3661 = CARTESIAN_POINT('',(0.125,-3.,0.));
#3662 = VECTOR('',#3663,1.);
#3663 = DIRECTION('',(-0.,1.,0.));
#3664 = ORIENTED_EDGE('',*,*,#3665,.T.);
#3665 = EDGE_CURVE('',#3658,#3666,#3668,.T.);
#3666 = VERTEX_POINT('',#3667);
#3667 = CARTESIAN_POINT('',(0.125,-2.4,0.2));
#3668 = LINE('',#3669,#3670);
#3669 = CARTESIAN_POINT('',(0.125,-2.4,0.));
#3670 = VECTOR('',#3671,1.);
#3671 = DIRECTION('',(0.,0.,1.));
#3672 = ORIENTED_EDGE('',*,*,#3673,.F.);
#3673 = EDGE_CURVE('',#3650,#3666,#3674,.T.);
#3674 = LINE('',#3675,#3676);
#3675 = CARTESIAN_POINT('',(0.125,-3.,0.2));
#3676 = VECTOR('',#3677,1.);
#3677 = DIRECTION('',(-0.,1.,0.));
#3678 = PLANE('',#3679);
#3679 = AXIS2_PLACEMENT_3D('',#3680,#3681,#3682);
#3680 = CARTESIAN_POINT('',(0.125,-3.,0.));
#3681 = DIRECTION('',(1.,0.,-0.));
#3682 = DIRECTION('',(0.,0.,1.));
#3683 = ADVANCED_FACE('',(#3684),#3700,.F.);
#3684 = FACE_BOUND('',#3685,.F.);
#3685 = EDGE_LOOP('',(#3686,#3692,#3693,#3699));
#3686 = ORIENTED_EDGE('',*,*,#3687,.F.);
#3687 = EDGE_CURVE('',#3608,#3648,#3688,.T.);
#3688 = LINE('',#3689,#3690);
#3689 = CARTESIAN_POINT('',(-0.125,-3.,0.));
#3690 = VECTOR('',#3691,1.);
#3691 = DIRECTION('',(1.,0.,-0.));
#3692 = ORIENTED_EDGE('',*,*,#3607,.T.);
#3693 = ORIENTED_EDGE('',*,*,#3694,.T.);
#3694 = EDGE_CURVE('',#3610,#3650,#3695,.T.);
#3695 = LINE('',#3696,#3697);
#3696 = CARTESIAN_POINT('',(-0.125,-3.,0.2));
#3697 = VECTOR('',#3698,1.);
#3698 = DIRECTION('',(1.,0.,-0.));
#3699 = ORIENTED_EDGE('',*,*,#3647,.F.);
#3700 = PLANE('',#3701);
#3701 = AXIS2_PLACEMENT_3D('',#3702,#3703,#3704);
#3702 = CARTESIAN_POINT('',(-0.125,-3.,0.));
#3703 = DIRECTION('',(-0.,1.,0.));
#3704 = DIRECTION('',(0.,0.,1.));
#3705 = ADVANCED_FACE('',(#3706),#3722,.T.);
#3706 = FACE_BOUND('',#3707,.T.);
#3707 = EDGE_LOOP('',(#3708,#3714,#3715,#3721));
#3708 = ORIENTED_EDGE('',*,*,#3709,.F.);
#3709 = EDGE_CURVE('',#3618,#3658,#3710,.T.);
#3710 = LINE('',#3711,#3712);
#3711 = CARTESIAN_POINT('',(-0.125,-2.4,0.));
#3712 = VECTOR('',#3713,1.);
#3713 = DIRECTION('',(1.,0.,-0.));
#3714 = ORIENTED_EDGE('',*,*,#3625,.T.);
#3715 = ORIENTED_EDGE('',*,*,#3716,.T.);
#3716 = EDGE_CURVE('',#3626,#3666,#3717,.T.);
#3717 = LINE('',#3718,#3719);
#3718 = CARTESIAN_POINT('',(-0.125,-2.4,0.2));
#3719 = VECTOR('',#3720,1.);
#3720 = DIRECTION('',(1.,0.,-0.));
#3721 = ORIENTED_EDGE('',*,*,#3665,.F.);
#3722 = PLANE('',#3723);
#3723 = AXIS2_PLACEMENT_3D('',#3724,#3725,#3726);
#3724 = CARTESIAN_POINT('',(-0.125,-2.4,0.));
#3725 = DIRECTION('',(-0.,1.,0.));
#3726 = DIRECTION('',(0.,0.,1.));
#3727 = ADVANCED_FACE('',(#3728),#3734,.F.);
#3728 = FACE_BOUND('',#3729,.F.);
#3729 = EDGE_LOOP('',(#3730,#3731,#3732,#3733));
#3730 = ORIENTED_EDGE('',*,*,#3617,.F.);
#3731 = ORIENTED_EDGE('',*,*,#3687,.T.);
#3732 = ORIENTED_EDGE('',*,*,#3657,.T.);
#3733 = ORIENTED_EDGE('',*,*,#3709,.F.);
#3734 = PLANE('',#3735);
#3735 = AXIS2_PLACEMENT_3D('',#3736,#3737,#3738);
#3736 = CARTESIAN_POINT('',(-0.125,-3.,0.));
#3737 = DIRECTION('',(0.,0.,1.));
#3738 = DIRECTION('',(1.,0.,-0.));
#3739 = ADVANCED_FACE('',(#3740),#3746,.T.);
#3740 = FACE_BOUND('',#3741,.T.);
#3741 = EDGE_LOOP('',(#3742,#3743,#3744,#3745));
#3742 = ORIENTED_EDGE('',*,*,#3633,.F.);
#3743 = ORIENTED_EDGE('',*,*,#3694,.T.);
#3744 = ORIENTED_EDGE('',*,*,#3673,.T.);
#3745 = ORIENTED_EDGE('',*,*,#3716,.F.);
#3746 = PLANE('',#3747);
#3747 = AXIS2_PLACEMENT_3D('',#3748,#3749,#3750);
#3748 = CARTESIAN_POINT('',(-0.125,-3.,0.2));
#3749 = DIRECTION('',(0.,0.,1.));
#3750 = DIRECTION('',(1.,0.,-0.));
#3751 = ( GEOMETRIC_REPRESENTATION_CONTEXT(3) 
GLOBAL_UNCERTAINTY_ASSIGNED_CONTEXT((#3755)) 
GLOBAL_UNIT_ASSIGNED_CONTEXT((#3752,#3753,#3754)) REPRESENTATION_CONTEXT
('Context #1','3D Context with UNIT and UNCERTAINTY') );
#3752 = ( LENGTH_UNIT() NAMED_UNIT(*) SI_UNIT(.MILLI.,.METRE.) );
#3753 = ( NAMED_UNIT(*) PLANE_ANGLE_UNIT() SI_UNIT($,.RADIAN.) );
#3754 = ( NAMED_UNIT(*) SI_UNIT($,.STERADIAN.) SOLID_ANGLE_UNIT() );
#3755 = UNCERTAINTY_MEASURE_WITH_UNIT(LENGTH_MEASURE(1.E-07),#3752,
  'distance_accuracy_value','confusion accuracy');
#3756 = CONTEXT_DEPENDENT_SHAPE_REPRESENTATION(#3757,#3759);
#3757 = ( REPRESENTATION_RELATIONSHIP('','',#3600,#10) 
REPRESENTATION_RELATIONSHIP_WITH_TRANSFORMATION(#3758) 
SHAPE_REPRESENTATION_RELATIONSHIP() );
#3758 = ITEM_DEFINED_TRANSFORMATION('','',#11,#95);
#3759 = PRODUCT_DEFINITION_SHAPE('Placement','Placement of an item',
  #3760);
#3760 = NEXT_ASSEMBLY_USAGE_OCCURRENCE('62','Terminal_14','',#5,#3595,$
  );
#3761 = PRODUCT_RELATED_PRODUCT_CATEGORY('part',$,(#3597));
#3762 = SHAPE_DEFINITION_REPRESENTATION(#3763,#3769);
#3763 = PRODUCT_DEFINITION_SHAPE('','',#3764);
#3764 = PRODUCT_DEFINITION('design','',#3765,#3768);
#3765 = PRODUCT_DEFINITION_FORMATION('','',#3766);
#3766 = PRODUCT('Terminal_23','Terminal_23','',(#3767));
#3767 = PRODUCT_CONTEXT('',#2,'mechanical');
#3768 = PRODUCT_DEFINITION_CONTEXT('part definition',#2,'design');
#3769 = ADVANCED_BREP_SHAPE_REPRESENTATION('',(#11,#3770),#3920);
#3770 = MANIFOLD_SOLID_BREP('',#3771);
#3771 = CLOSED_SHELL('',(#3772,#3812,#3852,#3874,#3896,#3908));
#3772 = ADVANCED_FACE('',(#3773),#3807,.F.);
#3773 = FACE_BOUND('',#3774,.F.);
#3774 = EDGE_LOOP('',(#3775,#3785,#3793,#3801));
#3775 = ORIENTED_EDGE('',*,*,#3776,.F.);
#3776 = EDGE_CURVE('',#3777,#3779,#3781,.T.);
#3777 = VERTEX_POINT('',#3778);
#3778 = CARTESIAN_POINT('',(2.4,-0.125,0.));
#3779 = VERTEX_POINT('',#3780);
#3780 = CARTESIAN_POINT('',(2.4,-0.125,0.2));
#3781 = LINE('',#3782,#3783);
#3782 = CARTESIAN_POINT('',(2.4,-0.125,0.));
#3783 = VECTOR('',#3784,1.);
#3784 = DIRECTION('',(0.,0.,1.));
#3785 = ORIENTED_EDGE('',*,*,#3786,.T.);
#3786 = EDGE_CURVE('',#3777,#3787,#3789,.T.);
#3787 = VERTEX_POINT('',#3788);
#3788 = CARTESIAN_POINT('',(2.4,0.125,0.));
#3789 = LINE('',#3790,#3791);
#3790 = CARTESIAN_POINT('',(2.4,-0.125,0.));
#3791 = VECTOR('',#3792,1.);
#3792 = DIRECTION('',(-0.,1.,0.));
#3793 = ORIENTED_EDGE('',*,*,#3794,.T.);
#3794 = EDGE_CURVE('',#3787,#3795,#3797,.T.);
#3795 = VERTEX_POINT('',#3796);
#3796 = CARTESIAN_POINT('',(2.4,0.125,0.2));
#3797 = LINE('',#3798,#3799);
#3798 = CARTESIAN_POINT('',(2.4,0.125,0.));
#3799 = VECTOR('',#3800,1.);
#3800 = DIRECTION('',(0.,0.,1.));
#3801 = ORIENTED_EDGE('',*,*,#3802,.F.);
#3802 = EDGE_CURVE('',#3779,#3795,#3803,.T.);
#3803 = LINE('',#3804,#3805);
#3804 = CARTESIAN_POINT('',(2.4,-0.125,0.2));
#3805 = VECTOR('',#3806,1.);
#3806 = DIRECTION('',(-0.,1.,0.));
#3807 = PLANE('',#3808);
#3808 = AXIS2_PLACEMENT_3D('',#3809,#3810,#3811);
#3809 = CARTESIAN_POINT('',(2.4,-0.125,0.));
#3810 = DIRECTION('',(1.,0.,-0.));
#3811 = DIRECTION('',(0.,0.,1.));
#3812 = ADVANCED_FACE('',(#3813),#3847,.T.);
#3813 = FACE_BOUND('',#3814,.T.);
#3814 = EDGE_LOOP('',(#3815,#3825,#3833,#3841));
#3815 = ORIENTED_EDGE('',*,*,#3816,.F.);
#3816 = EDGE_CURVE('',#3817,#3819,#3821,.T.);
#3817 = VERTEX_POINT('',#3818);
#3818 = CARTESIAN_POINT('',(3.,-0.125,0.));
#3819 = VERTEX_POINT('',#3820);
#3820 = CARTESIAN_POINT('',(3.,-0.125,0.2));
#3821 = LINE('',#3822,#3823);
#3822 = CARTESIAN_POINT('',(3.,-0.125,0.));
#3823 = VECTOR('',#3824,1.);
#3824 = DIRECTION('',(0.,0.,1.));
#3825 = ORIENTED_EDGE('',*,*,#3826,.T.);
#3826 = EDGE_CURVE('',#3817,#3827,#3829,.T.);
#3827 = VERTEX_POINT('',#3828);
#3828 = CARTESIAN_POINT('',(3.,0.125,0.));
#3829 = LINE('',#3830,#3831);
#3830 = CARTESIAN_POINT('',(3.,-0.125,0.));
#3831 = VECTOR('',#3832,1.);
#3832 = DIRECTION('',(-0.,1.,0.));
#3833 = ORIENTED_EDGE('',*,*,#3834,.T.);
#3834 = EDGE_CURVE('',#3827,#3835,#3837,.T.);
#3835 = VERTEX_POINT('',#3836);
#3836 = CARTESIAN_POINT('',(3.,0.125,0.2));
#3837 = LINE('',#3838,#3839);
#3838 = CARTESIAN_POINT('',(3.,0.125,0.));
#3839 = VECTOR('',#3840,1.);
#3840 = DIRECTION('',(0.,0.,1.));
#3841 = ORIENTED_EDGE('',*,*,#3842,.F.);
#3842 = EDGE_CURVE('',#3819,#3835,#3843,.T.);
#3843 = LINE('',#3844,#3845);
#3844 = CARTESIAN_POINT('',(3.,-0.125,0.2));
#3845 = VECTOR('',#3846,1.);
#3846 = DIRECTION('',(-0.,1.,0.));
#3847 = PLANE('',#3848);
#3848 = AXIS2_PLACEMENT_3D('',#3849,#3850,#3851);
#3849 = CARTESIAN_POINT('',(3.,-0.125,0.));
#3850 = DIRECTION('',(1.,0.,-0.));
#3851 = DIRECTION('',(0.,0.,1.));
#3852 = ADVANCED_FACE('',(#3853),#3869,.F.);
#3853 = FACE_BOUND('',#3854,.F.);
#3854 = EDGE_LOOP('',(#3855,#3861,#3862,#3868));
#3855 = ORIENTED_EDGE('',*,*,#3856,.F.);
#3856 = EDGE_CURVE('',#3777,#3817,#3857,.T.);
#3857 = LINE('',#3858,#3859);
#3858 = CARTESIAN_POINT('',(2.4,-0.125,0.));
#3859 = VECTOR('',#3860,1.);
#3860 = DIRECTION('',(1.,0.,-0.));
#3861 = ORIENTED_EDGE('',*,*,#3776,.T.);
#3862 = ORIENTED_EDGE('',*,*,#3863,.T.);
#3863 = EDGE_CURVE('',#3779,#3819,#3864,.T.);
#3864 = LINE('',#3865,#3866);
#3865 = CARTESIAN_POINT('',(2.4,-0.125,0.2));
#3866 = VECTOR('',#3867,1.);
#3867 = DIRECTION('',(1.,0.,-0.));
#3868 = ORIENTED_EDGE('',*,*,#3816,.F.);
#3869 = PLANE('',#3870);
#3870 = AXIS2_PLACEMENT_3D('',#3871,#3872,#3873);
#3871 = CARTESIAN_POINT('',(2.4,-0.125,0.));
#3872 = DIRECTION('',(-0.,1.,0.));
#3873 = DIRECTION('',(0.,0.,1.));
#3874 = ADVANCED_FACE('',(#3875),#3891,.T.);
#3875 = FACE_BOUND('',#3876,.T.);
#3876 = EDGE_LOOP('',(#3877,#3883,#3884,#3890));
#3877 = ORIENTED_EDGE('',*,*,#3878,.F.);
#3878 = EDGE_CURVE('',#3787,#3827,#3879,.T.);
#3879 = LINE('',#3880,#3881);
#3880 = CARTESIAN_POINT('',(2.4,0.125,0.));
#3881 = VECTOR('',#3882,1.);
#3882 = DIRECTION('',(1.,0.,-0.));
#3883 = ORIENTED_EDGE('',*,*,#3794,.T.);
#3884 = ORIENTED_EDGE('',*,*,#3885,.T.);
#3885 = EDGE_CURVE('',#3795,#3835,#3886,.T.);
#3886 = LINE('',#3887,#3888);
#3887 = CARTESIAN_POINT('',(2.4,0.125,0.2));
#3888 = VECTOR('',#3889,1.);
#3889 = DIRECTION('',(1.,0.,-0.));
#3890 = ORIENTED_EDGE('',*,*,#3834,.F.);
#3891 = PLANE('',#3892);
#3892 = AXIS2_PLACEMENT_3D('',#3893,#3894,#3895);
#3893 = CARTESIAN_POINT('',(2.4,0.125,0.));
#3894 = DIRECTION('',(-0.,1.,0.));
#3895 = DIRECTION('',(0.,0.,1.));
#3896 = ADVANCED_FACE('',(#3897),#3903,.F.);
#3897 = FACE_BOUND('',#3898,.F.);
#3898 = EDGE_LOOP('',(#3899,#3900,#3901,#3902));
#3899 = ORIENTED_EDGE('',*,*,#3786,.F.);
#3900 = ORIENTED_EDGE('',*,*,#3856,.T.);
#3901 = ORIENTED_EDGE('',*,*,#3826,.T.);
#3902 = ORIENTED_EDGE('',*,*,#3878,.F.);
#3903 = PLANE('',#3904);
#3904 = AXIS2_PLACEMENT_3D('',#3905,#3906,#3907);
#3905 = CARTESIAN_POINT('',(2.4,-0.125,0.));
#3906 = DIRECTION('',(0.,0.,1.));
#3907 = DIRECTION('',(1.,0.,-0.));
#3908 = ADVANCED_FACE('',(#3909),#3915,.T.);
#3909 = FACE_BOUND('',#3910,.T.);
#3910 = EDGE_LOOP('',(#3911,#3912,#3913,#3914));
#3911 = ORIENTED_EDGE('',*,*,#3802,.F.);
#3912 = ORIENTED_EDGE('',*,*,#3863,.T.);
#3913 = ORIENTED_EDGE('',*,*,#3842,.T.);
#3914 = ORIENTED_EDGE('',*,*,#3885,.F.);
#3915 = PLANE('',#3916);
#3916 = AXIS2_PLACEMENT_3D('',#3917,#3918,#3919);
#3917 = CARTESIAN_POINT('',(2.4,-0.125,0.2));
#3918 = DIRECTION('',(0.,0.,1.));
#3919 = DIRECTION('',(1.,0.,-0.));
#3920 = ( GEOMETRIC_REPRESENTATION_CONTEXT(3) 
GLOBAL_UNCERTAINTY_ASSIGNED_CONTEXT((#3924)) 
GLOBAL_UNIT_ASSIGNED_CONTEXT((#3921,#3922,#3923)) REPRESENTATION_CONTEXT
('Context #1','3D Context with UNIT and UNCERTAINTY') );
#3921 = ( LENGTH_UNIT() NAMED_UNIT(*) SI_UNIT(.MILLI.,.METRE.) );
#3922 = ( NAMED_UNIT(*) PLANE_ANGLE_UNIT() SI_UNIT($,.RADIAN.) );
#3923 = ( NAMED_UNIT(*) SI_UNIT($,.STERADIAN.) SOLID_ANGLE_UNIT() );
#3924 = UNCERTAINTY_MEASURE_WITH_UNIT(LENGTH_MEASURE(1.E-07),#3921,
  'distance_accuracy_value','confusion accuracy');
#3925 = CONTEXT_DEPENDENT_SHAPE_REPRESENTATION(#3926,#3928);
#3926 = ( REPRESENTATION_RELATIONSHIP('','',#3769,#10) 
REPRESENTATION_RELATIONSHIP_WITH_TRANSFORMATION(#3927) 
SHAPE_REPRESENTATION_RELATIONSHIP() );
#3927 = ITEM_DEFINED_TRANSFORMATION('','',#11,#99);
#3928 = PRODUCT_DEFINITION_SHAPE('Placement','Placement of an item',
  #3929);
#3929 = NEXT_ASSEMBLY_USAGE_OCCURRENCE('63','Terminal_23','',#5,#3764,$
  );
#3930 = PRODUCT_RELATED_PRODUCT_CATEGORY('part',$,(#3766));
#3931 = SHAPE_DEFINITION_REPRESENTATION(#3932,#3938);
#3932 = PRODUCT_DEFINITION_SHAPE('','',#3933);
#3933 = PRODUCT_DEFINITION('design','',#3934,#3937);
#3934 = PRODUCT_DEFINITION_FORMATION('','',#3935);
#3935 = PRODUCT('Terminal_32','Terminal_32','',(#3936));
#3936 = PRODUCT_CONTEXT('',#2,'mechanical');
#3937 = PRODUCT_DEFINITION_CONTEXT('part definition',#2,'design');
#3938 = ADVANCED_BREP_SHAPE_REPRESENTATION('',(#11,#3939),#4089);
#3939 = MANIFOLD_SOLID_BREP('',#3940);
#3940 = CLOSED_SHELL('',(#3941,#3981,#4021,#4043,#4065,#4077));
#3941 = ADVANCED_FACE('',(#3942),#3976,.F.);
#3942 = FACE_BOUND('',#3943,.F.);
#3943 = EDGE_LOOP('',(#3944,#3954,#3962,#3970));
#3944 = ORIENTED_EDGE('',*,*,#3945,.F.);
#3945 = EDGE_CURVE('',#3946,#3948,#3950,.T.);
#3946 = VERTEX_POINT('',#3947);
#3947 = CARTESIAN_POINT('',(-0.125,2.4,0.));
#3948 = VERTEX_POINT('',#3949);
#3949 = CARTESIAN_POINT('',(-0.125,2.4,0.2));
#3950 = LINE('',#3951,#3952);
#3951 = CARTESIAN_POINT('',(-0.125,2.4,0.));
#3952 = VECTOR('',#3953,1.);
#3953 = DIRECTION('',(0.,0.,1.));
#3954 = ORIENTED_EDGE('',*,*,#3955,.T.);
#3955 = EDGE_CURVE('',#3946,#3956,#3958,.T.);
#3956 = VERTEX_POINT('',#3957);
#3957 = CARTESIAN_POINT('',(-0.125,3.,0.));
#3958 = LINE('',#3959,#3960);
#3959 = CARTESIAN_POINT('',(-0.125,2.4,0.));
#3960 = VECTOR('',#3961,1.);
#3961 = DIRECTION('',(-0.,1.,0.));
#3962 = ORIENTED_EDGE('',*,*,#3963,.T.);
#3963 = EDGE_CURVE('',#3956,#3964,#3966,.T.);
#3964 = VERTEX_POINT('',#3965);
#3965 = CARTESIAN_POINT('',(-0.125,3.,0.2));
#3966 = LINE('',#3967,#3968);
#3967 = CARTESIAN_POINT('',(-0.125,3.,0.));
#3968 = VECTOR('',#3969,1.);
#3969 = DIRECTION('',(0.,0.,1.));
#3970 = ORIENTED_EDGE('',*,*,#3971,.F.);
#3971 = EDGE_CURVE('',#3948,#3964,#3972,.T.);
#3972 = LINE('',#3973,#3974);
#3973 = CARTESIAN_POINT('',(-0.125,2.4,0.2));
#3974 = VECTOR('',#3975,1.);
#3975 = DIRECTION('',(-0.,1.,0.));
#3976 = PLANE('',#3977);
#3977 = AXIS2_PLACEMENT_3D('',#3978,#3979,#3980);
#3978 = CARTESIAN_POINT('',(-0.125,2.4,0.));
#3979 = DIRECTION('',(1.,0.,-0.));
#3980 = DIRECTION('',(0.,0.,1.));
#3981 = ADVANCED_FACE('',(#3982),#4016,.T.);
#3982 = FACE_BOUND('',#3983,.T.);
#3983 = EDGE_LOOP('',(#3984,#3994,#4002,#4010));
#3984 = ORIENTED_EDGE('',*,*,#3985,.F.);
#3985 = EDGE_CURVE('',#3986,#3988,#3990,.T.);
#3986 = VERTEX_POINT('',#3987);
#3987 = CARTESIAN_POINT('',(0.125,2.4,0.));
#3988 = VERTEX_POINT('',#3989);
#3989 = CARTESIAN_POINT('',(0.125,2.4,0.2));
#3990 = LINE('',#3991,#3992);
#3991 = CARTESIAN_POINT('',(0.125,2.4,0.));
#3992 = VECTOR('',#3993,1.);
#3993 = DIRECTION('',(0.,0.,1.));
#3994 = ORIENTED_EDGE('',*,*,#3995,.T.);
#3995 = EDGE_CURVE('',#3986,#3996,#3998,.T.);
#3996 = VERTEX_POINT('',#3997);
#3997 = CARTESIAN_POINT('',(0.125,3.,0.));
#3998 = LINE('',#3999,#4000);
#3999 = CARTESIAN_POINT('',(0.125,2.4,0.));
#4000 = VECTOR('',#4001,1.);
#4001 = DIRECTION('',(-0.,1.,0.));
#4002 = ORIENTED_EDGE('',*,*,#4003,.T.);
#4003 = EDGE_CURVE('',#3996,#4004,#4006,.T.);
#4004 = VERTEX_POINT('',#4005);
#4005 = CARTESIAN_POINT('',(0.125,3.,0.2));
#4006 = LINE('',#4007,#4008);
#4007 = CARTESIAN_POINT('',(0.125,3.,0.));
#4008 = VECTOR('',#4009,1.);
#4009 = DIRECTION('',(0.,0.,1.));
#4010 = ORIENTED_EDGE('',*,*,#4011,.F.);
#4011 = EDGE_CURVE('',#3988,#4004,#4012,.T.);
#4012 = LINE('',#4013,#4014);
#4013 = CARTESIAN_POINT('',(0.125,2.4,0.2));
#4014 = VECTOR('',#4015,1.);
#4015 = DIRECTION('',(-0.,1.,0.));
#4016 = PLANE('',#4017);
#4017 = AXIS2_PLACEMENT_3D('',#4018,#4019,#4020);
#4018 = CARTESIAN_POINT('',(0.125,2.4,0.));
#4019 = DIRECTION('',(1.,0.,-0.));
#4020 = DIRECTION('',(0.,0.,1.));
#4021 = ADVANCED_FACE('',(#4022),#4038,.F.);
#4022 = FACE_BOUND('',#4023,.F.);
#4023 = EDGE_LOOP('',(#4024,#4030,#4031,#4037));
#4024 = ORIENTED_EDGE('',*,*,#4025,.F.);
#4025 = EDGE_CURVE('',#3946,#3986,#4026,.T.);
#4026 = LINE('',#4027,#4028);
#4027 = CARTESIAN_POINT('',(-0.125,2.4,0.));
#4028 = VECTOR('',#4029,1.);
#4029 = DIRECTION('',(1.,0.,-0.));
#4030 = ORIENTED_EDGE('',*,*,#3945,.T.);
#4031 = ORIENTED_EDGE('',*,*,#4032,.T.);
#4032 = EDGE_CURVE('',#3948,#3988,#4033,.T.);
#4033 = LINE('',#4034,#4035);
#4034 = CARTESIAN_POINT('',(-0.125,2.4,0.2));
#4035 = VECTOR('',#4036,1.);
#4036 = DIRECTION('',(1.,0.,-0.));
#4037 = ORIENTED_EDGE('',*,*,#3985,.F.);
#4038 = PLANE('',#4039);
#4039 = AXIS2_PLACEMENT_3D('',#4040,#4041,#4042);
#4040 = CARTESIAN_POINT('',(-0.125,2.4,0.));
#4041 = DIRECTION('',(-0.,1.,0.));
#4042 = DIRECTION('',(0.,0.,1.));
#4043 = ADVANCED_FACE('',(#4044),#4060,.T.);
#4044 = FACE_BOUND('',#4045,.T.);
#4045 = EDGE_LOOP('',(#4046,#4052,#4053,#4059));
#4046 = ORIENTED_EDGE('',*,*,#4047,.F.);
#4047 = EDGE_CURVE('',#3956,#3996,#4048,.T.);
#4048 = LINE('',#4049,#4050);
#4049 = CARTESIAN_POINT('',(-0.125,3.,0.));
#4050 = VECTOR('',#4051,1.);
#4051 = DIRECTION('',(1.,0.,-0.));
#4052 = ORIENTED_EDGE('',*,*,#3963,.T.);
#4053 = ORIENTED_EDGE('',*,*,#4054,.T.);
#4054 = EDGE_CURVE('',#3964,#4004,#4055,.T.);
#4055 = LINE('',#4056,#4057);
#4056 = CARTESIAN_POINT('',(-0.125,3.,0.2));
#4057 = VECTOR('',#4058,1.);
#4058 = DIRECTION('',(1.,0.,-0.));
#4059 = ORIENTED_EDGE('',*,*,#4003,.F.);
#4060 = PLANE('',#4061);
#4061 = AXIS2_PLACEMENT_3D('',#4062,#4063,#4064);
#4062 = CARTESIAN_POINT('',(-0.125,3.,0.));
#4063 = DIRECTION('',(-0.,1.,0.));
#4064 = DIRECTION('',(0.,0.,1.));
#4065 = ADVANCED_FACE('',(#4066),#4072,.F.);
#4066 = FACE_BOUND('',#4067,.F.);
#4067 = EDGE_LOOP('',(#4068,#4069,#4070,#4071));
#4068 = ORIENTED_EDGE('',*,*,#3955,.F.);
#4069 = ORIENTED_EDGE('',*,*,#4025,.T.);
#4070 = ORIENTED_EDGE('',*,*,#3995,.T.);
#4071 = ORIENTED_EDGE('',*,*,#4047,.F.);
#4072 = PLANE('',#4073);
#4073 = AXIS2_PLACEMENT_3D('',#4074,#4075,#4076);
#4074 = CARTESIAN_POINT('',(-0.125,2.4,0.));
#4075 = DIRECTION('',(0.,0.,1.));
#4076 = DIRECTION('',(1.,0.,-0.));
#4077 = ADVANCED_FACE('',(#4078),#4084,.T.);
#4078 = FACE_BOUND('',#4079,.T.);
#4079 = EDGE_LOOP('',(#4080,#4081,#4082,#4083));
#4080 = ORIENTED_EDGE('',*,*,#3971,.F.);
#4081 = ORIENTED_EDGE('',*,*,#4032,.T.);
#4082 = ORIENTED_EDGE('',*,*,#4011,.T.);
#4083 = ORIENTED_EDGE('',*,*,#4054,.F.);
#4084 = PLANE('',#4085);
#4085 = AXIS2_PLACEMENT_3D('',#4086,#4087,#4088);
#4086 = CARTESIAN_POINT('',(-0.125,2.4,0.2));
#4087 = DIRECTION('',(0.,0.,1.));
#4088 = DIRECTION('',(1.,0.,-0.));
#4089 = ( GEOMETRIC_REPRESENTATION_CONTEXT(3) 
GLOBAL_UNCERTAINTY_ASSIGNED_CONTEXT((#4093)) 
GLOBAL_UNIT_ASSIGNED_CONTEXT((#4090,#4091,#4092)) REPRESENTATION_CONTEXT
('Context #1','3D Context with UNIT and UNCERTAINTY') );
#4090 = ( LENGTH_UNIT() NAMED_UNIT(*) SI_UNIT(.MILLI.,.METRE.) );
#4091 = ( NAMED_UNIT(*) PLANE_ANGLE_UNIT() SI_UNIT($,.RADIAN.) );
#4092 = ( NAMED_UNIT(*) SI_UNIT($,.STERADIAN.) SOLID_ANGLE_UNIT() );
#4093 = UNCERTAINTY_MEASURE_WITH_UNIT(LENGTH_MEASURE(1.E-07),#4090,
  'distance_accuracy_value','confusion accuracy');
#4094 = CONTEXT_DEPENDENT_SHAPE_REPRESENTATION(#4095,#4097);
#4095 = ( REPRESENTATION_RELATIONSHIP('','',#3938,#10) 
REPRESENTATION_RELATIONSHIP_WITH_TRANSFORMATION(#4096) 
SHAPE_REPRESENTATION_RELATIONSHIP() );
#4096 = ITEM_DEFINED_TRANSFORMATION('','',#11,#103);
#4097 = PRODUCT_DEFINITION_SHAPE('Placement','Placement of an item',
  #4098);
#4098 = NEXT_ASSEMBLY_USAGE_OCCURRENCE('64','Terminal_32','',#5,#3933,$
  );
#4099 = PRODUCT_RELATED_PRODUCT_CATEGORY('part',$,(#3935));
#4100 = SHAPE_DEFINITION_REPRESENTATION(#4101,#4107);
#4101 = PRODUCT_DEFINITION_SHAPE('','',#4102);
#4102 = PRODUCT_DEFINITION('design','',#4103,#4106);
#4103 = PRODUCT_DEFINITION_FORMATION('','',#4104);
#4104 = PRODUCT('Terminal_6','Terminal_6','',(#4105));
#4105 = PRODUCT_CONTEXT('',#2,'mechanical');
#4106 = PRODUCT_DEFINITION_CONTEXT('part definition',#2,'design');
#4107 = ADVANCED_BREP_SHAPE_REPRESENTATION('',(#11,#4108),#4258);
#4108 = MANIFOLD_SOLID_BREP('',#4109);
#4109 = CLOSED_SHELL('',(#4110,#4150,#4190,#4212,#4234,#4246));
#4110 = ADVANCED_FACE('',(#4111),#4145,.F.);
#4111 = FACE_BOUND('',#4112,.F.);
#4112 = EDGE_LOOP('',(#4113,#4123,#4131,#4139));
#4113 = ORIENTED_EDGE('',*,*,#4114,.F.);
#4114 = EDGE_CURVE('',#4115,#4117,#4119,.T.);
#4115 = VERTEX_POINT('',#4116);
#4116 = CARTESIAN_POINT('',(-3.,-0.625,0.));
#4117 = VERTEX_POINT('',#4118);
#4118 = CARTESIAN_POINT('',(-3.,-0.625,0.2));
#4119 = LINE('',#4120,#4121);
#4120 = CARTESIAN_POINT('',(-3.,-0.625,0.));
#4121 = VECTOR('',#4122,1.);
#4122 = DIRECTION('',(0.,0.,1.));
#4123 = ORIENTED_EDGE('',*,*,#4124,.T.);
#4124 = EDGE_CURVE('',#4115,#4125,#4127,.T.);
#4125 = VERTEX_POINT('',#4126);
#4126 = CARTESIAN_POINT('',(-3.,-0.375,0.));
#4127 = LINE('',#4128,#4129);
#4128 = CARTESIAN_POINT('',(-3.,-0.625,0.));
#4129 = VECTOR('',#4130,1.);
#4130 = DIRECTION('',(-0.,1.,0.));
#4131 = ORIENTED_EDGE('',*,*,#4132,.T.);
#4132 = EDGE_CURVE('',#4125,#4133,#4135,.T.);
#4133 = VERTEX_POINT('',#4134);
#4134 = CARTESIAN_POINT('',(-3.,-0.375,0.2));
#4135 = LINE('',#4136,#4137);
#4136 = CARTESIAN_POINT('',(-3.,-0.375,0.));
#4137 = VECTOR('',#4138,1.);
#4138 = DIRECTION('',(0.,0.,1.));
#4139 = ORIENTED_EDGE('',*,*,#4140,.F.);
#4140 = EDGE_CURVE('',#4117,#4133,#4141,.T.);
#4141 = LINE('',#4142,#4143);
#4142 = CARTESIAN_POINT('',(-3.,-0.625,0.2));
#4143 = VECTOR('',#4144,1.);
#4144 = DIRECTION('',(-0.,1.,0.));
#4145 = PLANE('',#4146);
#4146 = AXIS2_PLACEMENT_3D('',#4147,#4148,#4149);
#4147 = CARTESIAN_POINT('',(-3.,-0.625,0.));
#4148 = DIRECTION('',(1.,0.,-0.));
#4149 = DIRECTION('',(0.,0.,1.));
#4150 = ADVANCED_FACE('',(#4151),#4185,.T.);
#4151 = FACE_BOUND('',#4152,.T.);
#4152 = EDGE_LOOP('',(#4153,#4163,#4171,#4179));
#4153 = ORIENTED_EDGE('',*,*,#4154,.F.);
#4154 = EDGE_CURVE('',#4155,#4157,#4159,.T.);
#4155 = VERTEX_POINT('',#4156);
#4156 = CARTESIAN_POINT('',(-2.4,-0.625,0.));
#4157 = VERTEX_POINT('',#4158);
#4158 = CARTESIAN_POINT('',(-2.4,-0.625,0.2));
#4159 = LINE('',#4160,#4161);
#4160 = CARTESIAN_POINT('',(-2.4,-0.625,0.));
#4161 = VECTOR('',#4162,1.);
#4162 = DIRECTION('',(0.,0.,1.));
#4163 = ORIENTED_EDGE('',*,*,#4164,.T.);
#4164 = EDGE_CURVE('',#4155,#4165,#4167,.T.);
#4165 = VERTEX_POINT('',#4166);
#4166 = CARTESIAN_POINT('',(-2.4,-0.375,0.));
#4167 = LINE('',#4168,#4169);
#4168 = CARTESIAN_POINT('',(-2.4,-0.625,0.));
#4169 = VECTOR('',#4170,1.);
#4170 = DIRECTION('',(-0.,1.,0.));
#4171 = ORIENTED_EDGE('',*,*,#4172,.T.);
#4172 = EDGE_CURVE('',#4165,#4173,#4175,.T.);
#4173 = VERTEX_POINT('',#4174);
#4174 = CARTESIAN_POINT('',(-2.4,-0.375,0.2));
#4175 = LINE('',#4176,#4177);
#4176 = CARTESIAN_POINT('',(-2.4,-0.375,0.));
#4177 = VECTOR('',#4178,1.);
#4178 = DIRECTION('',(0.,0.,1.));
#4179 = ORIENTED_EDGE('',*,*,#4180,.F.);
#4180 = EDGE_CURVE('',#4157,#4173,#4181,.T.);
#4181 = LINE('',#4182,#4183);
#4182 = CARTESIAN_POINT('',(-2.4,-0.625,0.2));
#4183 = VECTOR('',#4184,1.);
#4184 = DIRECTION('',(-0.,1.,0.));
#4185 = PLANE('',#4186);
#4186 = AXIS2_PLACEMENT_3D('',#4187,#4188,#4189);
#4187 = CARTESIAN_POINT('',(-2.4,-0.625,0.));
#4188 = DIRECTION('',(1.,0.,-0.));
#4189 = DIRECTION('',(0.,0.,1.));
#4190 = ADVANCED_FACE('',(#4191),#4207,.F.);
#4191 = FACE_BOUND('',#4192,.F.);
#4192 = EDGE_LOOP('',(#4193,#4199,#4200,#4206));
#4193 = ORIENTED_EDGE('',*,*,#4194,.F.);
#4194 = EDGE_CURVE('',#4115,#4155,#4195,.T.);
#4195 = LINE('',#4196,#4197);
#4196 = CARTESIAN_POINT('',(-3.,-0.625,0.));
#4197 = VECTOR('',#4198,1.);
#4198 = DIRECTION('',(1.,0.,-0.));
#4199 = ORIENTED_EDGE('',*,*,#4114,.T.);
#4200 = ORIENTED_EDGE('',*,*,#4201,.T.);
#4201 = EDGE_CURVE('',#4117,#4157,#4202,.T.);
#4202 = LINE('',#4203,#4204);
#4203 = CARTESIAN_POINT('',(-3.,-0.625,0.2));
#4204 = VECTOR('',#4205,1.);
#4205 = DIRECTION('',(1.,0.,-0.));
#4206 = ORIENTED_EDGE('',*,*,#4154,.F.);
#4207 = PLANE('',#4208);
#4208 = AXIS2_PLACEMENT_3D('',#4209,#4210,#4211);
#4209 = CARTESIAN_POINT('',(-3.,-0.625,0.));
#4210 = DIRECTION('',(-0.,1.,0.));
#4211 = DIRECTION('',(0.,0.,1.));
#4212 = ADVANCED_FACE('',(#4213),#4229,.T.);
#4213 = FACE_BOUND('',#4214,.T.);
#4214 = EDGE_LOOP('',(#4215,#4221,#4222,#4228));
#4215 = ORIENTED_EDGE('',*,*,#4216,.F.);
#4216 = EDGE_CURVE('',#4125,#4165,#4217,.T.);
#4217 = LINE('',#4218,#4219);
#4218 = CARTESIAN_POINT('',(-3.,-0.375,0.));
#4219 = VECTOR('',#4220,1.);
#4220 = DIRECTION('',(1.,0.,-0.));
#4221 = ORIENTED_EDGE('',*,*,#4132,.T.);
#4222 = ORIENTED_EDGE('',*,*,#4223,.T.);
#4223 = EDGE_CURVE('',#4133,#4173,#4224,.T.);
#4224 = LINE('',#4225,#4226);
#4225 = CARTESIAN_POINT('',(-3.,-0.375,0.2));
#4226 = VECTOR('',#4227,1.);
#4227 = DIRECTION('',(1.,0.,-0.));
#4228 = ORIENTED_EDGE('',*,*,#4172,.F.);
#4229 = PLANE('',#4230);
#4230 = AXIS2_PLACEMENT_3D('',#4231,#4232,#4233);
#4231 = CARTESIAN_POINT('',(-3.,-0.375,0.));
#4232 = DIRECTION('',(-0.,1.,0.));
#4233 = DIRECTION('',(0.,0.,1.));
#4234 = ADVANCED_FACE('',(#4235),#4241,.F.);
#4235 = FACE_BOUND('',#4236,.F.);
#4236 = EDGE_LOOP('',(#4237,#4238,#4239,#4240));
#4237 = ORIENTED_EDGE('',*,*,#4124,.F.);
#4238 = ORIENTED_EDGE('',*,*,#4194,.T.);
#4239 = ORIENTED_EDGE('',*,*,#4164,.T.);
#4240 = ORIENTED_EDGE('',*,*,#4216,.F.);
#4241 = PLANE('',#4242);
#4242 = AXIS2_PLACEMENT_3D('',#4243,#4244,#4245);
#4243 = CARTESIAN_POINT('',(-3.,-0.625,0.));
#4244 = DIRECTION('',(0.,0.,1.));
#4245 = DIRECTION('',(1.,0.,-0.));
#4246 = ADVANCED_FACE('',(#4247),#4253,.T.);
#4247 = FACE_BOUND('',#4248,.T.);
#4248 = EDGE_LOOP('',(#4249,#4250,#4251,#4252));
#4249 = ORIENTED_EDGE('',*,*,#4140,.F.);
#4250 = ORIENTED_EDGE('',*,*,#4201,.T.);
#4251 = ORIENTED_EDGE('',*,*,#4180,.T.);
#4252 = ORIENTED_EDGE('',*,*,#4223,.F.);
#4253 = PLANE('',#4254);
#4254 = AXIS2_PLACEMENT_3D('',#4255,#4256,#4257);
#4255 = CARTESIAN_POINT('',(-3.,-0.625,0.2));
#4256 = DIRECTION('',(0.,0.,1.));
#4257 = DIRECTION('',(1.,0.,-0.));
#4258 = ( GEOMETRIC_REPRESENTATION_CONTEXT(3) 
GLOBAL_UNCERTAINTY_ASSIGNED_CONTEXT((#4262)) 
GLOBAL_UNIT_ASSIGNED_CONTEXT((#4259,#4260,#4261)) REPRESENTATION_CONTEXT
('Context #1','3D Context with UNIT and UNCERTAINTY') );
#4259 = ( LENGTH_UNIT() NAMED_UNIT(*) SI_UNIT(.MILLI.,.METRE.) );
#4260 = ( NAMED_UNIT(*) PLANE_ANGLE_UNIT() SI_UNIT($,.RADIAN.) );
#4261 = ( NAMED_UNIT(*) SI_UNIT($,.STERADIAN.) SOLID_ANGLE_UNIT() );
#4262 = UNCERTAINTY_MEASURE_WITH_UNIT(LENGTH_MEASURE(1.E-07),#4259,
  'distance_accuracy_value','confusion accuracy');
#4263 = CONTEXT_DEPENDENT_SHAPE_REPRESENTATION(#4264,#4266);
#4264 = ( REPRESENTATION_RELATIONSHIP('','',#4107,#10) 
REPRESENTATION_RELATIONSHIP_WITH_TRANSFORMATION(#4265) 
SHAPE_REPRESENTATION_RELATIONSHIP() );
#4265 = ITEM_DEFINED_TRANSFORMATION('','',#11,#107);
#4266 = PRODUCT_DEFINITION_SHAPE('Placement','Placement of an item',
  #4267);
#4267 = NEXT_ASSEMBLY_USAGE_OCCURRENCE('65','Terminal_6','',#5,#4102,$);
#4268 = PRODUCT_RELATED_PRODUCT_CATEGORY('part',$,(#4104));
#4269 = SHAPE_DEFINITION_REPRESENTATION(#4270,#4276);
#4270 = PRODUCT_DEFINITION_SHAPE('','',#4271);
#4271 = PRODUCT_DEFINITION('design','',#4272,#4275);
#4272 = PRODUCT_DEFINITION_FORMATION('','',#4273);
#4273 = PRODUCT('Terminal_15','Terminal_15','',(#4274));
#4274 = PRODUCT_CONTEXT('',#2,'mechanical');
#4275 = PRODUCT_DEFINITION_CONTEXT('part definition',#2,'design');
#4276 = ADVANCED_BREP_SHAPE_REPRESENTATION('',(#11,#4277),#4427);
#4277 = MANIFOLD_SOLID_BREP('',#4278);
#4278 = CLOSED_SHELL('',(#4279,#4319,#4359,#4381,#4403,#4415));
#4279 = ADVANCED_FACE('',(#4280),#4314,.F.);
#4280 = FACE_BOUND('',#4281,.F.);
#4281 = EDGE_LOOP('',(#4282,#4292,#4300,#4308));
#4282 = ORIENTED_EDGE('',*,*,#4283,.F.);
#4283 = EDGE_CURVE('',#4284,#4286,#4288,.T.);
#4284 = VERTEX_POINT('',#4285);
#4285 = CARTESIAN_POINT('',(0.375,-3.,0.));
#4286 = VERTEX_POINT('',#4287);
#4287 = CARTESIAN_POINT('',(0.375,-3.,0.2));
#4288 = LINE('',#4289,#4290);
#4289 = CARTESIAN_POINT('',(0.375,-3.,0.));
#4290 = VECTOR('',#4291,1.);
#4291 = DIRECTION('',(0.,0.,1.));
#4292 = ORIENTED_EDGE('',*,*,#4293,.T.);
#4293 = EDGE_CURVE('',#4284,#4294,#4296,.T.);
#4294 = VERTEX_POINT('',#4295);
#4295 = CARTESIAN_POINT('',(0.375,-2.4,0.));
#4296 = LINE('',#4297,#4298);
#4297 = CARTESIAN_POINT('',(0.375,-3.,0.));
#4298 = VECTOR('',#4299,1.);
#4299 = DIRECTION('',(-0.,1.,0.));
#4300 = ORIENTED_EDGE('',*,*,#4301,.T.);
#4301 = EDGE_CURVE('',#4294,#4302,#4304,.T.);
#4302 = VERTEX_POINT('',#4303);
#4303 = CARTESIAN_POINT('',(0.375,-2.4,0.2));
#4304 = LINE('',#4305,#4306);
#4305 = CARTESIAN_POINT('',(0.375,-2.4,0.));
#4306 = VECTOR('',#4307,1.);
#4307 = DIRECTION('',(0.,0.,1.));
#4308 = ORIENTED_EDGE('',*,*,#4309,.F.);
#4309 = EDGE_CURVE('',#4286,#4302,#4310,.T.);
#4310 = LINE('',#4311,#4312);
#4311 = CARTESIAN_POINT('',(0.375,-3.,0.2));
#4312 = VECTOR('',#4313,1.);
#4313 = DIRECTION('',(-0.,1.,0.));
#4314 = PLANE('',#4315);
#4315 = AXIS2_PLACEMENT_3D('',#4316,#4317,#4318);
#4316 = CARTESIAN_POINT('',(0.375,-3.,0.));
#4317 = DIRECTION('',(1.,0.,-0.));
#4318 = DIRECTION('',(0.,0.,1.));
#4319 = ADVANCED_FACE('',(#4320),#4354,.T.);
#4320 = FACE_BOUND('',#4321,.T.);
#4321 = EDGE_LOOP('',(#4322,#4332,#4340,#4348));
#4322 = ORIENTED_EDGE('',*,*,#4323,.F.);
#4323 = EDGE_CURVE('',#4324,#4326,#4328,.T.);
#4324 = VERTEX_POINT('',#4325);
#4325 = CARTESIAN_POINT('',(0.625,-3.,0.));
#4326 = VERTEX_POINT('',#4327);
#4327 = CARTESIAN_POINT('',(0.625,-3.,0.2));
#4328 = LINE('',#4329,#4330);
#4329 = CARTESIAN_POINT('',(0.625,-3.,0.));
#4330 = VECTOR('',#4331,1.);
#4331 = DIRECTION('',(0.,0.,1.));
#4332 = ORIENTED_EDGE('',*,*,#4333,.T.);
#4333 = EDGE_CURVE('',#4324,#4334,#4336,.T.);
#4334 = VERTEX_POINT('',#4335);
#4335 = CARTESIAN_POINT('',(0.625,-2.4,0.));
#4336 = LINE('',#4337,#4338);
#4337 = CARTESIAN_POINT('',(0.625,-3.,0.));
#4338 = VECTOR('',#4339,1.);
#4339 = DIRECTION('',(-0.,1.,0.));
#4340 = ORIENTED_EDGE('',*,*,#4341,.T.);
#4341 = EDGE_CURVE('',#4334,#4342,#4344,.T.);
#4342 = VERTEX_POINT('',#4343);
#4343 = CARTESIAN_POINT('',(0.625,-2.4,0.2));
#4344 = LINE('',#4345,#4346);
#4345 = CARTESIAN_POINT('',(0.625,-2.4,0.));
#4346 = VECTOR('',#4347,1.);
#4347 = DIRECTION('',(0.,0.,1.));
#4348 = ORIENTED_EDGE('',*,*,#4349,.F.);
#4349 = EDGE_CURVE('',#4326,#4342,#4350,.T.);
#4350 = LINE('',#4351,#4352);
#4351 = CARTESIAN_POINT('',(0.625,-3.,0.2));
#4352 = VECTOR('',#4353,1.);
#4353 = DIRECTION('',(-0.,1.,0.));
#4354 = PLANE('',#4355);
#4355 = AXIS2_PLACEMENT_3D('',#4356,#4357,#4358);
#4356 = CARTESIAN_POINT('',(0.625,-3.,0.));
#4357 = DIRECTION('',(1.,0.,-0.));
#4358 = DIRECTION('',(0.,0.,1.));
#4359 = ADVANCED_FACE('',(#4360),#4376,.F.);
#4360 = FACE_BOUND('',#4361,.F.);
#4361 = EDGE_LOOP('',(#4362,#4368,#4369,#4375));
#4362 = ORIENTED_EDGE('',*,*,#4363,.F.);
#4363 = EDGE_CURVE('',#4284,#4324,#4364,.T.);
#4364 = LINE('',#4365,#4366);
#4365 = CARTESIAN_POINT('',(0.375,-3.,0.));
#4366 = VECTOR('',#4367,1.);
#4367 = DIRECTION('',(1.,0.,-0.));
#4368 = ORIENTED_EDGE('',*,*,#4283,.T.);
#4369 = ORIENTED_EDGE('',*,*,#4370,.T.);
#4370 = EDGE_CURVE('',#4286,#4326,#4371,.T.);
#4371 = LINE('',#4372,#4373);
#4372 = CARTESIAN_POINT('',(0.375,-3.,0.2));
#4373 = VECTOR('',#4374,1.);
#4374 = DIRECTION('',(1.,0.,-0.));
#4375 = ORIENTED_EDGE('',*,*,#4323,.F.);
#4376 = PLANE('',#4377);
#4377 = AXIS2_PLACEMENT_3D('',#4378,#4379,#4380);
#4378 = CARTESIAN_POINT('',(0.375,-3.,0.));
#4379 = DIRECTION('',(-0.,1.,0.));
#4380 = DIRECTION('',(0.,0.,1.));
#4381 = ADVANCED_FACE('',(#4382),#4398,.T.);
#4382 = FACE_BOUND('',#4383,.T.);
#4383 = EDGE_LOOP('',(#4384,#4390,#4391,#4397));
#4384 = ORIENTED_EDGE('',*,*,#4385,.F.);
#4385 = EDGE_CURVE('',#4294,#4334,#4386,.T.);
#4386 = LINE('',#4387,#4388);
#4387 = CARTESIAN_POINT('',(0.375,-2.4,0.));
#4388 = VECTOR('',#4389,1.);
#4389 = DIRECTION('',(1.,0.,-0.));
#4390 = ORIENTED_EDGE('',*,*,#4301,.T.);
#4391 = ORIENTED_EDGE('',*,*,#4392,.T.);
#4392 = EDGE_CURVE('',#4302,#4342,#4393,.T.);
#4393 = LINE('',#4394,#4395);
#4394 = CARTESIAN_POINT('',(0.375,-2.4,0.2));
#4395 = VECTOR('',#4396,1.);
#4396 = DIRECTION('',(1.,0.,-0.));
#4397 = ORIENTED_EDGE('',*,*,#4341,.F.);
#4398 = PLANE('',#4399);
#4399 = AXIS2_PLACEMENT_3D('',#4400,#4401,#4402);
#4400 = CARTESIAN_POINT('',(0.375,-2.4,0.));
#4401 = DIRECTION('',(-0.,1.,0.));
#4402 = DIRECTION('',(0.,0.,1.));
#4403 = ADVANCED_FACE('',(#4404),#4410,.F.);
#4404 = FACE_BOUND('',#4405,.F.);
#4405 = EDGE_LOOP('',(#4406,#4407,#4408,#4409));
#4406 = ORIENTED_EDGE('',*,*,#4293,.F.);
#4407 = ORIENTED_EDGE('',*,*,#4363,.T.);
#4408 = ORIENTED_EDGE('',*,*,#4333,.T.);
#4409 = ORIENTED_EDGE('',*,*,#4385,.F.);
#4410 = PLANE('',#4411);
#4411 = AXIS2_PLACEMENT_3D('',#4412,#4413,#4414);
#4412 = CARTESIAN_POINT('',(0.375,-3.,0.));
#4413 = DIRECTION('',(0.,0.,1.));
#4414 = DIRECTION('',(1.,0.,-0.));
#4415 = ADVANCED_FACE('',(#4416),#4422,.T.);
#4416 = FACE_BOUND('',#4417,.T.);
#4417 = EDGE_LOOP('',(#4418,#4419,#4420,#4421));
#4418 = ORIENTED_EDGE('',*,*,#4309,.F.);
#4419 = ORIENTED_EDGE('',*,*,#4370,.T.);
#4420 = ORIENTED_EDGE('',*,*,#4349,.T.);
#4421 = ORIENTED_EDGE('',*,*,#4392,.F.);
#4422 = PLANE('',#4423);
#4423 = AXIS2_PLACEMENT_3D('',#4424,#4425,#4426);
#4424 = CARTESIAN_POINT('',(0.375,-3.,0.2));
#4425 = DIRECTION('',(0.,0.,1.));
#4426 = DIRECTION('',(1.,0.,-0.));
#4427 = ( GEOMETRIC_REPRESENTATION_CONTEXT(3) 
GLOBAL_UNCERTAINTY_ASSIGNED_CONTEXT((#4431)) 
GLOBAL_UNIT_ASSIGNED_CONTEXT((#4428,#4429,#4430)) REPRESENTATION_CONTEXT
('Context #1','3D Context with UNIT and UNCERTAINTY') );
#4428 = ( LENGTH_UNIT() NAMED_UNIT(*) SI_UNIT(.MILLI.,.METRE.) );
#4429 = ( NAMED_UNIT(*) PLANE_ANGLE_UNIT() SI_UNIT($,.RADIAN.) );
#4430 = ( NAMED_UNIT(*) SI_UNIT($,.STERADIAN.) SOLID_ANGLE_UNIT() );
#4431 = UNCERTAINTY_MEASURE_WITH_UNIT(LENGTH_MEASURE(1.E-07),#4428,
  'distance_accuracy_value','confusion accuracy');
#4432 = CONTEXT_DEPENDENT_SHAPE_REPRESENTATION(#4433,#4435);
#4433 = ( REPRESENTATION_RELATIONSHIP('','',#4276,#10) 
REPRESENTATION_RELATIONSHIP_WITH_TRANSFORMATION(#4434) 
SHAPE_REPRESENTATION_RELATIONSHIP() );
#4434 = ITEM_DEFINED_TRANSFORMATION('','',#11,#111);
#4435 = PRODUCT_DEFINITION_SHAPE('Placement','Placement of an item',
  #4436);
#4436 = NEXT_ASSEMBLY_USAGE_OCCURRENCE('66','Terminal_15','',#5,#4271,$
  );
#4437 = PRODUCT_RELATED_PRODUCT_CATEGORY('part',$,(#4273));
#4438 = SHAPE_DEFINITION_REPRESENTATION(#4439,#4445);
#4439 = PRODUCT_DEFINITION_SHAPE('','',#4440);
#4440 = PRODUCT_DEFINITION('design','',#4441,#4444);
#4441 = PRODUCT_DEFINITION_FORMATION('','',#4442);
#4442 = PRODUCT('Terminal_24','Terminal_24','',(#4443));
#4443 = PRODUCT_CONTEXT('',#2,'mechanical');
#4444 = PRODUCT_DEFINITION_CONTEXT('part definition',#2,'design');
#4445 = ADVANCED_BREP_SHAPE_REPRESENTATION('',(#11,#4446),#4596);
#4446 = MANIFOLD_SOLID_BREP('',#4447);
#4447 = CLOSED_SHELL('',(#4448,#4488,#4528,#4550,#4572,#4584));
#4448 = ADVANCED_FACE('',(#4449),#4483,.F.);
#4449 = FACE_BOUND('',#4450,.F.);
#4450 = EDGE_LOOP('',(#4451,#4461,#4469,#4477));
#4451 = ORIENTED_EDGE('',*,*,#4452,.F.);
#4452 = EDGE_CURVE('',#4453,#4455,#4457,.T.);
#4453 = VERTEX_POINT('',#4454);
#4454 = CARTESIAN_POINT('',(2.4,0.375,0.));
#4455 = VERTEX_POINT('',#4456);
#4456 = CARTESIAN_POINT('',(2.4,0.375,0.2));
#4457 = LINE('',#4458,#4459);
#4458 = CARTESIAN_POINT('',(2.4,0.375,0.));
#4459 = VECTOR('',#4460,1.);
#4460 = DIRECTION('',(0.,0.,1.));
#4461 = ORIENTED_EDGE('',*,*,#4462,.T.);
#4462 = EDGE_CURVE('',#4453,#4463,#4465,.T.);
#4463 = VERTEX_POINT('',#4464);
#4464 = CARTESIAN_POINT('',(2.4,0.625,0.));
#4465 = LINE('',#4466,#4467);
#4466 = CARTESIAN_POINT('',(2.4,0.375,0.));
#4467 = VECTOR('',#4468,1.);
#4468 = DIRECTION('',(-0.,1.,0.));
#4469 = ORIENTED_EDGE('',*,*,#4470,.T.);
#4470 = EDGE_CURVE('',#4463,#4471,#4473,.T.);
#4471 = VERTEX_POINT('',#4472);
#4472 = CARTESIAN_POINT('',(2.4,0.625,0.2));
#4473 = LINE('',#4474,#4475);
#4474 = CARTESIAN_POINT('',(2.4,0.625,0.));
#4475 = VECTOR('',#4476,1.);
#4476 = DIRECTION('',(0.,0.,1.));
#4477 = ORIENTED_EDGE('',*,*,#4478,.F.);
#4478 = EDGE_CURVE('',#4455,#4471,#4479,.T.);
#4479 = LINE('',#4480,#4481);
#4480 = CARTESIAN_POINT('',(2.4,0.375,0.2));
#4481 = VECTOR('',#4482,1.);
#4482 = DIRECTION('',(-0.,1.,0.));
#4483 = PLANE('',#4484);
#4484 = AXIS2_PLACEMENT_3D('',#4485,#4486,#4487);
#4485 = CARTESIAN_POINT('',(2.4,0.375,0.));
#4486 = DIRECTION('',(1.,0.,-0.));
#4487 = DIRECTION('',(0.,0.,1.));
#4488 = ADVANCED_FACE('',(#4489),#4523,.T.);
#4489 = FACE_BOUND('',#4490,.T.);
#4490 = EDGE_LOOP('',(#4491,#4501,#4509,#4517));
#4491 = ORIENTED_EDGE('',*,*,#4492,.F.);
#4492 = EDGE_CURVE('',#4493,#4495,#4497,.T.);
#4493 = VERTEX_POINT('',#4494);
#4494 = CARTESIAN_POINT('',(3.,0.375,0.));
#4495 = VERTEX_POINT('',#4496);
#4496 = CARTESIAN_POINT('',(3.,0.375,0.2));
#4497 = LINE('',#4498,#4499);
#4498 = CARTESIAN_POINT('',(3.,0.375,0.));
#4499 = VECTOR('',#4500,1.);
#4500 = DIRECTION('',(0.,0.,1.));
#4501 = ORIENTED_EDGE('',*,*,#4502,.T.);
#4502 = EDGE_CURVE('',#4493,#4503,#4505,.T.);
#4503 = VERTEX_POINT('',#4504);
#4504 = CARTESIAN_POINT('',(3.,0.625,0.));
#4505 = LINE('',#4506,#4507);
#4506 = CARTESIAN_POINT('',(3.,0.375,0.));
#4507 = VECTOR('',#4508,1.);
#4508 = DIRECTION('',(-0.,1.,0.));
#4509 = ORIENTED_EDGE('',*,*,#4510,.T.);
#4510 = EDGE_CURVE('',#4503,#4511,#4513,.T.);
#4511 = VERTEX_POINT('',#4512);
#4512 = CARTESIAN_POINT('',(3.,0.625,0.2));
#4513 = LINE('',#4514,#4515);
#4514 = CARTESIAN_POINT('',(3.,0.625,0.));
#4515 = VECTOR('',#4516,1.);
#4516 = DIRECTION('',(0.,0.,1.));
#4517 = ORIENTED_EDGE('',*,*,#4518,.F.);
#4518 = EDGE_CURVE('',#4495,#4511,#4519,.T.);
#4519 = LINE('',#4520,#4521);
#4520 = CARTESIAN_POINT('',(3.,0.375,0.2));
#4521 = VECTOR('',#4522,1.);
#4522 = DIRECTION('',(-0.,1.,0.));
#4523 = PLANE('',#4524);
#4524 = AXIS2_PLACEMENT_3D('',#4525,#4526,#4527);
#4525 = CARTESIAN_POINT('',(3.,0.375,0.));
#4526 = DIRECTION('',(1.,0.,-0.));
#4527 = DIRECTION('',(0.,0.,1.));
#4528 = ADVANCED_FACE('',(#4529),#4545,.F.);
#4529 = FACE_BOUND('',#4530,.F.);
#4530 = EDGE_LOOP('',(#4531,#4537,#4538,#4544));
#4531 = ORIENTED_EDGE('',*,*,#4532,.F.);
#4532 = EDGE_CURVE('',#4453,#4493,#4533,.T.);
#4533 = LINE('',#4534,#4535);
#4534 = CARTESIAN_POINT('',(2.4,0.375,0.));
#4535 = VECTOR('',#4536,1.);
#4536 = DIRECTION('',(1.,0.,-0.));
#4537 = ORIENTED_EDGE('',*,*,#4452,.T.);
#4538 = ORIENTED_EDGE('',*,*,#4539,.T.);
#4539 = EDGE_CURVE('',#4455,#4495,#4540,.T.);
#4540 = LINE('',#4541,#4542);
#4541 = CARTESIAN_POINT('',(2.4,0.375,0.2));
#4542 = VECTOR('',#4543,1.);
#4543 = DIRECTION('',(1.,0.,-0.));
#4544 = ORIENTED_EDGE('',*,*,#4492,.F.);
#4545 = PLANE('',#4546);
#4546 = AXIS2_PLACEMENT_3D('',#4547,#4548,#4549);
#4547 = CARTESIAN_POINT('',(2.4,0.375,0.));
#4548 = DIRECTION('',(-0.,1.,0.));
#4549 = DIRECTION('',(0.,0.,1.));
#4550 = ADVANCED_FACE('',(#4551),#4567,.T.);
#4551 = FACE_BOUND('',#4552,.T.);
#4552 = EDGE_LOOP('',(#4553,#4559,#4560,#4566));
#4553 = ORIENTED_EDGE('',*,*,#4554,.F.);
#4554 = EDGE_CURVE('',#4463,#4503,#4555,.T.);
#4555 = LINE('',#4556,#4557);
#4556 = CARTESIAN_POINT('',(2.4,0.625,0.));
#4557 = VECTOR('',#4558,1.);
#4558 = DIRECTION('',(1.,0.,-0.));
#4559 = ORIENTED_EDGE('',*,*,#4470,.T.);
#4560 = ORIENTED_EDGE('',*,*,#4561,.T.);
#4561 = EDGE_CURVE('',#4471,#4511,#4562,.T.);
#4562 = LINE('',#4563,#4564);
#4563 = CARTESIAN_POINT('',(2.4,0.625,0.2));
#4564 = VECTOR('',#4565,1.);
#4565 = DIRECTION('',(1.,0.,-0.));
#4566 = ORIENTED_EDGE('',*,*,#4510,.F.);
#4567 = PLANE('',#4568);
#4568 = AXIS2_PLACEMENT_3D('',#4569,#4570,#4571);
#4569 = CARTESIAN_POINT('',(2.4,0.625,0.));
#4570 = DIRECTION('',(-0.,1.,0.));
#4571 = DIRECTION('',(0.,0.,1.));
#4572 = ADVANCED_FACE('',(#4573),#4579,.F.);
#4573 = FACE_BOUND('',#4574,.F.);
#4574 = EDGE_LOOP('',(#4575,#4576,#4577,#4578));
#4575 = ORIENTED_EDGE('',*,*,#4462,.F.);
#4576 = ORIENTED_EDGE('',*,*,#4532,.T.);
#4577 = ORIENTED_EDGE('',*,*,#4502,.T.);
#4578 = ORIENTED_EDGE('',*,*,#4554,.F.);
#4579 = PLANE('',#4580);
#4580 = AXIS2_PLACEMENT_3D('',#4581,#4582,#4583);
#4581 = CARTESIAN_POINT('',(2.4,0.375,0.));
#4582 = DIRECTION('',(0.,0.,1.));
#4583 = DIRECTION('',(1.,0.,-0.));
#4584 = ADVANCED_FACE('',(#4585),#4591,.T.);
#4585 = FACE_BOUND('',#4586,.T.);
#4586 = EDGE_LOOP('',(#4587,#4588,#4589,#4590));
#4587 = ORIENTED_EDGE('',*,*,#4478,.F.);
#4588 = ORIENTED_EDGE('',*,*,#4539,.T.);
#4589 = ORIENTED_EDGE('',*,*,#4518,.T.);
#4590 = ORIENTED_EDGE('',*,*,#4561,.F.);
#4591 = PLANE('',#4592);
#4592 = AXIS2_PLACEMENT_3D('',#4593,#4594,#4595);
#4593 = CARTESIAN_POINT('',(2.4,0.375,0.2));
#4594 = DIRECTION('',(0.,0.,1.));
#4595 = DIRECTION('',(1.,0.,-0.));
#4596 = ( GEOMETRIC_REPRESENTATION_CONTEXT(3) 
GLOBAL_UNCERTAINTY_ASSIGNED_CONTEXT((#4600)) 
GLOBAL_UNIT_ASSIGNED_CONTEXT((#4597,#4598,#4599)) REPRESENTATION_CONTEXT
('Context #1','3D Context with UNIT and UNCERTAINTY') );
#4597 = ( LENGTH_UNIT() NAMED_UNIT(*) SI_UNIT(.MILLI.,.METRE.) );
#4598 = ( NAMED_UNIT(*) PLANE_ANGLE_UNIT() SI_UNIT($,.RADIAN.) );
#4599 = ( NAMED_UNIT(*) SI_UNIT($,.STERADIAN.) SOLID_ANGLE_UNIT() );
#4600 = UNCERTAINTY_MEASURE_WITH_UNIT(LENGTH_MEASURE(1.E-07),#4597,
  'distance_accuracy_value','confusion accuracy');
#4601 = CONTEXT_DEPENDENT_SHAPE_REPRESENTATION(#4602,#4604);
#4602 = ( REPRESENTATION_RELATIONSHIP('','',#4445,#10) 
REPRESENTATION_RELATIONSHIP_WITH_TRANSFORMATION(#4603) 
SHAPE_REPRESENTATION_RELATIONSHIP() );
#4603 = ITEM_DEFINED_TRANSFORMATION('','',#11,#115);
#4604 = PRODUCT_DEFINITION_SHAPE('Placement','Placement of an item',
  #4605);
#4605 = NEXT_ASSEMBLY_USAGE_OCCURRENCE('67','Terminal_24','',#5,#4440,$
  );
#4606 = PRODUCT_RELATED_PRODUCT_CATEGORY('part',$,(#4442));
#4607 = SHAPE_DEFINITION_REPRESENTATION(#4608,#4614);
#4608 = PRODUCT_DEFINITION_SHAPE('','',#4609);
#4609 = PRODUCT_DEFINITION('design','',#4610,#4613);
#4610 = PRODUCT_DEFINITION_FORMATION('','',#4611);
#4611 = PRODUCT('Terminal_33','Terminal_33','',(#4612));
#4612 = PRODUCT_CONTEXT('',#2,'mechanical');
#4613 = PRODUCT_DEFINITION_CONTEXT('part definition',#2,'design');
#4614 = ADVANCED_BREP_SHAPE_REPRESENTATION('',(#11,#4615),#4765);
#4615 = MANIFOLD_SOLID_BREP('',#4616);
#4616 = CLOSED_SHELL('',(#4617,#4657,#4697,#4719,#4741,#4753));
#4617 = ADVANCED_FACE('',(#4618),#4652,.F.);
#4618 = FACE_BOUND('',#4619,.F.);
#4619 = EDGE_LOOP('',(#4620,#4630,#4638,#4646));
#4620 = ORIENTED_EDGE('',*,*,#4621,.F.);
#4621 = EDGE_CURVE('',#4622,#4624,#4626,.T.);
#4622 = VERTEX_POINT('',#4623);
#4623 = CARTESIAN_POINT('',(-0.625,2.4,0.));
#4624 = VERTEX_POINT('',#4625);
#4625 = CARTESIAN_POINT('',(-0.625,2.4,0.2));
#4626 = LINE('',#4627,#4628);
#4627 = CARTESIAN_POINT('',(-0.625,2.4,0.));
#4628 = VECTOR('',#4629,1.);
#4629 = DIRECTION('',(0.,0.,1.));
#4630 = ORIENTED_EDGE('',*,*,#4631,.T.);
#4631 = EDGE_CURVE('',#4622,#4632,#4634,.T.);
#4632 = VERTEX_POINT('',#4633);
#4633 = CARTESIAN_POINT('',(-0.625,3.,0.));
#4634 = LINE('',#4635,#4636);
#4635 = CARTESIAN_POINT('',(-0.625,2.4,0.));
#4636 = VECTOR('',#4637,1.);
#4637 = DIRECTION('',(-0.,1.,0.));
#4638 = ORIENTED_EDGE('',*,*,#4639,.T.);
#4639 = EDGE_CURVE('',#4632,#4640,#4642,.T.);
#4640 = VERTEX_POINT('',#4641);
#4641 = CARTESIAN_POINT('',(-0.625,3.,0.2));
#4642 = LINE('',#4643,#4644);
#4643 = CARTESIAN_POINT('',(-0.625,3.,0.));
#4644 = VECTOR('',#4645,1.);
#4645 = DIRECTION('',(0.,0.,1.));
#4646 = ORIENTED_EDGE('',*,*,#4647,.F.);
#4647 = EDGE_CURVE('',#4624,#4640,#4648,.T.);
#4648 = LINE('',#4649,#4650);
#4649 = CARTESIAN_POINT('',(-0.625,2.4,0.2));
#4650 = VECTOR('',#4651,1.);
#4651 = DIRECTION('',(-0.,1.,0.));
#4652 = PLANE('',#4653);
#4653 = AXIS2_PLACEMENT_3D('',#4654,#4655,#4656);
#4654 = CARTESIAN_POINT('',(-0.625,2.4,0.));
#4655 = DIRECTION('',(1.,0.,-0.));
#4656 = DIRECTION('',(0.,0.,1.));
#4657 = ADVANCED_FACE('',(#4658),#4692,.T.);
#4658 = FACE_BOUND('',#4659,.T.);
#4659 = EDGE_LOOP('',(#4660,#4670,#4678,#4686));
#4660 = ORIENTED_EDGE('',*,*,#4661,.F.);
#4661 = EDGE_CURVE('',#4662,#4664,#4666,.T.);
#4662 = VERTEX_POINT('',#4663);
#4663 = CARTESIAN_POINT('',(-0.375,2.4,0.));
#4664 = VERTEX_POINT('',#4665);
#4665 = CARTESIAN_POINT('',(-0.375,2.4,0.2));
#4666 = LINE('',#4667,#4668);
#4667 = CARTESIAN_POINT('',(-0.375,2.4,0.));
#4668 = VECTOR('',#4669,1.);
#4669 = DIRECTION('',(0.,0.,1.));
#4670 = ORIENTED_EDGE('',*,*,#4671,.T.);
#4671 = EDGE_CURVE('',#4662,#4672,#4674,.T.);
#4672 = VERTEX_POINT('',#4673);
#4673 = CARTESIAN_POINT('',(-0.375,3.,0.));
#4674 = LINE('',#4675,#4676);
#4675 = CARTESIAN_POINT('',(-0.375,2.4,0.));
#4676 = VECTOR('',#4677,1.);
#4677 = DIRECTION('',(-0.,1.,0.));
#4678 = ORIENTED_EDGE('',*,*,#4679,.T.);
#4679 = EDGE_CURVE('',#4672,#4680,#4682,.T.);
#4680 = VERTEX_POINT('',#4681);
#4681 = CARTESIAN_POINT('',(-0.375,3.,0.2));
#4682 = LINE('',#4683,#4684);
#4683 = CARTESIAN_POINT('',(-0.375,3.,0.));
#4684 = VECTOR('',#4685,1.);
#4685 = DIRECTION('',(0.,0.,1.));
#4686 = ORIENTED_EDGE('',*,*,#4687,.F.);
#4687 = EDGE_CURVE('',#4664,#4680,#4688,.T.);
#4688 = LINE('',#4689,#4690);
#4689 = CARTESIAN_POINT('',(-0.375,2.4,0.2));
#4690 = VECTOR('',#4691,1.);
#4691 = DIRECTION('',(-0.,1.,0.));
#4692 = PLANE('',#4693);
#4693 = AXIS2_PLACEMENT_3D('',#4694,#4695,#4696);
#4694 = CARTESIAN_POINT('',(-0.375,2.4,0.));
#4695 = DIRECTION('',(1.,0.,-0.));
#4696 = DIRECTION('',(0.,0.,1.));
#4697 = ADVANCED_FACE('',(#4698),#4714,.F.);
#4698 = FACE_BOUND('',#4699,.F.);
#4699 = EDGE_LOOP('',(#4700,#4706,#4707,#4713));
#4700 = ORIENTED_EDGE('',*,*,#4701,.F.);
#4701 = EDGE_CURVE('',#4622,#4662,#4702,.T.);
#4702 = LINE('',#4703,#4704);
#4703 = CARTESIAN_POINT('',(-0.625,2.4,0.));
#4704 = VECTOR('',#4705,1.);
#4705 = DIRECTION('',(1.,0.,-0.));
#4706 = ORIENTED_EDGE('',*,*,#4621,.T.);
#4707 = ORIENTED_EDGE('',*,*,#4708,.T.);
#4708 = EDGE_CURVE('',#4624,#4664,#4709,.T.);
#4709 = LINE('',#4710,#4711);
#4710 = CARTESIAN_POINT('',(-0.625,2.4,0.2));
#4711 = VECTOR('',#4712,1.);
#4712 = DIRECTION('',(1.,0.,-0.));
#4713 = ORIENTED_EDGE('',*,*,#4661,.F.);
#4714 = PLANE('',#4715);
#4715 = AXIS2_PLACEMENT_3D('',#4716,#4717,#4718);
#4716 = CARTESIAN_POINT('',(-0.625,2.4,0.));
#4717 = DIRECTION('',(-0.,1.,0.));
#4718 = DIRECTION('',(0.,0.,1.));
#4719 = ADVANCED_FACE('',(#4720),#4736,.T.);
#4720 = FACE_BOUND('',#4721,.T.);
#4721 = EDGE_LOOP('',(#4722,#4728,#4729,#4735));
#4722 = ORIENTED_EDGE('',*,*,#4723,.F.);
#4723 = EDGE_CURVE('',#4632,#4672,#4724,.T.);
#4724 = LINE('',#4725,#4726);
#4725 = CARTESIAN_POINT('',(-0.625,3.,0.));
#4726 = VECTOR('',#4727,1.);
#4727 = DIRECTION('',(1.,0.,-0.));
#4728 = ORIENTED_EDGE('',*,*,#4639,.T.);
#4729 = ORIENTED_EDGE('',*,*,#4730,.T.);
#4730 = EDGE_CURVE('',#4640,#4680,#4731,.T.);
#4731 = LINE('',#4732,#4733);
#4732 = CARTESIAN_POINT('',(-0.625,3.,0.2));
#4733 = VECTOR('',#4734,1.);
#4734 = DIRECTION('',(1.,0.,-0.));
#4735 = ORIENTED_EDGE('',*,*,#4679,.F.);
#4736 = PLANE('',#4737);
#4737 = AXIS2_PLACEMENT_3D('',#4738,#4739,#4740);
#4738 = CARTESIAN_POINT('',(-0.625,3.,0.));
#4739 = DIRECTION('',(-0.,1.,0.));
#4740 = DIRECTION('',(0.,0.,1.));
#4741 = ADVANCED_FACE('',(#4742),#4748,.F.);
#4742 = FACE_BOUND('',#4743,.F.);
#4743 = EDGE_LOOP('',(#4744,#4745,#4746,#4747));
#4744 = ORIENTED_EDGE('',*,*,#4631,.F.);
#4745 = ORIENTED_EDGE('',*,*,#4701,.T.);
#4746 = ORIENTED_EDGE('',*,*,#4671,.T.);
#4747 = ORIENTED_EDGE('',*,*,#4723,.F.);
#4748 = PLANE('',#4749);
#4749 = AXIS2_PLACEMENT_3D('',#4750,#4751,#4752);
#4750 = CARTESIAN_POINT('',(-0.625,2.4,0.));
#4751 = DIRECTION('',(0.,0.,1.));
#4752 = DIRECTION('',(1.,0.,-0.));
#4753 = ADVANCED_FACE('',(#4754),#4760,.T.);
#4754 = FACE_BOUND('',#4755,.T.);
#4755 = EDGE_LOOP('',(#4756,#4757,#4758,#4759));
#4756 = ORIENTED_EDGE('',*,*,#4647,.F.);
#4757 = ORIENTED_EDGE('',*,*,#4708,.T.);
#4758 = ORIENTED_EDGE('',*,*,#4687,.T.);
#4759 = ORIENTED_EDGE('',*,*,#4730,.F.);
#4760 = PLANE('',#4761);
#4761 = AXIS2_PLACEMENT_3D('',#4762,#4763,#4764);
#4762 = CARTESIAN_POINT('',(-0.625,2.4,0.2));
#4763 = DIRECTION('',(0.,0.,1.));
#4764 = DIRECTION('',(1.,0.,-0.));
#4765 = ( GEOMETRIC_REPRESENTATION_CONTEXT(3) 
GLOBAL_UNCERTAINTY_ASSIGNED_CONTEXT((#4769)) 
GLOBAL_UNIT_ASSIGNED_CONTEXT((#4766,#4767,#4768)) REPRESENTATION_CONTEXT
('Context #1','3D Context with UNIT and UNCERTAINTY') );
#4766 = ( LENGTH_UNIT() NAMED_UNIT(*) SI_UNIT(.MILLI.,.METRE.) );
#4767 = ( NAMED_UNIT(*) PLANE_ANGLE_UNIT() SI_UNIT($,.RADIAN.) );
#4768 = ( NAMED_UNIT(*) SI_UNIT($,.STERADIAN.) SOLID_ANGLE_UNIT() );
#4769 = UNCERTAINTY_MEASURE_WITH_UNIT(LENGTH_MEASURE(1.E-07),#4766,
  'distance_accuracy_value','confusion accuracy');
#4770 = CONTEXT_DEPENDENT_SHAPE_REPRESENTATION(#4771,#4773);
#4771 = ( REPRESENTATION_RELATIONSHIP('','',#4614,#10) 
REPRESENTATION_RELATIONSHIP_WITH_TRANSFORMATION(#4772) 
SHAPE_REPRESENTATION_RELATIONSHIP() );
#4772 = ITEM_DEFINED_TRANSFORMATION('','',#11,#119);
#4773 = PRODUCT_DEFINITION_SHAPE('Placement','Placement of an item',
  #4774);
#4774 = NEXT_ASSEMBLY_USAGE_OCCURRENCE('68','Terminal_33','',#5,#4609,$
  );
#4775 = PRODUCT_RELATED_PRODUCT_CATEGORY('part',$,(#4611));
#4776 = SHAPE_DEFINITION_REPRESENTATION(#4777,#4783);
#4777 = PRODUCT_DEFINITION_SHAPE('','',#4778);
#4778 = PRODUCT_DEFINITION('design','',#4779,#4782);
#4779 = PRODUCT_DEFINITION_FORMATION('','',#4780);
#4780 = PRODUCT('Terminal_7','Terminal_7','',(#4781));
#4781 = PRODUCT_CONTEXT('',#2,'mechanical');
#4782 = PRODUCT_DEFINITION_CONTEXT('part definition',#2,'design');
#4783 = ADVANCED_BREP_SHAPE_REPRESENTATION('',(#11,#4784),#4934);
#4784 = MANIFOLD_SOLID_BREP('',#4785);
#4785 = CLOSED_SHELL('',(#4786,#4826,#4866,#4888,#4910,#4922));
#4786 = ADVANCED_FACE('',(#4787),#4821,.F.);
#4787 = FACE_BOUND('',#4788,.F.);
#4788 = EDGE_LOOP('',(#4789,#4799,#4807,#4815));
#4789 = ORIENTED_EDGE('',*,*,#4790,.F.);
#4790 = EDGE_CURVE('',#4791,#4793,#4795,.T.);
#4791 = VERTEX_POINT('',#4792);
#4792 = CARTESIAN_POINT('',(-3.,-1.125,0.));
#4793 = VERTEX_POINT('',#4794);
#4794 = CARTESIAN_POINT('',(-3.,-1.125,0.2));
#4795 = LINE('',#4796,#4797);
#4796 = CARTESIAN_POINT('',(-3.,-1.125,0.));
#4797 = VECTOR('',#4798,1.);
#4798 = DIRECTION('',(0.,0.,1.));
#4799 = ORIENTED_EDGE('',*,*,#4800,.T.);
#4800 = EDGE_CURVE('',#4791,#4801,#4803,.T.);
#4801 = VERTEX_POINT('',#4802);
#4802 = CARTESIAN_POINT('',(-3.,-0.875,0.));
#4803 = LINE('',#4804,#4805);
#4804 = CARTESIAN_POINT('',(-3.,-1.125,0.));
#4805 = VECTOR('',#4806,1.);
#4806 = DIRECTION('',(-0.,1.,0.));
#4807 = ORIENTED_EDGE('',*,*,#4808,.T.);
#4808 = EDGE_CURVE('',#4801,#4809,#4811,.T.);
#4809 = VERTEX_POINT('',#4810);
#4810 = CARTESIAN_POINT('',(-3.,-0.875,0.2));
#4811 = LINE('',#4812,#4813);
#4812 = CARTESIAN_POINT('',(-3.,-0.875,0.));
#4813 = VECTOR('',#4814,1.);
#4814 = DIRECTION('',(0.,0.,1.));
#4815 = ORIENTED_EDGE('',*,*,#4816,.F.);
#4816 = EDGE_CURVE('',#4793,#4809,#4817,.T.);
#4817 = LINE('',#4818,#4819);
#4818 = CARTESIAN_POINT('',(-3.,-1.125,0.2));
#4819 = VECTOR('',#4820,1.);
#4820 = DIRECTION('',(-0.,1.,0.));
#4821 = PLANE('',#4822);
#4822 = AXIS2_PLACEMENT_3D('',#4823,#4824,#4825);
#4823 = CARTESIAN_POINT('',(-3.,-1.125,0.));
#4824 = DIRECTION('',(1.,0.,-0.));
#4825 = DIRECTION('',(0.,0.,1.));
#4826 = ADVANCED_FACE('',(#4827),#4861,.T.);
#4827 = FACE_BOUND('',#4828,.T.);
#4828 = EDGE_LOOP('',(#4829,#4839,#4847,#4855));
#4829 = ORIENTED_EDGE('',*,*,#4830,.F.);
#4830 = EDGE_CURVE('',#4831,#4833,#4835,.T.);
#4831 = VERTEX_POINT('',#4832);
#4832 = CARTESIAN_POINT('',(-2.4,-1.125,0.));
#4833 = VERTEX_POINT('',#4834);
#4834 = CARTESIAN_POINT('',(-2.4,-1.125,0.2));
#4835 = LINE('',#4836,#4837);
#4836 = CARTESIAN_POINT('',(-2.4,-1.125,0.));
#4837 = VECTOR('',#4838,1.);
#4838 = DIRECTION('',(0.,0.,1.));
#4839 = ORIENTED_EDGE('',*,*,#4840,.T.);
#4840 = EDGE_CURVE('',#4831,#4841,#4843,.T.);
#4841 = VERTEX_POINT('',#4842);
#4842 = CARTESIAN_POINT('',(-2.4,-0.875,0.));
#4843 = LINE('',#4844,#4845);
#4844 = CARTESIAN_POINT('',(-2.4,-1.125,0.));
#4845 = VECTOR('',#4846,1.);
#4846 = DIRECTION('',(-0.,1.,0.));
#4847 = ORIENTED_EDGE('',*,*,#4848,.T.);
#4848 = EDGE_CURVE('',#4841,#4849,#4851,.T.);
#4849 = VERTEX_POINT('',#4850);
#4850 = CARTESIAN_POINT('',(-2.4,-0.875,0.2));
#4851 = LINE('',#4852,#4853);
#4852 = CARTESIAN_POINT('',(-2.4,-0.875,0.));
#4853 = VECTOR('',#4854,1.);
#4854 = DIRECTION('',(0.,0.,1.));
#4855 = ORIENTED_EDGE('',*,*,#4856,.F.);
#4856 = EDGE_CURVE('',#4833,#4849,#4857,.T.);
#4857 = LINE('',#4858,#4859);
#4858 = CARTESIAN_POINT('',(-2.4,-1.125,0.2));
#4859 = VECTOR('',#4860,1.);
#4860 = DIRECTION('',(-0.,1.,0.));
#4861 = PLANE('',#4862);
#4862 = AXIS2_PLACEMENT_3D('',#4863,#4864,#4865);
#4863 = CARTESIAN_POINT('',(-2.4,-1.125,0.));
#4864 = DIRECTION('',(1.,0.,-0.));
#4865 = DIRECTION('',(0.,0.,1.));
#4866 = ADVANCED_FACE('',(#4867),#4883,.F.);
#4867 = FACE_BOUND('',#4868,.F.);
#4868 = EDGE_LOOP('',(#4869,#4875,#4876,#4882));
#4869 = ORIENTED_EDGE('',*,*,#4870,.F.);
#4870 = EDGE_CURVE('',#4791,#4831,#4871,.T.);
#4871 = LINE('',#4872,#4873);
#4872 = CARTESIAN_POINT('',(-3.,-1.125,0.));
#4873 = VECTOR('',#4874,1.);
#4874 = DIRECTION('',(1.,0.,-0.));
#4875 = ORIENTED_EDGE('',*,*,#4790,.T.);
#4876 = ORIENTED_EDGE('',*,*,#4877,.T.);
#4877 = EDGE_CURVE('',#4793,#4833,#4878,.T.);
#4878 = LINE('',#4879,#4880);
#4879 = CARTESIAN_POINT('',(-3.,-1.125,0.2));
#4880 = VECTOR('',#4881,1.);
#4881 = DIRECTION('',(1.,0.,-0.));
#4882 = ORIENTED_EDGE('',*,*,#4830,.F.);
#4883 = PLANE('',#4884);
#4884 = AXIS2_PLACEMENT_3D('',#4885,#4886,#4887);
#4885 = CARTESIAN_POINT('',(-3.,-1.125,0.));
#4886 = DIRECTION('',(-0.,1.,0.));
#4887 = DIRECTION('',(0.,0.,1.));
#4888 = ADVANCED_FACE('',(#4889),#4905,.T.);
#4889 = FACE_BOUND('',#4890,.T.);
#4890 = EDGE_LOOP('',(#4891,#4897,#4898,#4904));
#4891 = ORIENTED_EDGE('',*,*,#4892,.F.);
#4892 = EDGE_CURVE('',#4801,#4841,#4893,.T.);
#4893 = LINE('',#4894,#4895);
#4894 = CARTESIAN_POINT('',(-3.,-0.875,0.));
#4895 = VECTOR('',#4896,1.);
#4896 = DIRECTION('',(1.,0.,-0.));
#4897 = ORIENTED_EDGE('',*,*,#4808,.T.);
#4898 = ORIENTED_EDGE('',*,*,#4899,.T.);
#4899 = EDGE_CURVE('',#4809,#4849,#4900,.T.);
#4900 = LINE('',#4901,#4902);
#4901 = CARTESIAN_POINT('',(-3.,-0.875,0.2));
#4902 = VECTOR('',#4903,1.);
#4903 = DIRECTION('',(1.,0.,-0.));
#4904 = ORIENTED_EDGE('',*,*,#4848,.F.);
#4905 = PLANE('',#4906);
#4906 = AXIS2_PLACEMENT_3D('',#4907,#4908,#4909);
#4907 = CARTESIAN_POINT('',(-3.,-0.875,0.));
#4908 = DIRECTION('',(-0.,1.,0.));
#4909 = DIRECTION('',(0.,0.,1.));
#4910 = ADVANCED_FACE('',(#4911),#4917,.F.);
#4911 = FACE_BOUND('',#4912,.F.);
#4912 = EDGE_LOOP('',(#4913,#4914,#4915,#4916));
#4913 = ORIENTED_EDGE('',*,*,#4800,.F.);
#4914 = ORIENTED_EDGE('',*,*,#4870,.T.);
#4915 = ORIENTED_EDGE('',*,*,#4840,.T.);
#4916 = ORIENTED_EDGE('',*,*,#4892,.F.);
#4917 = PLANE('',#4918);
#4918 = AXIS2_PLACEMENT_3D('',#4919,#4920,#4921);
#4919 = CARTESIAN_POINT('',(-3.,-1.125,0.));
#4920 = DIRECTION('',(0.,0.,1.));
#4921 = DIRECTION('',(1.,0.,-0.));
#4922 = ADVANCED_FACE('',(#4923),#4929,.T.);
#4923 = FACE_BOUND('',#4924,.T.);
#4924 = EDGE_LOOP('',(#4925,#4926,#4927,#4928));
#4925 = ORIENTED_EDGE('',*,*,#4816,.F.);
#4926 = ORIENTED_EDGE('',*,*,#4877,.T.);
#4927 = ORIENTED_EDGE('',*,*,#4856,.T.);
#4928 = ORIENTED_EDGE('',*,*,#4899,.F.);
#4929 = PLANE('',#4930);
#4930 = AXIS2_PLACEMENT_3D('',#4931,#4932,#4933);
#4931 = CARTESIAN_POINT('',(-3.,-1.125,0.2));
#4932 = DIRECTION('',(0.,0.,1.));
#4933 = DIRECTION('',(1.,0.,-0.));
#4934 = ( GEOMETRIC_REPRESENTATION_CONTEXT(3) 
GLOBAL_UNCERTAINTY_ASSIGNED_CONTEXT((#4938)) 
GLOBAL_UNIT_ASSIGNED_CONTEXT((#4935,#4936,#4937)) REPRESENTATION_CONTEXT
('Context #1','3D Context with UNIT and UNCERTAINTY') );
#4935 = ( LENGTH_UNIT() NAMED_UNIT(*) SI_UNIT(.MILLI.,.METRE.) );
#4936 = ( NAMED_UNIT(*) PLANE_ANGLE_UNIT() SI_UNIT($,.RADIAN.) );
#4937 = ( NAMED_UNIT(*) SI_UNIT($,.STERADIAN.) SOLID_ANGLE_UNIT() );
#4938 = UNCERTAINTY_MEASURE_WITH_UNIT(LENGTH_MEASURE(1.E-07),#4935,
  'distance_accuracy_value','confusion accuracy');
#4939 = CONTEXT_DEPENDENT_SHAPE_REPRESENTATION(#4940,#4942);
#4940 = ( REPRESENTATION_RELATIONSHIP('','',#4783,#10) 
REPRESENTATION_RELATIONSHIP_WITH_TRANSFORMATION(#4941) 
SHAPE_REPRESENTATION_RELATIONSHIP() );
#4941 = ITEM_DEFINED_TRANSFORMATION('','',#11,#123);
#4942 = PRODUCT_DEFINITION_SHAPE('Placement','Placement of an item',
  #4943);
#4943 = NEXT_ASSEMBLY_USAGE_OCCURRENCE('69','Terminal_7','',#5,#4778,$);
#4944 = PRODUCT_RELATED_PRODUCT_CATEGORY('part',$,(#4780));
#4945 = SHAPE_DEFINITION_REPRESENTATION(#4946,#4952);
#4946 = PRODUCT_DEFINITION_SHAPE('','',#4947);
#4947 = PRODUCT_DEFINITION('design','',#4948,#4951);
#4948 = PRODUCT_DEFINITION_FORMATION('','',#4949);
#4949 = PRODUCT('Terminal_16','Terminal_16','',(#4950));
#4950 = PRODUCT_CONTEXT('',#2,'mechanical');
#4951 = PRODUCT_DEFINITION_CONTEXT('part definition',#2,'design');
#4952 = ADVANCED_BREP_SHAPE_REPRESENTATION('',(#11,#4953),#5103);
#4953 = MANIFOLD_SOLID_BREP('',#4954);
#4954 = CLOSED_SHELL('',(#4955,#4995,#5035,#5057,#5079,#5091));
#4955 = ADVANCED_FACE('',(#4956),#4990,.F.);
#4956 = FACE_BOUND('',#4957,.F.);
#4957 = EDGE_LOOP('',(#4958,#4968,#4976,#4984));
#4958 = ORIENTED_EDGE('',*,*,#4959,.F.);
#4959 = EDGE_CURVE('',#4960,#4962,#4964,.T.);
#4960 = VERTEX_POINT('',#4961);
#4961 = CARTESIAN_POINT('',(0.875,-3.,0.));
#4962 = VERTEX_POINT('',#4963);
#4963 = CARTESIAN_POINT('',(0.875,-3.,0.2));
#4964 = LINE('',#4965,#4966);
#4965 = CARTESIAN_POINT('',(0.875,-3.,0.));
#4966 = VECTOR('',#4967,1.);
#4967 = DIRECTION('',(0.,0.,1.));
#4968 = ORIENTED_EDGE('',*,*,#4969,.T.);
#4969 = EDGE_CURVE('',#4960,#4970,#4972,.T.);
#4970 = VERTEX_POINT('',#4971);
#4971 = CARTESIAN_POINT('',(0.875,-2.4,0.));
#4972 = LINE('',#4973,#4974);
#4973 = CARTESIAN_POINT('',(0.875,-3.,0.));
#4974 = VECTOR('',#4975,1.);
#4975 = DIRECTION('',(-0.,1.,0.));
#4976 = ORIENTED_EDGE('',*,*,#4977,.T.);
#4977 = EDGE_CURVE('',#4970,#4978,#4980,.T.);
#4978 = VERTEX_POINT('',#4979);
#4979 = CARTESIAN_POINT('',(0.875,-2.4,0.2));
#4980 = LINE('',#4981,#4982);
#4981 = CARTESIAN_POINT('',(0.875,-2.4,0.));
#4982 = VECTOR('',#4983,1.);
#4983 = DIRECTION('',(0.,0.,1.));
#4984 = ORIENTED_EDGE('',*,*,#4985,.F.);
#4985 = EDGE_CURVE('',#4962,#4978,#4986,.T.);
#4986 = LINE('',#4987,#4988);
#4987 = CARTESIAN_POINT('',(0.875,-3.,0.2));
#4988 = VECTOR('',#4989,1.);
#4989 = DIRECTION('',(-0.,1.,0.));
#4990 = PLANE('',#4991);
#4991 = AXIS2_PLACEMENT_3D('',#4992,#4993,#4994);
#4992 = CARTESIAN_POINT('',(0.875,-3.,0.));
#4993 = DIRECTION('',(1.,0.,-0.));
#4994 = DIRECTION('',(0.,0.,1.));
#4995 = ADVANCED_FACE('',(#4996),#5030,.T.);
#4996 = FACE_BOUND('',#4997,.T.);
#4997 = EDGE_LOOP('',(#4998,#5008,#5016,#5024));
#4998 = ORIENTED_EDGE('',*,*,#4999,.F.);
#4999 = EDGE_CURVE('',#5000,#5002,#5004,.T.);
#5000 = VERTEX_POINT('',#5001);
#5001 = CARTESIAN_POINT('',(1.125,-3.,0.));
#5002 = VERTEX_POINT('',#5003);
#5003 = CARTESIAN_POINT('',(1.125,-3.,0.2));
#5004 = LINE('',#5005,#5006);
#5005 = CARTESIAN_POINT('',(1.125,-3.,0.));
#5006 = VECTOR('',#5007,1.);
#5007 = DIRECTION('',(0.,0.,1.));
#5008 = ORIENTED_EDGE('',*,*,#5009,.T.);
#5009 = EDGE_CURVE('',#5000,#5010,#5012,.T.);
#5010 = VERTEX_POINT('',#5011);
#5011 = CARTESIAN_POINT('',(1.125,-2.4,0.));
#5012 = LINE('',#5013,#5014);
#5013 = CARTESIAN_POINT('',(1.125,-3.,0.));
#5014 = VECTOR('',#5015,1.);
#5015 = DIRECTION('',(-0.,1.,0.));
#5016 = ORIENTED_EDGE('',*,*,#5017,.T.);
#5017 = EDGE_CURVE('',#5010,#5018,#5020,.T.);
#5018 = VERTEX_POINT('',#5019);
#5019 = CARTESIAN_POINT('',(1.125,-2.4,0.2));
#5020 = LINE('',#5021,#5022);
#5021 = CARTESIAN_POINT('',(1.125,-2.4,0.));
#5022 = VECTOR('',#5023,1.);
#5023 = DIRECTION('',(0.,0.,1.));
#5024 = ORIENTED_EDGE('',*,*,#5025,.F.);
#5025 = EDGE_CURVE('',#5002,#5018,#5026,.T.);
#5026 = LINE('',#5027,#5028);
#5027 = CARTESIAN_POINT('',(1.125,-3.,0.2));
#5028 = VECTOR('',#5029,1.);
#5029 = DIRECTION('',(-0.,1.,0.));
#5030 = PLANE('',#5031);
#5031 = AXIS2_PLACEMENT_3D('',#5032,#5033,#5034);
#5032 = CARTESIAN_POINT('',(1.125,-3.,0.));
#5033 = DIRECTION('',(1.,0.,-0.));
#5034 = DIRECTION('',(0.,0.,1.));
#5035 = ADVANCED_FACE('',(#5036),#5052,.F.);
#5036 = FACE_BOUND('',#5037,.F.);
#5037 = EDGE_LOOP('',(#5038,#5044,#5045,#5051));
#5038 = ORIENTED_EDGE('',*,*,#5039,.F.);
#5039 = EDGE_CURVE('',#4960,#5000,#5040,.T.);
#5040 = LINE('',#5041,#5042);
#5041 = CARTESIAN_POINT('',(0.875,-3.,0.));
#5042 = VECTOR('',#5043,1.);
#5043 = DIRECTION('',(1.,0.,-0.));
#5044 = ORIENTED_EDGE('',*,*,#4959,.T.);
#5045 = ORIENTED_EDGE('',*,*,#5046,.T.);
#5046 = EDGE_CURVE('',#4962,#5002,#5047,.T.);
#5047 = LINE('',#5048,#5049);
#5048 = CARTESIAN_POINT('',(0.875,-3.,0.2));
#5049 = VECTOR('',#5050,1.);
#5050 = DIRECTION('',(1.,0.,-0.));
#5051 = ORIENTED_EDGE('',*,*,#4999,.F.);
#5052 = PLANE('',#5053);
#5053 = AXIS2_PLACEMENT_3D('',#5054,#5055,#5056);
#5054 = CARTESIAN_POINT('',(0.875,-3.,0.));
#5055 = DIRECTION('',(-0.,1.,0.));
#5056 = DIRECTION('',(0.,0.,1.));
#5057 = ADVANCED_FACE('',(#5058),#5074,.T.);
#5058 = FACE_BOUND('',#5059,.T.);
#5059 = EDGE_LOOP('',(#5060,#5066,#5067,#5073));
#5060 = ORIENTED_EDGE('',*,*,#5061,.F.);
#5061 = EDGE_CURVE('',#4970,#5010,#5062,.T.);
#5062 = LINE('',#5063,#5064);
#5063 = CARTESIAN_POINT('',(0.875,-2.4,0.));
#5064 = VECTOR('',#5065,1.);
#5065 = DIRECTION('',(1.,0.,-0.));
#5066 = ORIENTED_EDGE('',*,*,#4977,.T.);
#5067 = ORIENTED_EDGE('',*,*,#5068,.T.);
#5068 = EDGE_CURVE('',#4978,#5018,#5069,.T.);
#5069 = LINE('',#5070,#5071);
#5070 = CARTESIAN_POINT('',(0.875,-2.4,0.2));
#5071 = VECTOR('',#5072,1.);
#5072 = DIRECTION('',(1.,0.,-0.));
#5073 = ORIENTED_EDGE('',*,*,#5017,.F.);
#5074 = PLANE('',#5075);
#5075 = AXIS2_PLACEMENT_3D('',#5076,#5077,#5078);
#5076 = CARTESIAN_POINT('',(0.875,-2.4,0.));
#5077 = DIRECTION('',(-0.,1.,0.));
#5078 = DIRECTION('',(0.,0.,1.));
#5079 = ADVANCED_FACE('',(#5080),#5086,.F.);
#5080 = FACE_BOUND('',#5081,.F.);
#5081 = EDGE_LOOP('',(#5082,#5083,#5084,#5085));
#5082 = ORIENTED_EDGE('',*,*,#4969,.F.);
#5083 = ORIENTED_EDGE('',*,*,#5039,.T.);
#5084 = ORIENTED_EDGE('',*,*,#5009,.T.);
#5085 = ORIENTED_EDGE('',*,*,#5061,.F.);
#5086 = PLANE('',#5087);
#5087 = AXIS2_PLACEMENT_3D('',#5088,#5089,#5090);
#5088 = CARTESIAN_POINT('',(0.875,-3.,0.));
#5089 = DIRECTION('',(0.,0.,1.));
#5090 = DIRECTION('',(1.,0.,-0.));
#5091 = ADVANCED_FACE('',(#5092),#5098,.T.);
#5092 = FACE_BOUND('',#5093,.T.);
#5093 = EDGE_LOOP('',(#5094,#5095,#5096,#5097));
#5094 = ORIENTED_EDGE('',*,*,#4985,.F.);
#5095 = ORIENTED_EDGE('',*,*,#5046,.T.);
#5096 = ORIENTED_EDGE('',*,*,#5025,.T.);
#5097 = ORIENTED_EDGE('',*,*,#5068,.F.);
#5098 = PLANE('',#5099);
#5099 = AXIS2_PLACEMENT_3D('',#5100,#5101,#5102);
#5100 = CARTESIAN_POINT('',(0.875,-3.,0.2));
#5101 = DIRECTION('',(0.,0.,1.));
#5102 = DIRECTION('',(1.,0.,-0.));
#5103 = ( GEOMETRIC_REPRESENTATION_CONTEXT(3) 
GLOBAL_UNCERTAINTY_ASSIGNED_CONTEXT((#5107)) 
GLOBAL_UNIT_ASSIGNED_CONTEXT((#5104,#5105,#5106)) REPRESENTATION_CONTEXT
('Context #1','3D Context with UNIT and UNCERTAINTY') );
#5104 = ( LENGTH_UNIT() NAMED_UNIT(*) SI_UNIT(.MILLI.,.METRE.) );
#5105 = ( NAMED_UNIT(*) PLANE_ANGLE_UNIT() SI_UNIT($,.RADIAN.) );
#5106 = ( NAMED_UNIT(*) SI_UNIT($,.STERADIAN.) SOLID_ANGLE_UNIT() );
#5107 = UNCERTAINTY_MEASURE_WITH_UNIT(LENGTH_MEASURE(1.E-07),#5104,
  'distance_accuracy_value','confusion accuracy');
#5108 = CONTEXT_DEPENDENT_SHAPE_REPRESENTATION(#5109,#5111);
#5109 = ( REPRESENTATION_RELATIONSHIP('','',#4952,#10) 
REPRESENTATION_RELATIONSHIP_WITH_TRANSFORMATION(#5110) 
SHAPE_REPRESENTATION_RELATIONSHIP() );
#5110 = ITEM_DEFINED_TRANSFORMATION('','',#11,#127);
#5111 = PRODUCT_DEFINITION_SHAPE('Placement','Placement of an item',
  #5112);
#5112 = NEXT_ASSEMBLY_USAGE_OCCURRENCE('70','Terminal_16','',#5,#4947,$
  );
#5113 = PRODUCT_RELATED_PRODUCT_CATEGORY('part',$,(#4949));
#5114 = SHAPE_DEFINITION_REPRESENTATION(#5115,#5121);
#5115 = PRODUCT_DEFINITION_SHAPE('','',#5116);
#5116 = PRODUCT_DEFINITION('design','',#5117,#5120);
#5117 = PRODUCT_DEFINITION_FORMATION('','',#5118);
#5118 = PRODUCT('Terminal_25','Terminal_25','',(#5119));
#5119 = PRODUCT_CONTEXT('',#2,'mechanical');
#5120 = PRODUCT_DEFINITION_CONTEXT('part definition',#2,'design');
#5121 = ADVANCED_BREP_SHAPE_REPRESENTATION('',(#11,#5122),#5272);
#5122 = MANIFOLD_SOLID_BREP('',#5123);
#5123 = CLOSED_SHELL('',(#5124,#5164,#5204,#5226,#5248,#5260));
#5124 = ADVANCED_FACE('',(#5125),#5159,.F.);
#5125 = FACE_BOUND('',#5126,.F.);
#5126 = EDGE_LOOP('',(#5127,#5137,#5145,#5153));
#5127 = ORIENTED_EDGE('',*,*,#5128,.F.);
#5128 = EDGE_CURVE('',#5129,#5131,#5133,.T.);
#5129 = VERTEX_POINT('',#5130);
#5130 = CARTESIAN_POINT('',(2.4,0.875,0.));
#5131 = VERTEX_POINT('',#5132);
#5132 = CARTESIAN_POINT('',(2.4,0.875,0.2));
#5133 = LINE('',#5134,#5135);
#5134 = CARTESIAN_POINT('',(2.4,0.875,0.));
#5135 = VECTOR('',#5136,1.);
#5136 = DIRECTION('',(0.,0.,1.));
#5137 = ORIENTED_EDGE('',*,*,#5138,.T.);
#5138 = EDGE_CURVE('',#5129,#5139,#5141,.T.);
#5139 = VERTEX_POINT('',#5140);
#5140 = CARTESIAN_POINT('',(2.4,1.125,0.));
#5141 = LINE('',#5142,#5143);
#5142 = CARTESIAN_POINT('',(2.4,0.875,0.));
#5143 = VECTOR('',#5144,1.);
#5144 = DIRECTION('',(-0.,1.,0.));
#5145 = ORIENTED_EDGE('',*,*,#5146,.T.);
#5146 = EDGE_CURVE('',#5139,#5147,#5149,.T.);
#5147 = VERTEX_POINT('',#5148);
#5148 = CARTESIAN_POINT('',(2.4,1.125,0.2));
#5149 = LINE('',#5150,#5151);
#5150 = CARTESIAN_POINT('',(2.4,1.125,0.));
#5151 = VECTOR('',#5152,1.);
#5152 = DIRECTION('',(0.,0.,1.));
#5153 = ORIENTED_EDGE('',*,*,#5154,.F.);
#5154 = EDGE_CURVE('',#5131,#5147,#5155,.T.);
#5155 = LINE('',#5156,#5157);
#5156 = CARTESIAN_POINT('',(2.4,0.875,0.2));
#5157 = VECTOR('',#5158,1.);
#5158 = DIRECTION('',(-0.,1.,0.));
#5159 = PLANE('',#5160);
#5160 = AXIS2_PLACEMENT_3D('',#5161,#5162,#5163);
#5161 = CARTESIAN_POINT('',(2.4,0.875,0.));
#5162 = DIRECTION('',(1.,0.,-0.));
#5163 = DIRECTION('',(0.,0.,1.));
#5164 = ADVANCED_FACE('',(#5165),#5199,.T.);
#5165 = FACE_BOUND('',#5166,.T.);
#5166 = EDGE_LOOP('',(#5167,#5177,#5185,#5193));
#5167 = ORIENTED_EDGE('',*,*,#5168,.F.);
#5168 = EDGE_CURVE('',#5169,#5171,#5173,.T.);
#5169 = VERTEX_POINT('',#5170);
#5170 = CARTESIAN_POINT('',(3.,0.875,0.));
#5171 = VERTEX_POINT('',#5172);
#5172 = CARTESIAN_POINT('',(3.,0.875,0.2));
#5173 = LINE('',#5174,#5175);
#5174 = CARTESIAN_POINT('',(3.,0.875,0.));
#5175 = VECTOR('',#5176,1.);
#5176 = DIRECTION('',(0.,0.,1.));
#5177 = ORIENTED_EDGE('',*,*,#5178,.T.);
#5178 = EDGE_CURVE('',#5169,#5179,#5181,.T.);
#5179 = VERTEX_POINT('',#5180);
#5180 = CARTESIAN_POINT('',(3.,1.125,0.));
#5181 = LINE('',#5182,#5183);
#5182 = CARTESIAN_POINT('',(3.,0.875,0.));
#5183 = VECTOR('',#5184,1.);
#5184 = DIRECTION('',(-0.,1.,0.));
#5185 = ORIENTED_EDGE('',*,*,#5186,.T.);
#5186 = EDGE_CURVE('',#5179,#5187,#5189,.T.);
#5187 = VERTEX_POINT('',#5188);
#5188 = CARTESIAN_POINT('',(3.,1.125,0.2));
#5189 = LINE('',#5190,#5191);
#5190 = CARTESIAN_POINT('',(3.,1.125,0.));
#5191 = VECTOR('',#5192,1.);
#5192 = DIRECTION('',(0.,0.,1.));
#5193 = ORIENTED_EDGE('',*,*,#5194,.F.);
#5194 = EDGE_CURVE('',#5171,#5187,#5195,.T.);
#5195 = LINE('',#5196,#5197);
#5196 = CARTESIAN_POINT('',(3.,0.875,0.2));
#5197 = VECTOR('',#5198,1.);
#5198 = DIRECTION('',(-0.,1.,0.));
#5199 = PLANE('',#5200);
#5200 = AXIS2_PLACEMENT_3D('',#5201,#5202,#5203);
#5201 = CARTESIAN_POINT('',(3.,0.875,0.));
#5202 = DIRECTION('',(1.,0.,-0.));
#5203 = DIRECTION('',(0.,0.,1.));
#5204 = ADVANCED_FACE('',(#5205),#5221,.F.);
#5205 = FACE_BOUND('',#5206,.F.);
#5206 = EDGE_LOOP('',(#5207,#5213,#5214,#5220));
#5207 = ORIENTED_EDGE('',*,*,#5208,.F.);
#5208 = EDGE_CURVE('',#5129,#5169,#5209,.T.);
#5209 = LINE('',#5210,#5211);
#5210 = CARTESIAN_POINT('',(2.4,0.875,0.));
#5211 = VECTOR('',#5212,1.);
#5212 = DIRECTION('',(1.,0.,-0.));
#5213 = ORIENTED_EDGE('',*,*,#5128,.T.);
#5214 = ORIENTED_EDGE('',*,*,#5215,.T.);
#5215 = EDGE_CURVE('',#5131,#5171,#5216,.T.);
#5216 = LINE('',#5217,#5218);
#5217 = CARTESIAN_POINT('',(2.4,0.875,0.2));
#5218 = VECTOR('',#5219,1.);
#5219 = DIRECTION('',(1.,0.,-0.));
#5220 = ORIENTED_EDGE('',*,*,#5168,.F.);
#5221 = PLANE('',#5222);
#5222 = AXIS2_PLACEMENT_3D('',#5223,#5224,#5225);
#5223 = CARTESIAN_POINT('',(2.4,0.875,0.));
#5224 = DIRECTION('',(-0.,1.,0.));
#5225 = DIRECTION('',(0.,0.,1.));
#5226 = ADVANCED_FACE('',(#5227),#5243,.T.);
#5227 = FACE_BOUND('',#5228,.T.);
#5228 = EDGE_LOOP('',(#5229,#5235,#5236,#5242));
#5229 = ORIENTED_EDGE('',*,*,#5230,.F.);
#5230 = EDGE_CURVE('',#5139,#5179,#5231,.T.);
#5231 = LINE('',#5232,#5233);
#5232 = CARTESIAN_POINT('',(2.4,1.125,0.));
#5233 = VECTOR('',#5234,1.);
#5234 = DIRECTION('',(1.,0.,-0.));
#5235 = ORIENTED_EDGE('',*,*,#5146,.T.);
#5236 = ORIENTED_EDGE('',*,*,#5237,.T.);
#5237 = EDGE_CURVE('',#5147,#5187,#5238,.T.);
#5238 = LINE('',#5239,#5240);
#5239 = CARTESIAN_POINT('',(2.4,1.125,0.2));
#5240 = VECTOR('',#5241,1.);
#5241 = DIRECTION('',(1.,0.,-0.));
#5242 = ORIENTED_EDGE('',*,*,#5186,.F.);
#5243 = PLANE('',#5244);
#5244 = AXIS2_PLACEMENT_3D('',#5245,#5246,#5247);
#5245 = CARTESIAN_POINT('',(2.4,1.125,0.));
#5246 = DIRECTION('',(-0.,1.,0.));
#5247 = DIRECTION('',(0.,0.,1.));
#5248 = ADVANCED_FACE('',(#5249),#5255,.F.);
#5249 = FACE_BOUND('',#5250,.F.);
#5250 = EDGE_LOOP('',(#5251,#5252,#5253,#5254));
#5251 = ORIENTED_EDGE('',*,*,#5138,.F.);
#5252 = ORIENTED_EDGE('',*,*,#5208,.T.);
#5253 = ORIENTED_EDGE('',*,*,#5178,.T.);
#5254 = ORIENTED_EDGE('',*,*,#5230,.F.);
#5255 = PLANE('',#5256);
#5256 = AXIS2_PLACEMENT_3D('',#5257,#5258,#5259);
#5257 = CARTESIAN_POINT('',(2.4,0.875,0.));
#5258 = DIRECTION('',(0.,0.,1.));
#5259 = DIRECTION('',(1.,0.,-0.));
#5260 = ADVANCED_FACE('',(#5261),#5267,.T.);
#5261 = FACE_BOUND('',#5262,.T.);
#5262 = EDGE_LOOP('',(#5263,#5264,#5265,#5266));
#5263 = ORIENTED_EDGE('',*,*,#5154,.F.);
#5264 = ORIENTED_EDGE('',*,*,#5215,.T.);
#5265 = ORIENTED_EDGE('',*,*,#5194,.T.);
#5266 = ORIENTED_EDGE('',*,*,#5237,.F.);
#5267 = PLANE('',#5268);
#5268 = AXIS2_PLACEMENT_3D('',#5269,#5270,#5271);
#5269 = CARTESIAN_POINT('',(2.4,0.875,0.2));
#5270 = DIRECTION('',(0.,0.,1.));
#5271 = DIRECTION('',(1.,0.,-0.));
#5272 = ( GEOMETRIC_REPRESENTATION_CONTEXT(3) 
GLOBAL_UNCERTAINTY_ASSIGNED_CONTEXT((#5276)) 
GLOBAL_UNIT_ASSIGNED_CONTEXT((#5273,#5274,#5275)) REPRESENTATION_CONTEXT
('Context #1','3D Context with UNIT and UNCERTAINTY') );
#5273 = ( LENGTH_UNIT() NAMED_UNIT(*) SI_UNIT(.MILLI.,.METRE.) );
#5274 = ( NAMED_UNIT(*) PLANE_ANGLE_UNIT() SI_UNIT($,.RADIAN.) );
#5275 = ( NAMED_UNIT(*) SI_UNIT($,.STERADIAN.) SOLID_ANGLE_UNIT() );
#5276 = UNCERTAINTY_MEASURE_WITH_UNIT(LENGTH_MEASURE(1.E-07),#5273,
  'distance_accuracy_value','confusion accuracy');
#5277 = CONTEXT_DEPENDENT_SHAPE_REPRESENTATION(#5278,#5280);
#5278 = ( REPRESENTATION_RELATIONSHIP('','',#5121,#10) 
REPRESENTATION_RELATIONSHIP_WITH_TRANSFORMATION(#5279) 
SHAPE_REPRESENTATION_RELATIONSHIP() );
#5279 = ITEM_DEFINED_TRANSFORMATION('','',#11,#131);
#5280 = PRODUCT_DEFINITION_SHAPE('Placement','Placement of an item',
  #5281);
#5281 = NEXT_ASSEMBLY_USAGE_OCCURRENCE('71','Terminal_25','',#5,#5116,$
  );
#5282 = PRODUCT_RELATED_PRODUCT_CATEGORY('part',$,(#5118));
#5283 = SHAPE_DEFINITION_REPRESENTATION(#5284,#5290);
#5284 = PRODUCT_DEFINITION_SHAPE('','',#5285);
#5285 = PRODUCT_DEFINITION('design','',#5286,#5289);
#5286 = PRODUCT_DEFINITION_FORMATION('','',#5287);
#5287 = PRODUCT('Terminal_34','Terminal_34','',(#5288));
#5288 = PRODUCT_CONTEXT('',#2,'mechanical');
#5289 = PRODUCT_DEFINITION_CONTEXT('part definition',#2,'design');
#5290 = ADVANCED_BREP_SHAPE_REPRESENTATION('',(#11,#5291),#5441);
#5291 = MANIFOLD_SOLID_BREP('',#5292);
#5292 = CLOSED_SHELL('',(#5293,#5333,#5373,#5395,#5417,#5429));
#5293 = ADVANCED_FACE('',(#5294),#5328,.F.);
#5294 = FACE_BOUND('',#5295,.F.);
#5295 = EDGE_LOOP('',(#5296,#5306,#5314,#5322));
#5296 = ORIENTED_EDGE('',*,*,#5297,.F.);
#5297 = EDGE_CURVE('',#5298,#5300,#5302,.T.);
#5298 = VERTEX_POINT('',#5299);
#5299 = CARTESIAN_POINT('',(-1.125,2.4,0.));
#5300 = VERTEX_POINT('',#5301);
#5301 = CARTESIAN_POINT('',(-1.125,2.4,0.2));
#5302 = LINE('',#5303,#5304);
#5303 = CARTESIAN_POINT('',(-1.125,2.4,0.));
#5304 = VECTOR('',#5305,1.);
#5305 = DIRECTION('',(0.,0.,1.));
#5306 = ORIENTED_EDGE('',*,*,#5307,.T.);
#5307 = EDGE_CURVE('',#5298,#5308,#5310,.T.);
#5308 = VERTEX_POINT('',#5309);
#5309 = CARTESIAN_POINT('',(-1.125,3.,0.));
#5310 = LINE('',#5311,#5312);
#5311 = CARTESIAN_POINT('',(-1.125,2.4,0.));
#5312 = VECTOR('',#5313,1.);
#5313 = DIRECTION('',(-0.,1.,0.));
#5314 = ORIENTED_EDGE('',*,*,#5315,.T.);
#5315 = EDGE_CURVE('',#5308,#5316,#5318,.T.);
#5316 = VERTEX_POINT('',#5317);
#5317 = CARTESIAN_POINT('',(-1.125,3.,0.2));
#5318 = LINE('',#5319,#5320);
#5319 = CARTESIAN_POINT('',(-1.125,3.,0.));
#5320 = VECTOR('',#5321,1.);
#5321 = DIRECTION('',(0.,0.,1.));
#5322 = ORIENTED_EDGE('',*,*,#5323,.F.);
#5323 = EDGE_CURVE('',#5300,#5316,#5324,.T.);
#5324 = LINE('',#5325,#5326);
#5325 = CARTESIAN_POINT('',(-1.125,2.4,0.2));
#5326 = VECTOR('',#5327,1.);
#5327 = DIRECTION('',(-0.,1.,0.));
#5328 = PLANE('',#5329);
#5329 = AXIS2_PLACEMENT_3D('',#5330,#5331,#5332);
#5330 = CARTESIAN_POINT('',(-1.125,2.4,0.));
#5331 = DIRECTION('',(1.,0.,-0.));
#5332 = DIRECTION('',(0.,0.,1.));
#5333 = ADVANCED_FACE('',(#5334),#5368,.T.);
#5334 = FACE_BOUND('',#5335,.T.);
#5335 = EDGE_LOOP('',(#5336,#5346,#5354,#5362));
#5336 = ORIENTED_EDGE('',*,*,#5337,.F.);
#5337 = EDGE_CURVE('',#5338,#5340,#5342,.T.);
#5338 = VERTEX_POINT('',#5339);
#5339 = CARTESIAN_POINT('',(-0.875,2.4,0.));
#5340 = VERTEX_POINT('',#5341);
#5341 = CARTESIAN_POINT('',(-0.875,2.4,0.2));
#5342 = LINE('',#5343,#5344);
#5343 = CARTESIAN_POINT('',(-0.875,2.4,0.));
#5344 = VECTOR('',#5345,1.);
#5345 = DIRECTION('',(0.,0.,1.));
#5346 = ORIENTED_EDGE('',*,*,#5347,.T.);
#5347 = EDGE_CURVE('',#5338,#5348,#5350,.T.);
#5348 = VERTEX_POINT('',#5349);
#5349 = CARTESIAN_POINT('',(-0.875,3.,0.));
#5350 = LINE('',#5351,#5352);
#5351 = CARTESIAN_POINT('',(-0.875,2.4,0.));
#5352 = VECTOR('',#5353,1.);
#5353 = DIRECTION('',(-0.,1.,0.));
#5354 = ORIENTED_EDGE('',*,*,#5355,.T.);
#5355 = EDGE_CURVE('',#5348,#5356,#5358,.T.);
#5356 = VERTEX_POINT('',#5357);
#5357 = CARTESIAN_POINT('',(-0.875,3.,0.2));
#5358 = LINE('',#5359,#5360);
#5359 = CARTESIAN_POINT('',(-0.875,3.,0.));
#5360 = VECTOR('',#5361,1.);
#5361 = DIRECTION('',(0.,0.,1.));
#5362 = ORIENTED_EDGE('',*,*,#5363,.F.);
#5363 = EDGE_CURVE('',#5340,#5356,#5364,.T.);
#5364 = LINE('',#5365,#5366);
#5365 = CARTESIAN_POINT('',(-0.875,2.4,0.2));
#5366 = VECTOR('',#5367,1.);
#5367 = DIRECTION('',(-0.,1.,0.));
#5368 = PLANE('',#5369);
#5369 = AXIS2_PLACEMENT_3D('',#5370,#5371,#5372);
#5370 = CARTESIAN_POINT('',(-0.875,2.4,0.));
#5371 = DIRECTION('',(1.,0.,-0.));
#5372 = DIRECTION('',(0.,0.,1.));
#5373 = ADVANCED_FACE('',(#5374),#5390,.F.);
#5374 = FACE_BOUND('',#5375,.F.);
#5375 = EDGE_LOOP('',(#5376,#5382,#5383,#5389));
#5376 = ORIENTED_EDGE('',*,*,#5377,.F.);
#5377 = EDGE_CURVE('',#5298,#5338,#5378,.T.);
#5378 = LINE('',#5379,#5380);
#5379 = CARTESIAN_POINT('',(-1.125,2.4,0.));
#5380 = VECTOR('',#5381,1.);
#5381 = DIRECTION('',(1.,0.,-0.));
#5382 = ORIENTED_EDGE('',*,*,#5297,.T.);
#5383 = ORIENTED_EDGE('',*,*,#5384,.T.);
#5384 = EDGE_CURVE('',#5300,#5340,#5385,.T.);
#5385 = LINE('',#5386,#5387);
#5386 = CARTESIAN_POINT('',(-1.125,2.4,0.2));
#5387 = VECTOR('',#5388,1.);
#5388 = DIRECTION('',(1.,0.,-0.));
#5389 = ORIENTED_EDGE('',*,*,#5337,.F.);
#5390 = PLANE('',#5391);
#5391 = AXIS2_PLACEMENT_3D('',#5392,#5393,#5394);
#5392 = CARTESIAN_POINT('',(-1.125,2.4,0.));
#5393 = DIRECTION('',(-0.,1.,0.));
#5394 = DIRECTION('',(0.,0.,1.));
#5395 = ADVANCED_FACE('',(#5396),#5412,.T.);
#5396 = FACE_BOUND('',#5397,.T.);
#5397 = EDGE_LOOP('',(#5398,#5404,#5405,#5411));
#5398 = ORIENTED_EDGE('',*,*,#5399,.F.);
#5399 = EDGE_CURVE('',#5308,#5348,#5400,.T.);
#5400 = LINE('',#5401,#5402);
#5401 = CARTESIAN_POINT('',(-1.125,3.,0.));
#5402 = VECTOR('',#5403,1.);
#5403 = DIRECTION('',(1.,0.,-0.));
#5404 = ORIENTED_EDGE('',*,*,#5315,.T.);
#5405 = ORIENTED_EDGE('',*,*,#5406,.T.);
#5406 = EDGE_CURVE('',#5316,#5356,#5407,.T.);
#5407 = LINE('',#5408,#5409);
#5408 = CARTESIAN_POINT('',(-1.125,3.,0.2));
#5409 = VECTOR('',#5410,1.);
#5410 = DIRECTION('',(1.,0.,-0.));
#5411 = ORIENTED_EDGE('',*,*,#5355,.F.);
#5412 = PLANE('',#5413);
#5413 = AXIS2_PLACEMENT_3D('',#5414,#5415,#5416);
#5414 = CARTESIAN_POINT('',(-1.125,3.,0.));
#5415 = DIRECTION('',(-0.,1.,0.));
#5416 = DIRECTION('',(0.,0.,1.));
#5417 = ADVANCED_FACE('',(#5418),#5424,.F.);
#5418 = FACE_BOUND('',#5419,.F.);
#5419 = EDGE_LOOP('',(#5420,#5421,#5422,#5423));
#5420 = ORIENTED_EDGE('',*,*,#5307,.F.);
#5421 = ORIENTED_EDGE('',*,*,#5377,.T.);
#5422 = ORIENTED_EDGE('',*,*,#5347,.T.);
#5423 = ORIENTED_EDGE('',*,*,#5399,.F.);
#5424 = PLANE('',#5425);
#5425 = AXIS2_PLACEMENT_3D('',#5426,#5427,#5428);
#5426 = CARTESIAN_POINT('',(-1.125,2.4,0.));
#5427 = DIRECTION('',(0.,0.,1.));
#5428 = DIRECTION('',(1.,0.,-0.));
#5429 = ADVANCED_FACE('',(#5430),#5436,.T.);
#5430 = FACE_BOUND('',#5431,.T.);
#5431 = EDGE_LOOP('',(#5432,#5433,#5434,#5435));
#5432 = ORIENTED_EDGE('',*,*,#5323,.F.);
#5433 = ORIENTED_EDGE('',*,*,#5384,.T.);
#5434 = ORIENTED_EDGE('',*,*,#5363,.T.);
#5435 = ORIENTED_EDGE('',*,*,#5406,.F.);
#5436 = PLANE('',#5437);
#5437 = AXIS2_PLACEMENT_3D('',#5438,#5439,#5440);
#5438 = CARTESIAN_POINT('',(-1.125,2.4,0.2));
#5439 = DIRECTION('',(0.,0.,1.));
#5440 = DIRECTION('',(1.,0.,-0.));
#5441 = ( GEOMETRIC_REPRESENTATION_CONTEXT(3) 
GLOBAL_UNCERTAINTY_ASSIGNED_CONTEXT((#5445)) 
GLOBAL_UNIT_ASSIGNED_CONTEXT((#5442,#5443,#5444)) REPRESENTATION_CONTEXT
('Context #1','3D Context with UNIT and UNCERTAINTY') );
#5442 = ( LENGTH_UNIT() NAMED_UNIT(*) SI_UNIT(.MILLI.,.METRE.) );
#5443 = ( NAMED_UNIT(*) PLANE_ANGLE_UNIT() SI_UNIT($,.RADIAN.) );
#5444 = ( NAMED_UNIT(*) SI_UNIT($,.STERADIAN.) SOLID_ANGLE_UNIT() );
#5445 = UNCERTAINTY_MEASURE_WITH_UNIT(LENGTH_MEASURE(1.E-07),#5442,
  'distance_accuracy_value','confusion accuracy');
#5446 = CONTEXT_DEPENDENT_SHAPE_REPRESENTATION(#5447,#5449);
#5447 = ( REPRESENTATION_RELATIONSHIP('','',#5290,#10) 
REPRESENTATION_RELATIONSHIP_WITH_TRANSFORMATION(#5448) 
SHAPE_REPRESENTATION_RELATIONSHIP() );
#5448 = ITEM_DEFINED_TRANSFORMATION('','',#11,#135);
#5449 = PRODUCT_DEFINITION_SHAPE('Placement','Placement of an item',
  #5450);
#5450 = NEXT_ASSEMBLY_USAGE_OCCURRENCE('72','Terminal_34','',#5,#5285,$
  );
#5451 = PRODUCT_RELATED_PRODUCT_CATEGORY('part',$,(#5287));
#5452 = SHAPE_DEFINITION_REPRESENTATION(#5453,#5459);
#5453 = PRODUCT_DEFINITION_SHAPE('','',#5454);
#5454 = PRODUCT_DEFINITION('design','',#5455,#5458);
#5455 = PRODUCT_DEFINITION_FORMATION('','',#5456);
#5456 = PRODUCT('Terminal_8','Terminal_8','',(#5457));
#5457 = PRODUCT_CONTEXT('',#2,'mechanical');
#5458 = PRODUCT_DEFINITION_CONTEXT('part definition',#2,'design');
#5459 = ADVANCED_BREP_SHAPE_REPRESENTATION('',(#11,#5460),#5610);
#5460 = MANIFOLD_SOLID_BREP('',#5461);
#5461 = CLOSED_SHELL('',(#5462,#5502,#5542,#5564,#5586,#5598));
#5462 = ADVANCED_FACE('',(#5463),#5497,.F.);
#5463 = FACE_BOUND('',#5464,.F.);
#5464 = EDGE_LOOP('',(#5465,#5475,#5483,#5491));
#5465 = ORIENTED_EDGE('',*,*,#5466,.F.);
#5466 = EDGE_CURVE('',#5467,#5469,#5471,.T.);
#5467 = VERTEX_POINT('',#5468);
#5468 = CARTESIAN_POINT('',(-3.,-1.625,0.));
#5469 = VERTEX_POINT('',#5470);
#5470 = CARTESIAN_POINT('',(-3.,-1.625,0.2));
#5471 = LINE('',#5472,#5473);
#5472 = CARTESIAN_POINT('',(-3.,-1.625,0.));
#5473 = VECTOR('',#5474,1.);
#5474 = DIRECTION('',(0.,0.,1.));
#5475 = ORIENTED_EDGE('',*,*,#5476,.T.);
#5476 = EDGE_CURVE('',#5467,#5477,#5479,.T.);
#5477 = VERTEX_POINT('',#5478);
#5478 = CARTESIAN_POINT('',(-3.,-1.375,0.));
#5479 = LINE('',#5480,#5481);
#5480 = CARTESIAN_POINT('',(-3.,-1.625,0.));
#5481 = VECTOR('',#5482,1.);
#5482 = DIRECTION('',(-0.,1.,0.));
#5483 = ORIENTED_EDGE('',*,*,#5484,.T.);
#5484 = EDGE_CURVE('',#5477,#5485,#5487,.T.);
#5485 = VERTEX_POINT('',#5486);
#5486 = CARTESIAN_POINT('',(-3.,-1.375,0.2));
#5487 = LINE('',#5488,#5489);
#5488 = CARTESIAN_POINT('',(-3.,-1.375,0.));
#5489 = VECTOR('',#5490,1.);
#5490 = DIRECTION('',(0.,0.,1.));
#5491 = ORIENTED_EDGE('',*,*,#5492,.F.);
#5492 = EDGE_CURVE('',#5469,#5485,#5493,.T.);
#5493 = LINE('',#5494,#5495);
#5494 = CARTESIAN_POINT('',(-3.,-1.625,0.2));
#5495 = VECTOR('',#5496,1.);
#5496 = DIRECTION('',(-0.,1.,0.));
#5497 = PLANE('',#5498);
#5498 = AXIS2_PLACEMENT_3D('',#5499,#5500,#5501);
#5499 = CARTESIAN_POINT('',(-3.,-1.625,0.));
#5500 = DIRECTION('',(1.,0.,-0.));
#5501 = DIRECTION('',(0.,0.,1.));
#5502 = ADVANCED_FACE('',(#5503),#5537,.T.);
#5503 = FACE_BOUND('',#5504,.T.);
#5504 = EDGE_LOOP('',(#5505,#5515,#5523,#5531));
#5505 = ORIENTED_EDGE('',*,*,#5506,.F.);
#5506 = EDGE_CURVE('',#5507,#5509,#5511,.T.);
#5507 = VERTEX_POINT('',#5508);
#5508 = CARTESIAN_POINT('',(-2.4,-1.625,0.));
#5509 = VERTEX_POINT('',#5510);
#5510 = CARTESIAN_POINT('',(-2.4,-1.625,0.2));
#5511 = LINE('',#5512,#5513);
#5512 = CARTESIAN_POINT('',(-2.4,-1.625,0.));
#5513 = VECTOR('',#5514,1.);
#5514 = DIRECTION('',(0.,0.,1.));
#5515 = ORIENTED_EDGE('',*,*,#5516,.T.);
#5516 = EDGE_CURVE('',#5507,#5517,#5519,.T.);
#5517 = VERTEX_POINT('',#5518);
#5518 = CARTESIAN_POINT('',(-2.4,-1.375,0.));
#5519 = LINE('',#5520,#5521);
#5520 = CARTESIAN_POINT('',(-2.4,-1.625,0.));
#5521 = VECTOR('',#5522,1.);
#5522 = DIRECTION('',(-0.,1.,0.));
#5523 = ORIENTED_EDGE('',*,*,#5524,.T.);
#5524 = EDGE_CURVE('',#5517,#5525,#5527,.T.);
#5525 = VERTEX_POINT('',#5526);
#5526 = CARTESIAN_POINT('',(-2.4,-1.375,0.2));
#5527 = LINE('',#5528,#5529);
#5528 = CARTESIAN_POINT('',(-2.4,-1.375,0.));
#5529 = VECTOR('',#5530,1.);
#5530 = DIRECTION('',(0.,0.,1.));
#5531 = ORIENTED_EDGE('',*,*,#5532,.F.);
#5532 = EDGE_CURVE('',#5509,#5525,#5533,.T.);
#5533 = LINE('',#5534,#5535);
#5534 = CARTESIAN_POINT('',(-2.4,-1.625,0.2));
#5535 = VECTOR('',#5536,1.);
#5536 = DIRECTION('',(-0.,1.,0.));
#5537 = PLANE('',#5538);
#5538 = AXIS2_PLACEMENT_3D('',#5539,#5540,#5541);
#5539 = CARTESIAN_POINT('',(-2.4,-1.625,0.));
#5540 = DIRECTION('',(1.,0.,-0.));
#5541 = DIRECTION('',(0.,0.,1.));
#5542 = ADVANCED_FACE('',(#5543),#5559,.F.);
#5543 = FACE_BOUND('',#5544,.F.);
#5544 = EDGE_LOOP('',(#5545,#5551,#5552,#5558));
#5545 = ORIENTED_EDGE('',*,*,#5546,.F.);
#5546 = EDGE_CURVE('',#5467,#5507,#5547,.T.);
#5547 = LINE('',#5548,#5549);
#5548 = CARTESIAN_POINT('',(-3.,-1.625,0.));
#5549 = VECTOR('',#5550,1.);
#5550 = DIRECTION('',(1.,0.,-0.));
#5551 = ORIENTED_EDGE('',*,*,#5466,.T.);
#5552 = ORIENTED_EDGE('',*,*,#5553,.T.);
#5553 = EDGE_CURVE('',#5469,#5509,#5554,.T.);
#5554 = LINE('',#5555,#5556);
#5555 = CARTESIAN_POINT('',(-3.,-1.625,0.2));
#5556 = VECTOR('',#5557,1.);
#5557 = DIRECTION('',(1.,0.,-0.));
#5558 = ORIENTED_EDGE('',*,*,#5506,.F.);
#5559 = PLANE('',#5560);
#5560 = AXIS2_PLACEMENT_3D('',#5561,#5562,#5563);
#5561 = CARTESIAN_POINT('',(-3.,-1.625,0.));
#5562 = DIRECTION('',(-0.,1.,0.));
#5563 = DIRECTION('',(0.,0.,1.));
#5564 = ADVANCED_FACE('',(#5565),#5581,.T.);
#5565 = FACE_BOUND('',#5566,.T.);
#5566 = EDGE_LOOP('',(#5567,#5573,#5574,#5580));
#5567 = ORIENTED_EDGE('',*,*,#5568,.F.);
#5568 = EDGE_CURVE('',#5477,#5517,#5569,.T.);
#5569 = LINE('',#5570,#5571);
#5570 = CARTESIAN_POINT('',(-3.,-1.375,0.));
#5571 = VECTOR('',#5572,1.);
#5572 = DIRECTION('',(1.,0.,-0.));
#5573 = ORIENTED_EDGE('',*,*,#5484,.T.);
#5574 = ORIENTED_EDGE('',*,*,#5575,.T.);
#5575 = EDGE_CURVE('',#5485,#5525,#5576,.T.);
#5576 = LINE('',#5577,#5578);
#5577 = CARTESIAN_POINT('',(-3.,-1.375,0.2));
#5578 = VECTOR('',#5579,1.);
#5579 = DIRECTION('',(1.,0.,-0.));
#5580 = ORIENTED_EDGE('',*,*,#5524,.F.);
#5581 = PLANE('',#5582);
#5582 = AXIS2_PLACEMENT_3D('',#5583,#5584,#5585);
#5583 = CARTESIAN_POINT('',(-3.,-1.375,0.));
#5584 = DIRECTION('',(-0.,1.,0.));
#5585 = DIRECTION('',(0.,0.,1.));
#5586 = ADVANCED_FACE('',(#5587),#5593,.F.);
#5587 = FACE_BOUND('',#5588,.F.);
#5588 = EDGE_LOOP('',(#5589,#5590,#5591,#5592));
#5589 = ORIENTED_EDGE('',*,*,#5476,.F.);
#5590 = ORIENTED_EDGE('',*,*,#5546,.T.);
#5591 = ORIENTED_EDGE('',*,*,#5516,.T.);
#5592 = ORIENTED_EDGE('',*,*,#5568,.F.);
#5593 = PLANE('',#5594);
#5594 = AXIS2_PLACEMENT_3D('',#5595,#5596,#5597);
#5595 = CARTESIAN_POINT('',(-3.,-1.625,0.));
#5596 = DIRECTION('',(0.,0.,1.));
#5597 = DIRECTION('',(1.,0.,-0.));
#5598 = ADVANCED_FACE('',(#5599),#5605,.T.);
#5599 = FACE_BOUND('',#5600,.T.);
#5600 = EDGE_LOOP('',(#5601,#5602,#5603,#5604));
#5601 = ORIENTED_EDGE('',*,*,#5492,.F.);
#5602 = ORIENTED_EDGE('',*,*,#5553,.T.);
#5603 = ORIENTED_EDGE('',*,*,#5532,.T.);
#5604 = ORIENTED_EDGE('',*,*,#5575,.F.);
#5605 = PLANE('',#5606);
#5606 = AXIS2_PLACEMENT_3D('',#5607,#5608,#5609);
#5607 = CARTESIAN_POINT('',(-3.,-1.625,0.2));
#5608 = DIRECTION('',(0.,0.,1.));
#5609 = DIRECTION('',(1.,0.,-0.));
#5610 = ( GEOMETRIC_REPRESENTATION_CONTEXT(3) 
GLOBAL_UNCERTAINTY_ASSIGNED_CONTEXT((#5614)) 
GLOBAL_UNIT_ASSIGNED_CONTEXT((#5611,#5612,#5613)) REPRESENTATION_CONTEXT
('Context #1','3D Context with UNIT and UNCERTAINTY') );
#5611 = ( LENGTH_UNIT() NAMED_UNIT(*) SI_UNIT(.MILLI.,.METRE.) );
#5612 = ( NAMED_UNIT(*) PLANE_ANGLE_UNIT() SI_UNIT($,.RADIAN.) );
#5613 = ( NAMED_UNIT(*) SI_UNIT($,.STERADIAN.) SOLID_ANGLE_UNIT() );
#5614 = UNCERTAINTY_MEASURE_WITH_UNIT(LENGTH_MEASURE(1.E-07),#5611,
  'distance_accuracy_value','confusion accuracy');
#5615 = CONTEXT_DEPENDENT_SHAPE_REPRESENTATION(#5616,#5618);
#5616 = ( REPRESENTATION_RELATIONSHIP('','',#5459,#10) 
REPRESENTATION_RELATIONSHIP_WITH_TRANSFORMATION(#5617) 
SHAPE_REPRESENTATION_RELATIONSHIP() );
#5617 = ITEM_DEFINED_TRANSFORMATION('','',#11,#139);
#5618 = PRODUCT_DEFINITION_SHAPE('Placement','Placement of an item',
  #5619);
#5619 = NEXT_ASSEMBLY_USAGE_OCCURRENCE('73','Terminal_8','',#5,#5454,$);
#5620 = PRODUCT_RELATED_PRODUCT_CATEGORY('part',$,(#5456));
#5621 = SHAPE_DEFINITION_REPRESENTATION(#5622,#5628);
#5622 = PRODUCT_DEFINITION_SHAPE('','',#5623);
#5623 = PRODUCT_DEFINITION('design','',#5624,#5627);
#5624 = PRODUCT_DEFINITION_FORMATION('','',#5625);
#5625 = PRODUCT('Terminal_17','Terminal_17','',(#5626));
#5626 = PRODUCT_CONTEXT('',#2,'mechanical');
#5627 = PRODUCT_DEFINITION_CONTEXT('part definition',#2,'design');
#5628 = ADVANCED_BREP_SHAPE_REPRESENTATION('',(#11,#5629),#5779);
#5629 = MANIFOLD_SOLID_BREP('',#5630);
#5630 = CLOSED_SHELL('',(#5631,#5671,#5711,#5733,#5755,#5767));
#5631 = ADVANCED_FACE('',(#5632),#5666,.F.);
#5632 = FACE_BOUND('',#5633,.F.);
#5633 = EDGE_LOOP('',(#5634,#5644,#5652,#5660));
#5634 = ORIENTED_EDGE('',*,*,#5635,.F.);
#5635 = EDGE_CURVE('',#5636,#5638,#5640,.T.);
#5636 = VERTEX_POINT('',#5637);
#5637 = CARTESIAN_POINT('',(1.375,-3.,0.));
#5638 = VERTEX_POINT('',#5639);
#5639 = CARTESIAN_POINT('',(1.375,-3.,0.2));
#5640 = LINE('',#5641,#5642);
#5641 = CARTESIAN_POINT('',(1.375,-3.,0.));
#5642 = VECTOR('',#5643,1.);
#5643 = DIRECTION('',(0.,0.,1.));
#5644 = ORIENTED_EDGE('',*,*,#5645,.T.);
#5645 = EDGE_CURVE('',#5636,#5646,#5648,.T.);
#5646 = VERTEX_POINT('',#5647);
#5647 = CARTESIAN_POINT('',(1.375,-2.4,0.));
#5648 = LINE('',#5649,#5650);
#5649 = CARTESIAN_POINT('',(1.375,-3.,0.));
#5650 = VECTOR('',#5651,1.);
#5651 = DIRECTION('',(-0.,1.,0.));
#5652 = ORIENTED_EDGE('',*,*,#5653,.T.);
#5653 = EDGE_CURVE('',#5646,#5654,#5656,.T.);
#5654 = VERTEX_POINT('',#5655);
#5655 = CARTESIAN_POINT('',(1.375,-2.4,0.2));
#5656 = LINE('',#5657,#5658);
#5657 = CARTESIAN_POINT('',(1.375,-2.4,0.));
#5658 = VECTOR('',#5659,1.);
#5659 = DIRECTION('',(0.,0.,1.));
#5660 = ORIENTED_EDGE('',*,*,#5661,.F.);
#5661 = EDGE_CURVE('',#5638,#5654,#5662,.T.);
#5662 = LINE('',#5663,#5664);
#5663 = CARTESIAN_POINT('',(1.375,-3.,0.2));
#5664 = VECTOR('',#5665,1.);
#5665 = DIRECTION('',(-0.,1.,0.));
#5666 = PLANE('',#5667);
#5667 = AXIS2_PLACEMENT_3D('',#5668,#5669,#5670);
#5668 = CARTESIAN_POINT('',(1.375,-3.,0.));
#5669 = DIRECTION('',(1.,0.,-0.));
#5670 = DIRECTION('',(0.,0.,1.));
#5671 = ADVANCED_FACE('',(#5672),#5706,.T.);
#5672 = FACE_BOUND('',#5673,.T.);
#5673 = EDGE_LOOP('',(#5674,#5684,#5692,#5700));
#5674 = ORIENTED_EDGE('',*,*,#5675,.F.);
#5675 = EDGE_CURVE('',#5676,#5678,#5680,.T.);
#5676 = VERTEX_POINT('',#5677);
#5677 = CARTESIAN_POINT('',(1.625,-3.,0.));
#5678 = VERTEX_POINT('',#5679);
#5679 = CARTESIAN_POINT('',(1.625,-3.,0.2));
#5680 = LINE('',#5681,#5682);
#5681 = CARTESIAN_POINT('',(1.625,-3.,0.));
#5682 = VECTOR('',#5683,1.);
#5683 = DIRECTION('',(0.,0.,1.));
#5684 = ORIENTED_EDGE('',*,*,#5685,.T.);
#5685 = EDGE_CURVE('',#5676,#5686,#5688,.T.);
#5686 = VERTEX_POINT('',#5687);
#5687 = CARTESIAN_POINT('',(1.625,-2.4,0.));
#5688 = LINE('',#5689,#5690);
#5689 = CARTESIAN_POINT('',(1.625,-3.,0.));
#5690 = VECTOR('',#5691,1.);
#5691 = DIRECTION('',(-0.,1.,0.));
#5692 = ORIENTED_EDGE('',*,*,#5693,.T.);
#5693 = EDGE_CURVE('',#5686,#5694,#5696,.T.);
#5694 = VERTEX_POINT('',#5695);
#5695 = CARTESIAN_POINT('',(1.625,-2.4,0.2));
#5696 = LINE('',#5697,#5698);
#5697 = CARTESIAN_POINT('',(1.625,-2.4,0.));
#5698 = VECTOR('',#5699,1.);
#5699 = DIRECTION('',(0.,0.,1.));
#5700 = ORIENTED_EDGE('',*,*,#5701,.F.);
#5701 = EDGE_CURVE('',#5678,#5694,#5702,.T.);
#5702 = LINE('',#5703,#5704);
#5703 = CARTESIAN_POINT('',(1.625,-3.,0.2));
#5704 = VECTOR('',#5705,1.);
#5705 = DIRECTION('',(-0.,1.,0.));
#5706 = PLANE('',#5707);
#5707 = AXIS2_PLACEMENT_3D('',#5708,#5709,#5710);
#5708 = CARTESIAN_POINT('',(1.625,-3.,0.));
#5709 = DIRECTION('',(1.,0.,-0.));
#5710 = DIRECTION('',(0.,0.,1.));
#5711 = ADVANCED_FACE('',(#5712),#5728,.F.);
#5712 = FACE_BOUND('',#5713,.F.);
#5713 = EDGE_LOOP('',(#5714,#5720,#5721,#5727));
#5714 = ORIENTED_EDGE('',*,*,#5715,.F.);
#5715 = EDGE_CURVE('',#5636,#5676,#5716,.T.);
#5716 = LINE('',#5717,#5718);
#5717 = CARTESIAN_POINT('',(1.375,-3.,0.));
#5718 = VECTOR('',#5719,1.);
#5719 = DIRECTION('',(1.,0.,-0.));
#5720 = ORIENTED_EDGE('',*,*,#5635,.T.);
#5721 = ORIENTED_EDGE('',*,*,#5722,.T.);
#5722 = EDGE_CURVE('',#5638,#5678,#5723,.T.);
#5723 = LINE('',#5724,#5725);
#5724 = CARTESIAN_POINT('',(1.375,-3.,0.2));
#5725 = VECTOR('',#5726,1.);
#5726 = DIRECTION('',(1.,0.,-0.));
#5727 = ORIENTED_EDGE('',*,*,#5675,.F.);
#5728 = PLANE('',#5729);
#5729 = AXIS2_PLACEMENT_3D('',#5730,#5731,#5732);
#5730 = CARTESIAN_POINT('',(1.375,-3.,0.));
#5731 = DIRECTION('',(-0.,1.,0.));
#5732 = DIRECTION('',(0.,0.,1.));
#5733 = ADVANCED_FACE('',(#5734),#5750,.T.);
#5734 = FACE_BOUND('',#5735,.T.);
#5735 = EDGE_LOOP('',(#5736,#5742,#5743,#5749));
#5736 = ORIENTED_EDGE('',*,*,#5737,.F.);
#5737 = EDGE_CURVE('',#5646,#5686,#5738,.T.);
#5738 = LINE('',#5739,#5740);
#5739 = CARTESIAN_POINT('',(1.375,-2.4,0.));
#5740 = VECTOR('',#5741,1.);
#5741 = DIRECTION('',(1.,0.,-0.));
#5742 = ORIENTED_EDGE('',*,*,#5653,.T.);
#5743 = ORIENTED_EDGE('',*,*,#5744,.T.);
#5744 = EDGE_CURVE('',#5654,#5694,#5745,.T.);
#5745 = LINE('',#5746,#5747);
#5746 = CARTESIAN_POINT('',(1.375,-2.4,0.2));
#5747 = VECTOR('',#5748,1.);
#5748 = DIRECTION('',(1.,0.,-0.));
#5749 = ORIENTED_EDGE('',*,*,#5693,.F.);
#5750 = PLANE('',#5751);
#5751 = AXIS2_PLACEMENT_3D('',#5752,#5753,#5754);
#5752 = CARTESIAN_POINT('',(1.375,-2.4,0.));
#5753 = DIRECTION('',(-0.,1.,0.));
#5754 = DIRECTION('',(0.,0.,1.));
#5755 = ADVANCED_FACE('',(#5756),#5762,.F.);
#5756 = FACE_BOUND('',#5757,.F.);
#5757 = EDGE_LOOP('',(#5758,#5759,#5760,#5761));
#5758 = ORIENTED_EDGE('',*,*,#5645,.F.);
#5759 = ORIENTED_EDGE('',*,*,#5715,.T.);
#5760 = ORIENTED_EDGE('',*,*,#5685,.T.);
#5761 = ORIENTED_EDGE('',*,*,#5737,.F.);
#5762 = PLANE('',#5763);
#5763 = AXIS2_PLACEMENT_3D('',#5764,#5765,#5766);
#5764 = CARTESIAN_POINT('',(1.375,-3.,0.));
#5765 = DIRECTION('',(0.,0.,1.));
#5766 = DIRECTION('',(1.,0.,-0.));
#5767 = ADVANCED_FACE('',(#5768),#5774,.T.);
#5768 = FACE_BOUND('',#5769,.T.);
#5769 = EDGE_LOOP('',(#5770,#5771,#5772,#5773));
#5770 = ORIENTED_EDGE('',*,*,#5661,.F.);
#5771 = ORIENTED_EDGE('',*,*,#5722,.T.);
#5772 = ORIENTED_EDGE('',*,*,#5701,.T.);
#5773 = ORIENTED_EDGE('',*,*,#5744,.F.);
#5774 = PLANE('',#5775);
#5775 = AXIS2_PLACEMENT_3D('',#5776,#5777,#5778);
#5776 = CARTESIAN_POINT('',(1.375,-3.,0.2));
#5777 = DIRECTION('',(0.,0.,1.));
#5778 = DIRECTION('',(1.,0.,-0.));
#5779 = ( GEOMETRIC_REPRESENTATION_CONTEXT(3) 
GLOBAL_UNCERTAINTY_ASSIGNED_CONTEXT((#5783)) 
GLOBAL_UNIT_ASSIGNED_CONTEXT((#5780,#5781,#5782)) REPRESENTATION_CONTEXT
('Context #1','3D Context with UNIT and UNCERTAINTY') );
#5780 = ( LENGTH_UNIT() NAMED_UNIT(*) SI_UNIT(.MILLI.,.METRE.) );
#5781 = ( NAMED_UNIT(*) PLANE_ANGLE_UNIT() SI_UNIT($,.RADIAN.) );
#5782 = ( NAMED_UNIT(*) SI_UNIT($,.STERADIAN.) SOLID_ANGLE_UNIT() );
#5783 = UNCERTAINTY_MEASURE_WITH_UNIT(LENGTH_MEASURE(1.E-07),#5780,
  'distance_accuracy_value','confusion accuracy');
#5784 = CONTEXT_DEPENDENT_SHAPE_REPRESENTATION(#5785,#5787);
#5785 = ( REPRESENTATION_RELATIONSHIP('','',#5628,#10) 
REPRESENTATION_RELATIONSHIP_WITH_TRANSFORMATION(#5786) 
SHAPE_REPRESENTATION_RELATIONSHIP() );
#5786 = ITEM_DEFINED_TRANSFORMATION('','',#11,#143);
#5787 = PRODUCT_DEFINITION_SHAPE('Placement','Placement of an item',
  #5788);
#5788 = NEXT_ASSEMBLY_USAGE_OCCURRENCE('74','Terminal_17','',#5,#5623,$
  );
#5789 = PRODUCT_RELATED_PRODUCT_CATEGORY('part',$,(#5625));
#5790 = SHAPE_DEFINITION_REPRESENTATION(#5791,#5797);
#5791 = PRODUCT_DEFINITION_SHAPE('','',#5792);
#5792 = PRODUCT_DEFINITION('design','',#5793,#5796);
#5793 = PRODUCT_DEFINITION_FORMATION('','',#5794);
#5794 = PRODUCT('Terminal_26','Terminal_26','',(#5795));
#5795 = PRODUCT_CONTEXT('',#2,'mechanical');
#5796 = PRODUCT_DEFINITION_CONTEXT('part definition',#2,'design');
#5797 = ADVANCED_BREP_SHAPE_REPRESENTATION('',(#11,#5798),#5948);
#5798 = MANIFOLD_SOLID_BREP('',#5799);
#5799 = CLOSED_SHELL('',(#5800,#5840,#5880,#5902,#5924,#5936));
#5800 = ADVANCED_FACE('',(#5801),#5835,.F.);
#5801 = FACE_BOUND('',#5802,.F.);
#5802 = EDGE_LOOP('',(#5803,#5813,#5821,#5829));
#5803 = ORIENTED_EDGE('',*,*,#5804,.F.);
#5804 = EDGE_CURVE('',#5805,#5807,#5809,.T.);
#5805 = VERTEX_POINT('',#5806);
#5806 = CARTESIAN_POINT('',(2.4,1.375,0.));
#5807 = VERTEX_POINT('',#5808);
#5808 = CARTESIAN_POINT('',(2.4,1.375,0.2));
#5809 = LINE('',#5810,#5811);
#5810 = CARTESIAN_POINT('',(2.4,1.375,0.));
#5811 = VECTOR('',#5812,1.);
#5812 = DIRECTION('',(0.,0.,1.));
#5813 = ORIENTED_EDGE('',*,*,#5814,.T.);
#5814 = EDGE_CURVE('',#5805,#5815,#5817,.T.);
#5815 = VERTEX_POINT('',#5816);
#5816 = CARTESIAN_POINT('',(2.4,1.625,0.));
#5817 = LINE('',#5818,#5819);
#5818 = CARTESIAN_POINT('',(2.4,1.375,0.));
#5819 = VECTOR('',#5820,1.);
#5820 = DIRECTION('',(-0.,1.,0.));
#5821 = ORIENTED_EDGE('',*,*,#5822,.T.);
#5822 = EDGE_CURVE('',#5815,#5823,#5825,.T.);
#5823 = VERTEX_POINT('',#5824);
#5824 = CARTESIAN_POINT('',(2.4,1.625,0.2));
#5825 = LINE('',#5826,#5827);
#5826 = CARTESIAN_POINT('',(2.4,1.625,0.));
#5827 = VECTOR('',#5828,1.);
#5828 = DIRECTION('',(0.,0.,1.));
#5829 = ORIENTED_EDGE('',*,*,#5830,.F.);
#5830 = EDGE_CURVE('',#5807,#5823,#5831,.T.);
#5831 = LINE('',#5832,#5833);
#5832 = CARTESIAN_POINT('',(2.4,1.375,0.2));
#5833 = VECTOR('',#5834,1.);
#5834 = DIRECTION('',(-0.,1.,0.));
#5835 = PLANE('',#5836);
#5836 = AXIS2_PLACEMENT_3D('',#5837,#5838,#5839);
#5837 = CARTESIAN_POINT('',(2.4,1.375,0.));
#5838 = DIRECTION('',(1.,0.,-0.));
#5839 = DIRECTION('',(0.,0.,1.));
#5840 = ADVANCED_FACE('',(#5841),#5875,.T.);
#5841 = FACE_BOUND('',#5842,.T.);
#5842 = EDGE_LOOP('',(#5843,#5853,#5861,#5869));
#5843 = ORIENTED_EDGE('',*,*,#5844,.F.);
#5844 = EDGE_CURVE('',#5845,#5847,#5849,.T.);
#5845 = VERTEX_POINT('',#5846);
#5846 = CARTESIAN_POINT('',(3.,1.375,0.));
#5847 = VERTEX_POINT('',#5848);
#5848 = CARTESIAN_POINT('',(3.,1.375,0.2));
#5849 = LINE('',#5850,#5851);
#5850 = CARTESIAN_POINT('',(3.,1.375,0.));
#5851 = VECTOR('',#5852,1.);
#5852 = DIRECTION('',(0.,0.,1.));
#5853 = ORIENTED_EDGE('',*,*,#5854,.T.);
#5854 = EDGE_CURVE('',#5845,#5855,#5857,.T.);
#5855 = VERTEX_POINT('',#5856);
#5856 = CARTESIAN_POINT('',(3.,1.625,0.));
#5857 = LINE('',#5858,#5859);
#5858 = CARTESIAN_POINT('',(3.,1.375,0.));
#5859 = VECTOR('',#5860,1.);
#5860 = DIRECTION('',(-0.,1.,0.));
#5861 = ORIENTED_EDGE('',*,*,#5862,.T.);
#5862 = EDGE_CURVE('',#5855,#5863,#5865,.T.);
#5863 = VERTEX_POINT('',#5864);
#5864 = CARTESIAN_POINT('',(3.,1.625,0.2));
#5865 = LINE('',#5866,#5867);
#5866 = CARTESIAN_POINT('',(3.,1.625,0.));
#5867 = VECTOR('',#5868,1.);
#5868 = DIRECTION('',(0.,0.,1.));
#5869 = ORIENTED_EDGE('',*,*,#5870,.F.);
#5870 = EDGE_CURVE('',#5847,#5863,#5871,.T.);
#5871 = LINE('',#5872,#5873);
#5872 = CARTESIAN_POINT('',(3.,1.375,0.2));
#5873 = VECTOR('',#5874,1.);
#5874 = DIRECTION('',(-0.,1.,0.));
#5875 = PLANE('',#5876);
#5876 = AXIS2_PLACEMENT_3D('',#5877,#5878,#5879);
#5877 = CARTESIAN_POINT('',(3.,1.375,0.));
#5878 = DIRECTION('',(1.,0.,-0.));
#5879 = DIRECTION('',(0.,0.,1.));
#5880 = ADVANCED_FACE('',(#5881),#5897,.F.);
#5881 = FACE_BOUND('',#5882,.F.);
#5882 = EDGE_LOOP('',(#5883,#5889,#5890,#5896));
#5883 = ORIENTED_EDGE('',*,*,#5884,.F.);
#5884 = EDGE_CURVE('',#5805,#5845,#5885,.T.);
#5885 = LINE('',#5886,#5887);
#5886 = CARTESIAN_POINT('',(2.4,1.375,0.));
#5887 = VECTOR('',#5888,1.);
#5888 = DIRECTION('',(1.,0.,-0.));
#5889 = ORIENTED_EDGE('',*,*,#5804,.T.);
#5890 = ORIENTED_EDGE('',*,*,#5891,.T.);
#5891 = EDGE_CURVE('',#5807,#5847,#5892,.T.);
#5892 = LINE('',#5893,#5894);
#5893 = CARTESIAN_POINT('',(2.4,1.375,0.2));
#5894 = VECTOR('',#5895,1.);
#5895 = DIRECTION('',(1.,0.,-0.));
#5896 = ORIENTED_EDGE('',*,*,#5844,.F.);
#5897 = PLANE('',#5898);
#5898 = AXIS2_PLACEMENT_3D('',#5899,#5900,#5901);
#5899 = CARTESIAN_POINT('',(2.4,1.375,0.));
#5900 = DIRECTION('',(-0.,1.,0.));
#5901 = DIRECTION('',(0.,0.,1.));
#5902 = ADVANCED_FACE('',(#5903),#5919,.T.);
#5903 = FACE_BOUND('',#5904,.T.);
#5904 = EDGE_LOOP('',(#5905,#5911,#5912,#5918));
#5905 = ORIENTED_EDGE('',*,*,#5906,.F.);
#5906 = EDGE_CURVE('',#5815,#5855,#5907,.T.);
#5907 = LINE('',#5908,#5909);
#5908 = CARTESIAN_POINT('',(2.4,1.625,0.));
#5909 = VECTOR('',#5910,1.);
#5910 = DIRECTION('',(1.,0.,-0.));
#5911 = ORIENTED_EDGE('',*,*,#5822,.T.);
#5912 = ORIENTED_EDGE('',*,*,#5913,.T.);
#5913 = EDGE_CURVE('',#5823,#5863,#5914,.T.);
#5914 = LINE('',#5915,#5916);
#5915 = CARTESIAN_POINT('',(2.4,1.625,0.2));
#5916 = VECTOR('',#5917,1.);
#5917 = DIRECTION('',(1.,0.,-0.));
#5918 = ORIENTED_EDGE('',*,*,#5862,.F.);
#5919 = PLANE('',#5920);
#5920 = AXIS2_PLACEMENT_3D('',#5921,#5922,#5923);
#5921 = CARTESIAN_POINT('',(2.4,1.625,0.));
#5922 = DIRECTION('',(-0.,1.,0.));
#5923 = DIRECTION('',(0.,0.,1.));
#5924 = ADVANCED_FACE('',(#5925),#5931,.F.);
#5925 = FACE_BOUND('',#5926,.F.);
#5926 = EDGE_LOOP('',(#5927,#5928,#5929,#5930));
#5927 = ORIENTED_EDGE('',*,*,#5814,.F.);
#5928 = ORIENTED_EDGE('',*,*,#5884,.T.);
#5929 = ORIENTED_EDGE('',*,*,#5854,.T.);
#5930 = ORIENTED_EDGE('',*,*,#5906,.F.);
#5931 = PLANE('',#5932);
#5932 = AXIS2_PLACEMENT_3D('',#5933,#5934,#5935);
#5933 = CARTESIAN_POINT('',(2.4,1.375,0.));
#5934 = DIRECTION('',(0.,0.,1.));
#5935 = DIRECTION('',(1.,0.,-0.));
#5936 = ADVANCED_FACE('',(#5937),#5943,.T.);
#5937 = FACE_BOUND('',#5938,.T.);
#5938 = EDGE_LOOP('',(#5939,#5940,#5941,#5942));
#5939 = ORIENTED_EDGE('',*,*,#5830,.F.);
#5940 = ORIENTED_EDGE('',*,*,#5891,.T.);
#5941 = ORIENTED_EDGE('',*,*,#5870,.T.);
#5942 = ORIENTED_EDGE('',*,*,#5913,.F.);
#5943 = PLANE('',#5944);
#5944 = AXIS2_PLACEMENT_3D('',#5945,#5946,#5947);
#5945 = CARTESIAN_POINT('',(2.4,1.375,0.2));
#5946 = DIRECTION('',(0.,0.,1.));
#5947 = DIRECTION('',(1.,0.,-0.));
#5948 = ( GEOMETRIC_REPRESENTATION_CONTEXT(3) 
GLOBAL_UNCERTAINTY_ASSIGNED_CONTEXT((#5952)) 
GLOBAL_UNIT_ASSIGNED_CONTEXT((#5949,#5950,#5951)) REPRESENTATION_CONTEXT
('Context #1','3D Context with UNIT and UNCERTAINTY') );
#5949 = ( LENGTH_UNIT() NAMED_UNIT(*) SI_UNIT(.MILLI.,.METRE.) );
#5950 = ( NAMED_UNIT(*) PLANE_ANGLE_UNIT() SI_UNIT($,.RADIAN.) );
#5951 = ( NAMED_UNIT(*) SI_UNIT($,.STERADIAN.) SOLID_ANGLE_UNIT() );
#5952 = UNCERTAINTY_MEASURE_WITH_UNIT(LENGTH_MEASURE(1.E-07),#5949,
  'distance_accuracy_value','confusion accuracy');
#5953 = CONTEXT_DEPENDENT_SHAPE_REPRESENTATION(#5954,#5956);
#5954 = ( REPRESENTATION_RELATIONSHIP('','',#5797,#10) 
REPRESENTATION_RELATIONSHIP_WITH_TRANSFORMATION(#5955) 
SHAPE_REPRESENTATION_RELATIONSHIP() );
#5955 = ITEM_DEFINED_TRANSFORMATION('','',#11,#147);
#5956 = PRODUCT_DEFINITION_SHAPE('Placement','Placement of an item',
  #5957);
#5957 = NEXT_ASSEMBLY_USAGE_OCCURRENCE('75','Terminal_26','',#5,#5792,$
  );
#5958 = PRODUCT_RELATED_PRODUCT_CATEGORY('part',$,(#5794));
#5959 = SHAPE_DEFINITION_REPRESENTATION(#5960,#5966);
#5960 = PRODUCT_DEFINITION_SHAPE('','',#5961);
#5961 = PRODUCT_DEFINITION('design','',#5962,#5965);
#5962 = PRODUCT_DEFINITION_FORMATION('','',#5963);
#5963 = PRODUCT('Terminal_35','Terminal_35','',(#5964));
#5964 = PRODUCT_CONTEXT('',#2,'mechanical');
#5965 = PRODUCT_DEFINITION_CONTEXT('part definition',#2,'design');
#5966 = ADVANCED_BREP_SHAPE_REPRESENTATION('',(#11,#5967),#6117);
#5967 = MANIFOLD_SOLID_BREP('',#5968);
#5968 = CLOSED_SHELL('',(#5969,#6009,#6049,#6071,#6093,#6105));
#5969 = ADVANCED_FACE('',(#5970),#6004,.F.);
#5970 = FACE_BOUND('',#5971,.F.);
#5971 = EDGE_LOOP('',(#5972,#5982,#5990,#5998));
#5972 = ORIENTED_EDGE('',*,*,#5973,.F.);
#5973 = EDGE_CURVE('',#5974,#5976,#5978,.T.);
#5974 = VERTEX_POINT('',#5975);
#5975 = CARTESIAN_POINT('',(-1.625,2.4,0.));
#5976 = VERTEX_POINT('',#5977);
#5977 = CARTESIAN_POINT('',(-1.625,2.4,0.2));
#5978 = LINE('',#5979,#5980);
#5979 = CARTESIAN_POINT('',(-1.625,2.4,0.));
#5980 = VECTOR('',#5981,1.);
#5981 = DIRECTION('',(0.,0.,1.));
#5982 = ORIENTED_EDGE('',*,*,#5983,.T.);
#5983 = EDGE_CURVE('',#5974,#5984,#5986,.T.);
#5984 = VERTEX_POINT('',#5985);
#5985 = CARTESIAN_POINT('',(-1.625,3.,0.));
#5986 = LINE('',#5987,#5988);
#5987 = CARTESIAN_POINT('',(-1.625,2.4,0.));
#5988 = VECTOR('',#5989,1.);
#5989 = DIRECTION('',(-0.,1.,0.));
#5990 = ORIENTED_EDGE('',*,*,#5991,.T.);
#5991 = EDGE_CURVE('',#5984,#5992,#5994,.T.);
#5992 = VERTEX_POINT('',#5993);
#5993 = CARTESIAN_POINT('',(-1.625,3.,0.2));
#5994 = LINE('',#5995,#5996);
#5995 = CARTESIAN_POINT('',(-1.625,3.,0.));
#5996 = VECTOR('',#5997,1.);
#5997 = DIRECTION('',(0.,0.,1.));
#5998 = ORIENTED_EDGE('',*,*,#5999,.F.);
#5999 = EDGE_CURVE('',#5976,#5992,#6000,.T.);
#6000 = LINE('',#6001,#6002);
#6001 = CARTESIAN_POINT('',(-1.625,2.4,0.2));
#6002 = VECTOR('',#6003,1.);
#6003 = DIRECTION('',(-0.,1.,0.));
#6004 = PLANE('',#6005);
#6005 = AXIS2_PLACEMENT_3D('',#6006,#6007,#6008);
#6006 = CARTESIAN_POINT('',(-1.625,2.4,0.));
#6007 = DIRECTION('',(1.,0.,-0.));
#6008 = DIRECTION('',(0.,0.,1.));
#6009 = ADVANCED_FACE('',(#6010),#6044,.T.);
#6010 = FACE_BOUND('',#6011,.T.);
#6011 = EDGE_LOOP('',(#6012,#6022,#6030,#6038));
#6012 = ORIENTED_EDGE('',*,*,#6013,.F.);
#6013 = EDGE_CURVE('',#6014,#6016,#6018,.T.);
#6014 = VERTEX_POINT('',#6015);
#6015 = CARTESIAN_POINT('',(-1.375,2.4,0.));
#6016 = VERTEX_POINT('',#6017);
#6017 = CARTESIAN_POINT('',(-1.375,2.4,0.2));
#6018 = LINE('',#6019,#6020);
#6019 = CARTESIAN_POINT('',(-1.375,2.4,0.));
#6020 = VECTOR('',#6021,1.);
#6021 = DIRECTION('',(0.,0.,1.));
#6022 = ORIENTED_EDGE('',*,*,#6023,.T.);
#6023 = EDGE_CURVE('',#6014,#6024,#6026,.T.);
#6024 = VERTEX_POINT('',#6025);
#6025 = CARTESIAN_POINT('',(-1.375,3.,0.));
#6026 = LINE('',#6027,#6028);
#6027 = CARTESIAN_POINT('',(-1.375,2.4,0.));
#6028 = VECTOR('',#6029,1.);
#6029 = DIRECTION('',(-0.,1.,0.));
#6030 = ORIENTED_EDGE('',*,*,#6031,.T.);
#6031 = EDGE_CURVE('',#6024,#6032,#6034,.T.);
#6032 = VERTEX_POINT('',#6033);
#6033 = CARTESIAN_POINT('',(-1.375,3.,0.2));
#6034 = LINE('',#6035,#6036);
#6035 = CARTESIAN_POINT('',(-1.375,3.,0.));
#6036 = VECTOR('',#6037,1.);
#6037 = DIRECTION('',(0.,0.,1.));
#6038 = ORIENTED_EDGE('',*,*,#6039,.F.);
#6039 = EDGE_CURVE('',#6016,#6032,#6040,.T.);
#6040 = LINE('',#6041,#6042);
#6041 = CARTESIAN_POINT('',(-1.375,2.4,0.2));
#6042 = VECTOR('',#6043,1.);
#6043 = DIRECTION('',(-0.,1.,0.));
#6044 = PLANE('',#6045);
#6045 = AXIS2_PLACEMENT_3D('',#6046,#6047,#6048);
#6046 = CARTESIAN_POINT('',(-1.375,2.4,0.));
#6047 = DIRECTION('',(1.,0.,-0.));
#6048 = DIRECTION('',(0.,0.,1.));
#6049 = ADVANCED_FACE('',(#6050),#6066,.F.);
#6050 = FACE_BOUND('',#6051,.F.);
#6051 = EDGE_LOOP('',(#6052,#6058,#6059,#6065));
#6052 = ORIENTED_EDGE('',*,*,#6053,.F.);
#6053 = EDGE_CURVE('',#5974,#6014,#6054,.T.);
#6054 = LINE('',#6055,#6056);
#6055 = CARTESIAN_POINT('',(-1.625,2.4,0.));
#6056 = VECTOR('',#6057,1.);
#6057 = DIRECTION('',(1.,0.,-0.));
#6058 = ORIENTED_EDGE('',*,*,#5973,.T.);
#6059 = ORIENTED_EDGE('',*,*,#6060,.T.);
#6060 = EDGE_CURVE('',#5976,#6016,#6061,.T.);
#6061 = LINE('',#6062,#6063);
#6062 = CARTESIAN_POINT('',(-1.625,2.4,0.2));
#6063 = VECTOR('',#6064,1.);
#6064 = DIRECTION('',(1.,0.,-0.));
#6065 = ORIENTED_EDGE('',*,*,#6013,.F.);
#6066 = PLANE('',#6067);
#6067 = AXIS2_PLACEMENT_3D('',#6068,#6069,#6070);
#6068 = CARTESIAN_POINT('',(-1.625,2.4,0.));
#6069 = DIRECTION('',(-0.,1.,0.));
#6070 = DIRECTION('',(0.,0.,1.));
#6071 = ADVANCED_FACE('',(#6072),#6088,.T.);
#6072 = FACE_BOUND('',#6073,.T.);
#6073 = EDGE_LOOP('',(#6074,#6080,#6081,#6087));
#6074 = ORIENTED_EDGE('',*,*,#6075,.F.);
#6075 = EDGE_CURVE('',#5984,#6024,#6076,.T.);
#6076 = LINE('',#6077,#6078);
#6077 = CARTESIAN_POINT('',(-1.625,3.,0.));
#6078 = VECTOR('',#6079,1.);
#6079 = DIRECTION('',(1.,0.,-0.));
#6080 = ORIENTED_EDGE('',*,*,#5991,.T.);
#6081 = ORIENTED_EDGE('',*,*,#6082,.T.);
#6082 = EDGE_CURVE('',#5992,#6032,#6083,.T.);
#6083 = LINE('',#6084,#6085);
#6084 = CARTESIAN_POINT('',(-1.625,3.,0.2));
#6085 = VECTOR('',#6086,1.);
#6086 = DIRECTION('',(1.,0.,-0.));
#6087 = ORIENTED_EDGE('',*,*,#6031,.F.);
#6088 = PLANE('',#6089);
#6089 = AXIS2_PLACEMENT_3D('',#6090,#6091,#6092);
#6090 = CARTESIAN_POINT('',(-1.625,3.,0.));
#6091 = DIRECTION('',(-0.,1.,0.));
#6092 = DIRECTION('',(0.,0.,1.));
#6093 = ADVANCED_FACE('',(#6094),#6100,.F.);
#6094 = FACE_BOUND('',#6095,.F.);
#6095 = EDGE_LOOP('',(#6096,#6097,#6098,#6099));
#6096 = ORIENTED_EDGE('',*,*,#5983,.F.);
#6097 = ORIENTED_EDGE('',*,*,#6053,.T.);
#6098 = ORIENTED_EDGE('',*,*,#6023,.T.);
#6099 = ORIENTED_EDGE('',*,*,#6075,.F.);
#6100 = PLANE('',#6101);
#6101 = AXIS2_PLACEMENT_3D('',#6102,#6103,#6104);
#6102 = CARTESIAN_POINT('',(-1.625,2.4,0.));
#6103 = DIRECTION('',(0.,0.,1.));
#6104 = DIRECTION('',(1.,0.,-0.));
#6105 = ADVANCED_FACE('',(#6106),#6112,.T.);
#6106 = FACE_BOUND('',#6107,.T.);
#6107 = EDGE_LOOP('',(#6108,#6109,#6110,#6111));
#6108 = ORIENTED_EDGE('',*,*,#5999,.F.);
#6109 = ORIENTED_EDGE('',*,*,#6060,.T.);
#6110 = ORIENTED_EDGE('',*,*,#6039,.T.);
#6111 = ORIENTED_EDGE('',*,*,#6082,.F.);
#6112 = PLANE('',#6113);
#6113 = AXIS2_PLACEMENT_3D('',#6114,#6115,#6116);
#6114 = CARTESIAN_POINT('',(-1.625,2.4,0.2));
#6115 = DIRECTION('',(0.,0.,1.));
#6116 = DIRECTION('',(1.,0.,-0.));
#6117 = ( GEOMETRIC_REPRESENTATION_CONTEXT(3) 
GLOBAL_UNCERTAINTY_ASSIGNED_CONTEXT((#6121)) 
GLOBAL_UNIT_ASSIGNED_CONTEXT((#6118,#6119,#6120)) REPRESENTATION_CONTEXT
('Context #1','3D Context with UNIT and UNCERTAINTY') );
#6118 = ( LENGTH_UNIT() NAMED_UNIT(*) SI_UNIT(.MILLI.,.METRE.) );
#6119 = ( NAMED_UNIT(*) PLANE_ANGLE_UNIT() SI_UNIT($,.RADIAN.) );
#6120 = ( NAMED_UNIT(*) SI_UNIT($,.STERADIAN.) SOLID_ANGLE_UNIT() );
#6121 = UNCERTAINTY_MEASURE_WITH_UNIT(LENGTH_MEASURE(1.E-07),#6118,
  'distance_accuracy_value','confusion accuracy');
#6122 = CONTEXT_DEPENDENT_SHAPE_REPRESENTATION(#6123,#6125);
#6123 = ( REPRESENTATION_RELATIONSHIP('','',#5966,#10) 
REPRESENTATION_RELATIONSHIP_WITH_TRANSFORMATION(#6124) 
SHAPE_REPRESENTATION_RELATIONSHIP() );
#6124 = ITEM_DEFINED_TRANSFORMATION('','',#11,#151);
#6125 = PRODUCT_DEFINITION_SHAPE('Placement','Placement of an item',
  #6126);
#6126 = NEXT_ASSEMBLY_USAGE_OCCURRENCE('76','Terminal_35','',#5,#5961,$
  );
#6127 = PRODUCT_RELATED_PRODUCT_CATEGORY('part',$,(#5963));
#6128 = SHAPE_DEFINITION_REPRESENTATION(#6129,#6135);
#6129 = PRODUCT_DEFINITION_SHAPE('','',#6130);
#6130 = PRODUCT_DEFINITION('design','',#6131,#6134);
#6131 = PRODUCT_DEFINITION_FORMATION('','',#6132);
#6132 = PRODUCT('Terminal_9','Terminal_9','',(#6133));
#6133 = PRODUCT_CONTEXT('',#2,'mechanical');
#6134 = PRODUCT_DEFINITION_CONTEXT('part definition',#2,'design');
#6135 = ADVANCED_BREP_SHAPE_REPRESENTATION('',(#11,#6136),#6286);
#6136 = MANIFOLD_SOLID_BREP('',#6137);
#6137 = CLOSED_SHELL('',(#6138,#6178,#6218,#6240,#6262,#6274));
#6138 = ADVANCED_FACE('',(#6139),#6173,.F.);
#6139 = FACE_BOUND('',#6140,.F.);
#6140 = EDGE_LOOP('',(#6141,#6151,#6159,#6167));
#6141 = ORIENTED_EDGE('',*,*,#6142,.F.);
#6142 = EDGE_CURVE('',#6143,#6145,#6147,.T.);
#6143 = VERTEX_POINT('',#6144);
#6144 = CARTESIAN_POINT('',(-3.,-2.125,0.));
#6145 = VERTEX_POINT('',#6146);
#6146 = CARTESIAN_POINT('',(-3.,-2.125,0.2));
#6147 = LINE('',#6148,#6149);
#6148 = CARTESIAN_POINT('',(-3.,-2.125,0.));
#6149 = VECTOR('',#6150,1.);
#6150 = DIRECTION('',(0.,0.,1.));
#6151 = ORIENTED_EDGE('',*,*,#6152,.T.);
#6152 = EDGE_CURVE('',#6143,#6153,#6155,.T.);
#6153 = VERTEX_POINT('',#6154);
#6154 = CARTESIAN_POINT('',(-3.,-1.875,0.));
#6155 = LINE('',#6156,#6157);
#6156 = CARTESIAN_POINT('',(-3.,-2.125,0.));
#6157 = VECTOR('',#6158,1.);
#6158 = DIRECTION('',(-0.,1.,0.));
#6159 = ORIENTED_EDGE('',*,*,#6160,.T.);
#6160 = EDGE_CURVE('',#6153,#6161,#6163,.T.);
#6161 = VERTEX_POINT('',#6162);
#6162 = CARTESIAN_POINT('',(-3.,-1.875,0.2));
#6163 = LINE('',#6164,#6165);
#6164 = CARTESIAN_POINT('',(-3.,-1.875,0.));
#6165 = VECTOR('',#6166,1.);
#6166 = DIRECTION('',(0.,0.,1.));
#6167 = ORIENTED_EDGE('',*,*,#6168,.F.);
#6168 = EDGE_CURVE('',#6145,#6161,#6169,.T.);
#6169 = LINE('',#6170,#6171);
#6170 = CARTESIAN_POINT('',(-3.,-2.125,0.2));
#6171 = VECTOR('',#6172,1.);
#6172 = DIRECTION('',(-0.,1.,0.));
#6173 = PLANE('',#6174);
#6174 = AXIS2_PLACEMENT_3D('',#6175,#6176,#6177);
#6175 = CARTESIAN_POINT('',(-3.,-2.125,0.));
#6176 = DIRECTION('',(1.,0.,-0.));
#6177 = DIRECTION('',(0.,0.,1.));
#6178 = ADVANCED_FACE('',(#6179),#6213,.T.);
#6179 = FACE_BOUND('',#6180,.T.);
#6180 = EDGE_LOOP('',(#6181,#6191,#6199,#6207));
#6181 = ORIENTED_EDGE('',*,*,#6182,.F.);
#6182 = EDGE_CURVE('',#6183,#6185,#6187,.T.);
#6183 = VERTEX_POINT('',#6184);
#6184 = CARTESIAN_POINT('',(-2.4,-2.125,0.));
#6185 = VERTEX_POINT('',#6186);
#6186 = CARTESIAN_POINT('',(-2.4,-2.125,0.2));
#6187 = LINE('',#6188,#6189);
#6188 = CARTESIAN_POINT('',(-2.4,-2.125,0.));
#6189 = VECTOR('',#6190,1.);
#6190 = DIRECTION('',(0.,0.,1.));
#6191 = ORIENTED_EDGE('',*,*,#6192,.T.);
#6192 = EDGE_CURVE('',#6183,#6193,#6195,.T.);
#6193 = VERTEX_POINT('',#6194);
#6194 = CARTESIAN_POINT('',(-2.4,-1.875,0.));
#6195 = LINE('',#6196,#6197);
#6196 = CARTESIAN_POINT('',(-2.4,-2.125,0.));
#6197 = VECTOR('',#6198,1.);
#6198 = DIRECTION('',(-0.,1.,0.));
#6199 = ORIENTED_EDGE('',*,*,#6200,.T.);
#6200 = EDGE_CURVE('',#6193,#6201,#6203,.T.);
#6201 = VERTEX_POINT('',#6202);
#6202 = CARTESIAN_POINT('',(-2.4,-1.875,0.2));
#6203 = LINE('',#6204,#6205);
#6204 = CARTESIAN_POINT('',(-2.4,-1.875,0.));
#6205 = VECTOR('',#6206,1.);
#6206 = DIRECTION('',(0.,0.,1.));
#6207 = ORIENTED_EDGE('',*,*,#6208,.F.);
#6208 = EDGE_CURVE('',#6185,#6201,#6209,.T.);
#6209 = LINE('',#6210,#6211);
#6210 = CARTESIAN_POINT('',(-2.4,-2.125,0.2));
#6211 = VECTOR('',#6212,1.);
#6212 = DIRECTION('',(-0.,1.,0.));
#6213 = PLANE('',#6214);
#6214 = AXIS2_PLACEMENT_3D('',#6215,#6216,#6217);
#6215 = CARTESIAN_POINT('',(-2.4,-2.125,0.));
#6216 = DIRECTION('',(1.,0.,-0.));
#6217 = DIRECTION('',(0.,0.,1.));
#6218 = ADVANCED_FACE('',(#6219),#6235,.F.);
#6219 = FACE_BOUND('',#6220,.F.);
#6220 = EDGE_LOOP('',(#6221,#6227,#6228,#6234));
#6221 = ORIENTED_EDGE('',*,*,#6222,.F.);
#6222 = EDGE_CURVE('',#6143,#6183,#6223,.T.);
#6223 = LINE('',#6224,#6225);
#6224 = CARTESIAN_POINT('',(-3.,-2.125,0.));
#6225 = VECTOR('',#6226,1.);
#6226 = DIRECTION('',(1.,0.,-0.));
#6227 = ORIENTED_EDGE('',*,*,#6142,.T.);
#6228 = ORIENTED_EDGE('',*,*,#6229,.T.);
#6229 = EDGE_CURVE('',#6145,#6185,#6230,.T.);
#6230 = LINE('',#6231,#6232);
#6231 = CARTESIAN_POINT('',(-3.,-2.125,0.2));
#6232 = VECTOR('',#6233,1.);
#6233 = DIRECTION('',(1.,0.,-0.));
#6234 = ORIENTED_EDGE('',*,*,#6182,.F.);
#6235 = PLANE('',#6236);
#6236 = AXIS2_PLACEMENT_3D('',#6237,#6238,#6239);
#6237 = CARTESIAN_POINT('',(-3.,-2.125,0.));
#6238 = DIRECTION('',(-0.,1.,0.));
#6239 = DIRECTION('',(0.,0.,1.));
#6240 = ADVANCED_FACE('',(#6241),#6257,.T.);
#6241 = FACE_BOUND('',#6242,.T.);
#6242 = EDGE_LOOP('',(#6243,#6249,#6250,#6256));
#6243 = ORIENTED_EDGE('',*,*,#6244,.F.);
#6244 = EDGE_CURVE('',#6153,#6193,#6245,.T.);
#6245 = LINE('',#6246,#6247);
#6246 = CARTESIAN_POINT('',(-3.,-1.875,0.));
#6247 = VECTOR('',#6248,1.);
#6248 = DIRECTION('',(1.,0.,-0.));
#6249 = ORIENTED_EDGE('',*,*,#6160,.T.);
#6250 = ORIENTED_EDGE('',*,*,#6251,.T.);
#6251 = EDGE_CURVE('',#6161,#6201,#6252,.T.);
#6252 = LINE('',#6253,#6254);
#6253 = CARTESIAN_POINT('',(-3.,-1.875,0.2));
#6254 = VECTOR('',#6255,1.);
#6255 = DIRECTION('',(1.,0.,-0.));
#6256 = ORIENTED_EDGE('',*,*,#6200,.F.);
#6257 = PLANE('',#6258);
#6258 = AXIS2_PLACEMENT_3D('',#6259,#6260,#6261);
#6259 = CARTESIAN_POINT('',(-3.,-1.875,0.));
#6260 = DIRECTION('',(-0.,1.,0.));
#6261 = DIRECTION('',(0.,0.,1.));
#6262 = ADVANCED_FACE('',(#6263),#6269,.F.);
#6263 = FACE_BOUND('',#6264,.F.);
#6264 = EDGE_LOOP('',(#6265,#6266,#6267,#6268));
#6265 = ORIENTED_EDGE('',*,*,#6152,.F.);
#6266 = ORIENTED_EDGE('',*,*,#6222,.T.);
#6267 = ORIENTED_EDGE('',*,*,#6192,.T.);
#6268 = ORIENTED_EDGE('',*,*,#6244,.F.);
#6269 = PLANE('',#6270);
#6270 = AXIS2_PLACEMENT_3D('',#6271,#6272,#6273);
#6271 = CARTESIAN_POINT('',(-3.,-2.125,0.));
#6272 = DIRECTION('',(0.,0.,1.));
#6273 = DIRECTION('',(1.,0.,-0.));
#6274 = ADVANCED_FACE('',(#6275),#6281,.T.);
#6275 = FACE_BOUND('',#6276,.T.);
#6276 = EDGE_LOOP('',(#6277,#6278,#6279,#6280));
#6277 = ORIENTED_EDGE('',*,*,#6168,.F.);
#6278 = ORIENTED_EDGE('',*,*,#6229,.T.);
#6279 = ORIENTED_EDGE('',*,*,#6208,.T.);
#6280 = ORIENTED_EDGE('',*,*,#6251,.F.);
#6281 = PLANE('',#6282);
#6282 = AXIS2_PLACEMENT_3D('',#6283,#6284,#6285);
#6283 = CARTESIAN_POINT('',(-3.,-2.125,0.2));
#6284 = DIRECTION('',(0.,0.,1.));
#6285 = DIRECTION('',(1.,0.,-0.));
#6286 = ( GEOMETRIC_REPRESENTATION_CONTEXT(3) 
GLOBAL_UNCERTAINTY_ASSIGNED_CONTEXT((#6290)) 
GLOBAL_UNIT_ASSIGNED_CONTEXT((#6287,#6288,#6289)) REPRESENTATION_CONTEXT
('Context #1','3D Context with UNIT and UNCERTAINTY') );
#6287 = ( LENGTH_UNIT() NAMED_UNIT(*) SI_UNIT(.MILLI.,.METRE.) );
#6288 = ( NAMED_UNIT(*) PLANE_ANGLE_UNIT() SI_UNIT($,.RADIAN.) );
#6289 = ( NAMED_UNIT(*) SI_UNIT($,.STERADIAN.) SOLID_ANGLE_UNIT() );
#6290 = UNCERTAINTY_MEASURE_WITH_UNIT(LENGTH_MEASURE(1.E-07),#6287,
  'distance_accuracy_value','confusion accuracy');
#6291 = CONTEXT_DEPENDENT_SHAPE_REPRESENTATION(#6292,#6294);
#6292 = ( REPRESENTATION_RELATIONSHIP('','',#6135,#10) 
REPRESENTATION_RELATIONSHIP_WITH_TRANSFORMATION(#6293) 
SHAPE_REPRESENTATION_RELATIONSHIP() );
#6293 = ITEM_DEFINED_TRANSFORMATION('','',#11,#155);
#6294 = PRODUCT_DEFINITION_SHAPE('Placement','Placement of an item',
  #6295);
#6295 = NEXT_ASSEMBLY_USAGE_OCCURRENCE('77','Terminal_9','',#5,#6130,$);
#6296 = PRODUCT_RELATED_PRODUCT_CATEGORY('part',$,(#6132));
#6297 = SHAPE_DEFINITION_REPRESENTATION(#6298,#6304);
#6298 = PRODUCT_DEFINITION_SHAPE('','',#6299);
#6299 = PRODUCT_DEFINITION('design','',#6300,#6303);
#6300 = PRODUCT_DEFINITION_FORMATION('','',#6301);
#6301 = PRODUCT('Terminal_18','Terminal_18','',(#6302));
#6302 = PRODUCT_CONTEXT('',#2,'mechanical');
#6303 = PRODUCT_DEFINITION_CONTEXT('part definition',#2,'design');
#6304 = ADVANCED_BREP_SHAPE_REPRESENTATION('',(#11,#6305),#6455);
#6305 = MANIFOLD_SOLID_BREP('',#6306);
#6306 = CLOSED_SHELL('',(#6307,#6347,#6387,#6409,#6431,#6443));
#6307 = ADVANCED_FACE('',(#6308),#6342,.F.);
#6308 = FACE_BOUND('',#6309,.F.);
#6309 = EDGE_LOOP('',(#6310,#6320,#6328,#6336));
#6310 = ORIENTED_EDGE('',*,*,#6311,.F.);
#6311 = EDGE_CURVE('',#6312,#6314,#6316,.T.);
#6312 = VERTEX_POINT('',#6313);
#6313 = CARTESIAN_POINT('',(1.875,-3.,0.));
#6314 = VERTEX_POINT('',#6315);
#6315 = CARTESIAN_POINT('',(1.875,-3.,0.2));
#6316 = LINE('',#6317,#6318);
#6317 = CARTESIAN_POINT('',(1.875,-3.,0.));
#6318 = VECTOR('',#6319,1.);
#6319 = DIRECTION('',(0.,0.,1.));
#6320 = ORIENTED_EDGE('',*,*,#6321,.T.);
#6321 = EDGE_CURVE('',#6312,#6322,#6324,.T.);
#6322 = VERTEX_POINT('',#6323);
#6323 = CARTESIAN_POINT('',(1.875,-2.4,0.));
#6324 = LINE('',#6325,#6326);
#6325 = CARTESIAN_POINT('',(1.875,-3.,0.));
#6326 = VECTOR('',#6327,1.);
#6327 = DIRECTION('',(-0.,1.,0.));
#6328 = ORIENTED_EDGE('',*,*,#6329,.T.);
#6329 = EDGE_CURVE('',#6322,#6330,#6332,.T.);
#6330 = VERTEX_POINT('',#6331);
#6331 = CARTESIAN_POINT('',(1.875,-2.4,0.2));
#6332 = LINE('',#6333,#6334);
#6333 = CARTESIAN_POINT('',(1.875,-2.4,0.));
#6334 = VECTOR('',#6335,1.);
#6335 = DIRECTION('',(0.,0.,1.));
#6336 = ORIENTED_EDGE('',*,*,#6337,.F.);
#6337 = EDGE_CURVE('',#6314,#6330,#6338,.T.);
#6338 = LINE('',#6339,#6340);
#6339 = CARTESIAN_POINT('',(1.875,-3.,0.2));
#6340 = VECTOR('',#6341,1.);
#6341 = DIRECTION('',(-0.,1.,0.));
#6342 = PLANE('',#6343);
#6343 = AXIS2_PLACEMENT_3D('',#6344,#6345,#6346);
#6344 = CARTESIAN_POINT('',(1.875,-3.,0.));
#6345 = DIRECTION('',(1.,0.,-0.));
#6346 = DIRECTION('',(0.,0.,1.));
#6347 = ADVANCED_FACE('',(#6348),#6382,.T.);
#6348 = FACE_BOUND('',#6349,.T.);
#6349 = EDGE_LOOP('',(#6350,#6360,#6368,#6376));
#6350 = ORIENTED_EDGE('',*,*,#6351,.F.);
#6351 = EDGE_CURVE('',#6352,#6354,#6356,.T.);
#6352 = VERTEX_POINT('',#6353);
#6353 = CARTESIAN_POINT('',(2.125,-3.,0.));
#6354 = VERTEX_POINT('',#6355);
#6355 = CARTESIAN_POINT('',(2.125,-3.,0.2));
#6356 = LINE('',#6357,#6358);
#6357 = CARTESIAN_POINT('',(2.125,-3.,0.));
#6358 = VECTOR('',#6359,1.);
#6359 = DIRECTION('',(0.,0.,1.));
#6360 = ORIENTED_EDGE('',*,*,#6361,.T.);
#6361 = EDGE_CURVE('',#6352,#6362,#6364,.T.);
#6362 = VERTEX_POINT('',#6363);
#6363 = CARTESIAN_POINT('',(2.125,-2.4,0.));
#6364 = LINE('',#6365,#6366);
#6365 = CARTESIAN_POINT('',(2.125,-3.,0.));
#6366 = VECTOR('',#6367,1.);
#6367 = DIRECTION('',(-0.,1.,0.));
#6368 = ORIENTED_EDGE('',*,*,#6369,.T.);
#6369 = EDGE_CURVE('',#6362,#6370,#6372,.T.);
#6370 = VERTEX_POINT('',#6371);
#6371 = CARTESIAN_POINT('',(2.125,-2.4,0.2));
#6372 = LINE('',#6373,#6374);
#6373 = CARTESIAN_POINT('',(2.125,-2.4,0.));
#6374 = VECTOR('',#6375,1.);
#6375 = DIRECTION('',(0.,0.,1.));
#6376 = ORIENTED_EDGE('',*,*,#6377,.F.);
#6377 = EDGE_CURVE('',#6354,#6370,#6378,.T.);
#6378 = LINE('',#6379,#6380);
#6379 = CARTESIAN_POINT('',(2.125,-3.,0.2));
#6380 = VECTOR('',#6381,1.);
#6381 = DIRECTION('',(-0.,1.,0.));
#6382 = PLANE('',#6383);
#6383 = AXIS2_PLACEMENT_3D('',#6384,#6385,#6386);
#6384 = CARTESIAN_POINT('',(2.125,-3.,0.));
#6385 = DIRECTION('',(1.,0.,-0.));
#6386 = DIRECTION('',(0.,0.,1.));
#6387 = ADVANCED_FACE('',(#6388),#6404,.F.);
#6388 = FACE_BOUND('',#6389,.F.);
#6389 = EDGE_LOOP('',(#6390,#6396,#6397,#6403));
#6390 = ORIENTED_EDGE('',*,*,#6391,.F.);
#6391 = EDGE_CURVE('',#6312,#6352,#6392,.T.);
#6392 = LINE('',#6393,#6394);
#6393 = CARTESIAN_POINT('',(1.875,-3.,0.));
#6394 = VECTOR('',#6395,1.);
#6395 = DIRECTION('',(1.,0.,-0.));
#6396 = ORIENTED_EDGE('',*,*,#6311,.T.);
#6397 = ORIENTED_EDGE('',*,*,#6398,.T.);
#6398 = EDGE_CURVE('',#6314,#6354,#6399,.T.);
#6399 = LINE('',#6400,#6401);
#6400 = CARTESIAN_POINT('',(1.875,-3.,0.2));
#6401 = VECTOR('',#6402,1.);
#6402 = DIRECTION('',(1.,0.,-0.));
#6403 = ORIENTED_EDGE('',*,*,#6351,.F.);
#6404 = PLANE('',#6405);
#6405 = AXIS2_PLACEMENT_3D('',#6406,#6407,#6408);
#6406 = CARTESIAN_POINT('',(1.875,-3.,0.));
#6407 = DIRECTION('',(-0.,1.,0.));
#6408 = DIRECTION('',(0.,0.,1.));
#6409 = ADVANCED_FACE('',(#6410),#6426,.T.);
#6410 = FACE_BOUND('',#6411,.T.);
#6411 = EDGE_LOOP('',(#6412,#6418,#6419,#6425));
#6412 = ORIENTED_EDGE('',*,*,#6413,.F.);
#6413 = EDGE_CURVE('',#6322,#6362,#6414,.T.);
#6414 = LINE('',#6415,#6416);
#6415 = CARTESIAN_POINT('',(1.875,-2.4,0.));
#6416 = VECTOR('',#6417,1.);
#6417 = DIRECTION('',(1.,0.,-0.));
#6418 = ORIENTED_EDGE('',*,*,#6329,.T.);
#6419 = ORIENTED_EDGE('',*,*,#6420,.T.);
#6420 = EDGE_CURVE('',#6330,#6370,#6421,.T.);
#6421 = LINE('',#6422,#6423);
#6422 = CARTESIAN_POINT('',(1.875,-2.4,0.2));
#6423 = VECTOR('',#6424,1.);
#6424 = DIRECTION('',(1.,0.,-0.));
#6425 = ORIENTED_EDGE('',*,*,#6369,.F.);
#6426 = PLANE('',#6427);
#6427 = AXIS2_PLACEMENT_3D('',#6428,#6429,#6430);
#6428 = CARTESIAN_POINT('',(1.875,-2.4,0.));
#6429 = DIRECTION('',(-0.,1.,0.));
#6430 = DIRECTION('',(0.,0.,1.));
#6431 = ADVANCED_FACE('',(#6432),#6438,.F.);
#6432 = FACE_BOUND('',#6433,.F.);
#6433 = EDGE_LOOP('',(#6434,#6435,#6436,#6437));
#6434 = ORIENTED_EDGE('',*,*,#6321,.F.);
#6435 = ORIENTED_EDGE('',*,*,#6391,.T.);
#6436 = ORIENTED_EDGE('',*,*,#6361,.T.);
#6437 = ORIENTED_EDGE('',*,*,#6413,.F.);
#6438 = PLANE('',#6439);
#6439 = AXIS2_PLACEMENT_3D('',#6440,#6441,#6442);
#6440 = CARTESIAN_POINT('',(1.875,-3.,0.));
#6441 = DIRECTION('',(0.,0.,1.));
#6442 = DIRECTION('',(1.,0.,-0.));
#6443 = ADVANCED_FACE('',(#6444),#6450,.T.);
#6444 = FACE_BOUND('',#6445,.T.);
#6445 = EDGE_LOOP('',(#6446,#6447,#6448,#6449));
#6446 = ORIENTED_EDGE('',*,*,#6337,.F.);
#6447 = ORIENTED_EDGE('',*,*,#6398,.T.);
#6448 = ORIENTED_EDGE('',*,*,#6377,.T.);
#6449 = ORIENTED_EDGE('',*,*,#6420,.F.);
#6450 = PLANE('',#6451);
#6451 = AXIS2_PLACEMENT_3D('',#6452,#6453,#6454);
#6452 = CARTESIAN_POINT('',(1.875,-3.,0.2));
#6453 = DIRECTION('',(0.,0.,1.));
#6454 = DIRECTION('',(1.,0.,-0.));
#6455 = ( GEOMETRIC_REPRESENTATION_CONTEXT(3) 
GLOBAL_UNCERTAINTY_ASSIGNED_CONTEXT((#6459)) 
GLOBAL_UNIT_ASSIGNED_CONTEXT((#6456,#6457,#6458)) REPRESENTATION_CONTEXT
('Context #1','3D Context with UNIT and UNCERTAINTY') );
#6456 = ( LENGTH_UNIT() NAMED_UNIT(*) SI_UNIT(.MILLI.,.METRE.) );
#6457 = ( NAMED_UNIT(*) PLANE_ANGLE_UNIT() SI_UNIT($,.RADIAN.) );
#6458 = ( NAMED_UNIT(*) SI_UNIT($,.STERADIAN.) SOLID_ANGLE_UNIT() );
#6459 = UNCERTAINTY_MEASURE_WITH_UNIT(LENGTH_MEASURE(1.E-07),#6456,
  'distance_accuracy_value','confusion accuracy');
#6460 = CONTEXT_DEPENDENT_SHAPE_REPRESENTATION(#6461,#6463);
#6461 = ( REPRESENTATION_RELATIONSHIP('','',#6304,#10) 
REPRESENTATION_RELATIONSHIP_WITH_TRANSFORMATION(#6462) 
SHAPE_REPRESENTATION_RELATIONSHIP() );
#6462 = ITEM_DEFINED_TRANSFORMATION('','',#11,#159);
#6463 = PRODUCT_DEFINITION_SHAPE('Placement','Placement of an item',
  #6464);
#6464 = NEXT_ASSEMBLY_USAGE_OCCURRENCE('78','Terminal_18','',#5,#6299,$
  );
#6465 = PRODUCT_RELATED_PRODUCT_CATEGORY('part',$,(#6301));
#6466 = SHAPE_DEFINITION_REPRESENTATION(#6467,#6473);
#6467 = PRODUCT_DEFINITION_SHAPE('','',#6468);
#6468 = PRODUCT_DEFINITION('design','',#6469,#6472);
#6469 = PRODUCT_DEFINITION_FORMATION('','',#6470);
#6470 = PRODUCT('Terminal_27','Terminal_27','',(#6471));
#6471 = PRODUCT_CONTEXT('',#2,'mechanical');
#6472 = PRODUCT_DEFINITION_CONTEXT('part definition',#2,'design');
#6473 = ADVANCED_BREP_SHAPE_REPRESENTATION('',(#11,#6474),#6624);
#6474 = MANIFOLD_SOLID_BREP('',#6475);
#6475 = CLOSED_SHELL('',(#6476,#6516,#6556,#6578,#6600,#6612));
#6476 = ADVANCED_FACE('',(#6477),#6511,.F.);
#6477 = FACE_BOUND('',#6478,.F.);
#6478 = EDGE_LOOP('',(#6479,#6489,#6497,#6505));
#6479 = ORIENTED_EDGE('',*,*,#6480,.F.);
#6480 = EDGE_CURVE('',#6481,#6483,#6485,.T.);
#6481 = VERTEX_POINT('',#6482);
#6482 = CARTESIAN_POINT('',(2.4,1.875,0.));
#6483 = VERTEX_POINT('',#6484);
#6484 = CARTESIAN_POINT('',(2.4,1.875,0.2));
#6485 = LINE('',#6486,#6487);
#6486 = CARTESIAN_POINT('',(2.4,1.875,0.));
#6487 = VECTOR('',#6488,1.);
#6488 = DIRECTION('',(0.,0.,1.));
#6489 = ORIENTED_EDGE('',*,*,#6490,.T.);
#6490 = EDGE_CURVE('',#6481,#6491,#6493,.T.);
#6491 = VERTEX_POINT('',#6492);
#6492 = CARTESIAN_POINT('',(2.4,2.125,0.));
#6493 = LINE('',#6494,#6495);
#6494 = CARTESIAN_POINT('',(2.4,1.875,0.));
#6495 = VECTOR('',#6496,1.);
#6496 = DIRECTION('',(-0.,1.,0.));
#6497 = ORIENTED_EDGE('',*,*,#6498,.T.);
#6498 = EDGE_CURVE('',#6491,#6499,#6501,.T.);
#6499 = VERTEX_POINT('',#6500);
#6500 = CARTESIAN_POINT('',(2.4,2.125,0.2));
#6501 = LINE('',#6502,#6503);
#6502 = CARTESIAN_POINT('',(2.4,2.125,0.));
#6503 = VECTOR('',#6504,1.);
#6504 = DIRECTION('',(0.,0.,1.));
#6505 = ORIENTED_EDGE('',*,*,#6506,.F.);
#6506 = EDGE_CURVE('',#6483,#6499,#6507,.T.);
#6507 = LINE('',#6508,#6509);
#6508 = CARTESIAN_POINT('',(2.4,1.875,0.2));
#6509 = VECTOR('',#6510,1.);
#6510 = DIRECTION('',(-0.,1.,0.));
#6511 = PLANE('',#6512);
#6512 = AXIS2_PLACEMENT_3D('',#6513,#6514,#6515);
#6513 = CARTESIAN_POINT('',(2.4,1.875,0.));
#6514 = DIRECTION('',(1.,0.,-0.));
#6515 = DIRECTION('',(0.,0.,1.));
#6516 = ADVANCED_FACE('',(#6517),#6551,.T.);
#6517 = FACE_BOUND('',#6518,.T.);
#6518 = EDGE_LOOP('',(#6519,#6529,#6537,#6545));
#6519 = ORIENTED_EDGE('',*,*,#6520,.F.);
#6520 = EDGE_CURVE('',#6521,#6523,#6525,.T.);
#6521 = VERTEX_POINT('',#6522);
#6522 = CARTESIAN_POINT('',(3.,1.875,0.));
#6523 = VERTEX_POINT('',#6524);
#6524 = CARTESIAN_POINT('',(3.,1.875,0.2));
#6525 = LINE('',#6526,#6527);
#6526 = CARTESIAN_POINT('',(3.,1.875,0.));
#6527 = VECTOR('',#6528,1.);
#6528 = DIRECTION('',(0.,0.,1.));
#6529 = ORIENTED_EDGE('',*,*,#6530,.T.);
#6530 = EDGE_CURVE('',#6521,#6531,#6533,.T.);
#6531 = VERTEX_POINT('',#6532);
#6532 = CARTESIAN_POINT('',(3.,2.125,0.));
#6533 = LINE('',#6534,#6535);
#6534 = CARTESIAN_POINT('',(3.,1.875,0.));
#6535 = VECTOR('',#6536,1.);
#6536 = DIRECTION('',(-0.,1.,0.));
#6537 = ORIENTED_EDGE('',*,*,#6538,.T.);
#6538 = EDGE_CURVE('',#6531,#6539,#6541,.T.);
#6539 = VERTEX_POINT('',#6540);
#6540 = CARTESIAN_POINT('',(3.,2.125,0.2));
#6541 = LINE('',#6542,#6543);
#6542 = CARTESIAN_POINT('',(3.,2.125,0.));
#6543 = VECTOR('',#6544,1.);
#6544 = DIRECTION('',(0.,0.,1.));
#6545 = ORIENTED_EDGE('',*,*,#6546,.F.);
#6546 = EDGE_CURVE('',#6523,#6539,#6547,.T.);
#6547 = LINE('',#6548,#6549);
#6548 = CARTESIAN_POINT('',(3.,1.875,0.2));
#6549 = VECTOR('',#6550,1.);
#6550 = DIRECTION('',(-0.,1.,0.));
#6551 = PLANE('',#6552);
#6552 = AXIS2_PLACEMENT_3D('',#6553,#6554,#6555);
#6553 = CARTESIAN_POINT('',(3.,1.875,0.));
#6554 = DIRECTION('',(1.,0.,-0.));
#6555 = DIRECTION('',(0.,0.,1.));
#6556 = ADVANCED_FACE('',(#6557),#6573,.F.);
#6557 = FACE_BOUND('',#6558,.F.);
#6558 = EDGE_LOOP('',(#6559,#6565,#6566,#6572));
#6559 = ORIENTED_EDGE('',*,*,#6560,.F.);
#6560 = EDGE_CURVE('',#6481,#6521,#6561,.T.);
#6561 = LINE('',#6562,#6563);
#6562 = CARTESIAN_POINT('',(2.4,1.875,0.));
#6563 = VECTOR('',#6564,1.);
#6564 = DIRECTION('',(1.,0.,-0.));
#6565 = ORIENTED_EDGE('',*,*,#6480,.T.);
#6566 = ORIENTED_EDGE('',*,*,#6567,.T.);
#6567 = EDGE_CURVE('',#6483,#6523,#6568,.T.);
#6568 = LINE('',#6569,#6570);
#6569 = CARTESIAN_POINT('',(2.4,1.875,0.2));
#6570 = VECTOR('',#6571,1.);
#6571 = DIRECTION('',(1.,0.,-0.));
#6572 = ORIENTED_EDGE('',*,*,#6520,.F.);
#6573 = PLANE('',#6574);
#6574 = AXIS2_PLACEMENT_3D('',#6575,#6576,#6577);
#6575 = CARTESIAN_POINT('',(2.4,1.875,0.));
#6576 = DIRECTION('',(-0.,1.,0.));
#6577 = DIRECTION('',(0.,0.,1.));
#6578 = ADVANCED_FACE('',(#6579),#6595,.T.);
#6579 = FACE_BOUND('',#6580,.T.);
#6580 = EDGE_LOOP('',(#6581,#6587,#6588,#6594));
#6581 = ORIENTED_EDGE('',*,*,#6582,.F.);
#6582 = EDGE_CURVE('',#6491,#6531,#6583,.T.);
#6583 = LINE('',#6584,#6585);
#6584 = CARTESIAN_POINT('',(2.4,2.125,0.));
#6585 = VECTOR('',#6586,1.);
#6586 = DIRECTION('',(1.,0.,-0.));
#6587 = ORIENTED_EDGE('',*,*,#6498,.T.);
#6588 = ORIENTED_EDGE('',*,*,#6589,.T.);
#6589 = EDGE_CURVE('',#6499,#6539,#6590,.T.);
#6590 = LINE('',#6591,#6592);
#6591 = CARTESIAN_POINT('',(2.4,2.125,0.2));
#6592 = VECTOR('',#6593,1.);
#6593 = DIRECTION('',(1.,0.,-0.));
#6594 = ORIENTED_EDGE('',*,*,#6538,.F.);
#6595 = PLANE('',#6596);
#6596 = AXIS2_PLACEMENT_3D('',#6597,#6598,#6599);
#6597 = CARTESIAN_POINT('',(2.4,2.125,0.));
#6598 = DIRECTION('',(-0.,1.,0.));
#6599 = DIRECTION('',(0.,0.,1.));
#6600 = ADVANCED_FACE('',(#6601),#6607,.F.);
#6601 = FACE_BOUND('',#6602,.F.);
#6602 = EDGE_LOOP('',(#6603,#6604,#6605,#6606));
#6603 = ORIENTED_EDGE('',*,*,#6490,.F.);
#6604 = ORIENTED_EDGE('',*,*,#6560,.T.);
#6605 = ORIENTED_EDGE('',*,*,#6530,.T.);
#6606 = ORIENTED_EDGE('',*,*,#6582,.F.);
#6607 = PLANE('',#6608);
#6608 = AXIS2_PLACEMENT_3D('',#6609,#6610,#6611);
#6609 = CARTESIAN_POINT('',(2.4,1.875,0.));
#6610 = DIRECTION('',(0.,0.,1.));
#6611 = DIRECTION('',(1.,0.,-0.));
#6612 = ADVANCED_FACE('',(#6613),#6619,.T.);
#6613 = FACE_BOUND('',#6614,.T.);
#6614 = EDGE_LOOP('',(#6615,#6616,#6617,#6618));
#6615 = ORIENTED_EDGE('',*,*,#6506,.F.);
#6616 = ORIENTED_EDGE('',*,*,#6567,.T.);
#6617 = ORIENTED_EDGE('',*,*,#6546,.T.);
#6618 = ORIENTED_EDGE('',*,*,#6589,.F.);
#6619 = PLANE('',#6620);
#6620 = AXIS2_PLACEMENT_3D('',#6621,#6622,#6623);
#6621 = CARTESIAN_POINT('',(2.4,1.875,0.2));
#6622 = DIRECTION('',(0.,0.,1.));
#6623 = DIRECTION('',(1.,0.,-0.));
#6624 = ( GEOMETRIC_REPRESENTATION_CONTEXT(3) 
GLOBAL_UNCERTAINTY_ASSIGNED_CONTEXT((#6628)) 
GLOBAL_UNIT_ASSIGNED_CONTEXT((#6625,#6626,#6627)) REPRESENTATION_CONTEXT
('Context #1','3D Context with UNIT and UNCERTAINTY') );
#6625 = ( LENGTH_UNIT() NAMED_UNIT(*) SI_UNIT(.MILLI.,.METRE.) );
#6626 = ( NAMED_UNIT(*) PLANE_ANGLE_UNIT() SI_UNIT($,.RADIAN.) );
#6627 = ( NAMED_UNIT(*) SI_UNIT($,.STERADIAN.) SOLID_ANGLE_UNIT() );
#6628 = UNCERTAINTY_MEASURE_WITH_UNIT(LENGTH_MEASURE(1.E-07),#6625,
  'distance_accuracy_value','confusion accuracy');
#6629 = CONTEXT_DEPENDENT_SHAPE_REPRESENTATION(#6630,#6632);
#6630 = ( REPRESENTATION_RELATIONSHIP('','',#6473,#10) 
REPRESENTATION_RELATIONSHIP_WITH_TRANSFORMATION(#6631) 
SHAPE_REPRESENTATION_RELATIONSHIP() );
#6631 = ITEM_DEFINED_TRANSFORMATION('','',#11,#163);
#6632 = PRODUCT_DEFINITION_SHAPE('Placement','Placement of an item',
  #6633);
#6633 = NEXT_ASSEMBLY_USAGE_OCCURRENCE('79','Terminal_27','',#5,#6468,$
  );
#6634 = PRODUCT_RELATED_PRODUCT_CATEGORY('part',$,(#6470));
#6635 = SHAPE_DEFINITION_REPRESENTATION(#6636,#6642);
#6636 = PRODUCT_DEFINITION_SHAPE('','',#6637);
#6637 = PRODUCT_DEFINITION('design','',#6638,#6641);
#6638 = PRODUCT_DEFINITION_FORMATION('','',#6639);
#6639 = PRODUCT('Terminal_36','Terminal_36','',(#6640));
#6640 = PRODUCT_CONTEXT('',#2,'mechanical');
#6641 = PRODUCT_DEFINITION_CONTEXT('part definition',#2,'design');
#6642 = ADVANCED_BREP_SHAPE_REPRESENTATION('',(#11,#6643),#6793);
#6643 = MANIFOLD_SOLID_BREP('',#6644);
#6644 = CLOSED_SHELL('',(#6645,#6685,#6725,#6747,#6769,#6781));
#6645 = ADVANCED_FACE('',(#6646),#6680,.F.);
#6646 = FACE_BOUND('',#6647,.F.);
#6647 = EDGE_LOOP('',(#6648,#6658,#6666,#6674));
#6648 = ORIENTED_EDGE('',*,*,#6649,.F.);
#6649 = EDGE_CURVE('',#6650,#6652,#6654,.T.);
#6650 = VERTEX_POINT('',#6651);
#6651 = CARTESIAN_POINT('',(-2.125,2.4,0.));
#6652 = VERTEX_POINT('',#6653);
#6653 = CARTESIAN_POINT('',(-2.125,2.4,0.2));
#6654 = LINE('',#6655,#6656);
#6655 = CARTESIAN_POINT('',(-2.125,2.4,0.));
#6656 = VECTOR('',#6657,1.);
#6657 = DIRECTION('',(0.,0.,1.));
#6658 = ORIENTED_EDGE('',*,*,#6659,.T.);
#6659 = EDGE_CURVE('',#6650,#6660,#6662,.T.);
#6660 = VERTEX_POINT('',#6661);
#6661 = CARTESIAN_POINT('',(-2.125,3.,0.));
#6662 = LINE('',#6663,#6664);
#6663 = CARTESIAN_POINT('',(-2.125,2.4,0.));
#6664 = VECTOR('',#6665,1.);
#6665 = DIRECTION('',(-0.,1.,0.));
#6666 = ORIENTED_EDGE('',*,*,#6667,.T.);
#6667 = EDGE_CURVE('',#6660,#6668,#6670,.T.);
#6668 = VERTEX_POINT('',#6669);
#6669 = CARTESIAN_POINT('',(-2.125,3.,0.2));
#6670 = LINE('',#6671,#6672);
#6671 = CARTESIAN_POINT('',(-2.125,3.,0.));
#6672 = VECTOR('',#6673,1.);
#6673 = DIRECTION('',(0.,0.,1.));
#6674 = ORIENTED_EDGE('',*,*,#6675,.F.);
#6675 = EDGE_CURVE('',#6652,#6668,#6676,.T.);
#6676 = LINE('',#6677,#6678);
#6677 = CARTESIAN_POINT('',(-2.125,2.4,0.2));
#6678 = VECTOR('',#6679,1.);
#6679 = DIRECTION('',(-0.,1.,0.));
#6680 = PLANE('',#6681);
#6681 = AXIS2_PLACEMENT_3D('',#6682,#6683,#6684);
#6682 = CARTESIAN_POINT('',(-2.125,2.4,0.));
#6683 = DIRECTION('',(1.,0.,-0.));
#6684 = DIRECTION('',(0.,0.,1.));
#6685 = ADVANCED_FACE('',(#6686),#6720,.T.);
#6686 = FACE_BOUND('',#6687,.T.);
#6687 = EDGE_LOOP('',(#6688,#6698,#6706,#6714));
#6688 = ORIENTED_EDGE('',*,*,#6689,.F.);
#6689 = EDGE_CURVE('',#6690,#6692,#6694,.T.);
#6690 = VERTEX_POINT('',#6691);
#6691 = CARTESIAN_POINT('',(-1.875,2.4,0.));
#6692 = VERTEX_POINT('',#6693);
#6693 = CARTESIAN_POINT('',(-1.875,2.4,0.2));
#6694 = LINE('',#6695,#6696);
#6695 = CARTESIAN_POINT('',(-1.875,2.4,0.));
#6696 = VECTOR('',#6697,1.);
#6697 = DIRECTION('',(0.,0.,1.));
#6698 = ORIENTED_EDGE('',*,*,#6699,.T.);
#6699 = EDGE_CURVE('',#6690,#6700,#6702,.T.);
#6700 = VERTEX_POINT('',#6701);
#6701 = CARTESIAN_POINT('',(-1.875,3.,0.));
#6702 = LINE('',#6703,#6704);
#6703 = CARTESIAN_POINT('',(-1.875,2.4,0.));
#6704 = VECTOR('',#6705,1.);
#6705 = DIRECTION('',(-0.,1.,0.));
#6706 = ORIENTED_EDGE('',*,*,#6707,.T.);
#6707 = EDGE_CURVE('',#6700,#6708,#6710,.T.);
#6708 = VERTEX_POINT('',#6709);
#6709 = CARTESIAN_POINT('',(-1.875,3.,0.2));
#6710 = LINE('',#6711,#6712);
#6711 = CARTESIAN_POINT('',(-1.875,3.,0.));
#6712 = VECTOR('',#6713,1.);
#6713 = DIRECTION('',(0.,0.,1.));
#6714 = ORIENTED_EDGE('',*,*,#6715,.F.);
#6715 = EDGE_CURVE('',#6692,#6708,#6716,.T.);
#6716 = LINE('',#6717,#6718);
#6717 = CARTESIAN_POINT('',(-1.875,2.4,0.2));
#6718 = VECTOR('',#6719,1.);
#6719 = DIRECTION('',(-0.,1.,0.));
#6720 = PLANE('',#6721);
#6721 = AXIS2_PLACEMENT_3D('',#6722,#6723,#6724);
#6722 = CARTESIAN_POINT('',(-1.875,2.4,0.));
#6723 = DIRECTION('',(1.,0.,-0.));
#6724 = DIRECTION('',(0.,0.,1.));
#6725 = ADVANCED_FACE('',(#6726),#6742,.F.);
#6726 = FACE_BOUND('',#6727,.F.);
#6727 = EDGE_LOOP('',(#6728,#6734,#6735,#6741));
#6728 = ORIENTED_EDGE('',*,*,#6729,.F.);
#6729 = EDGE_CURVE('',#6650,#6690,#6730,.T.);
#6730 = LINE('',#6731,#6732);
#6731 = CARTESIAN_POINT('',(-2.125,2.4,0.));
#6732 = VECTOR('',#6733,1.);
#6733 = DIRECTION('',(1.,0.,-0.));
#6734 = ORIENTED_EDGE('',*,*,#6649,.T.);
#6735 = ORIENTED_EDGE('',*,*,#6736,.T.);
#6736 = EDGE_CURVE('',#6652,#6692,#6737,.T.);
#6737 = LINE('',#6738,#6739);
#6738 = CARTESIAN_POINT('',(-2.125,2.4,0.2));
#6739 = VECTOR('',#6740,1.);
#6740 = DIRECTION('',(1.,0.,-0.));
#6741 = ORIENTED_EDGE('',*,*,#6689,.F.);
#6742 = PLANE('',#6743);
#6743 = AXIS2_PLACEMENT_3D('',#6744,#6745,#6746);
#6744 = CARTESIAN_POINT('',(-2.125,2.4,0.));
#6745 = DIRECTION('',(-0.,1.,0.));
#6746 = DIRECTION('',(0.,0.,1.));
#6747 = ADVANCED_FACE('',(#6748),#6764,.T.);
#6748 = FACE_BOUND('',#6749,.T.);
#6749 = EDGE_LOOP('',(#6750,#6756,#6757,#6763));
#6750 = ORIENTED_EDGE('',*,*,#6751,.F.);
#6751 = EDGE_CURVE('',#6660,#6700,#6752,.T.);
#6752 = LINE('',#6753,#6754);
#6753 = CARTESIAN_POINT('',(-2.125,3.,0.));
#6754 = VECTOR('',#6755,1.);
#6755 = DIRECTION('',(1.,0.,-0.));
#6756 = ORIENTED_EDGE('',*,*,#6667,.T.);
#6757 = ORIENTED_EDGE('',*,*,#6758,.T.);
#6758 = EDGE_CURVE('',#6668,#6708,#6759,.T.);
#6759 = LINE('',#6760,#6761);
#6760 = CARTESIAN_POINT('',(-2.125,3.,0.2));
#6761 = VECTOR('',#6762,1.);
#6762 = DIRECTION('',(1.,0.,-0.));
#6763 = ORIENTED_EDGE('',*,*,#6707,.F.);
#6764 = PLANE('',#6765);
#6765 = AXIS2_PLACEMENT_3D('',#6766,#6767,#6768);
#6766 = CARTESIAN_POINT('',(-2.125,3.,0.));
#6767 = DIRECTION('',(-0.,1.,0.));
#6768 = DIRECTION('',(0.,0.,1.));
#6769 = ADVANCED_FACE('',(#6770),#6776,.F.);
#6770 = FACE_BOUND('',#6771,.F.);
#6771 = EDGE_LOOP('',(#6772,#6773,#6774,#6775));
#6772 = ORIENTED_EDGE('',*,*,#6659,.F.);
#6773 = ORIENTED_EDGE('',*,*,#6729,.T.);
#6774 = ORIENTED_EDGE('',*,*,#6699,.T.);
#6775 = ORIENTED_EDGE('',*,*,#6751,.F.);
#6776 = PLANE('',#6777);
#6777 = AXIS2_PLACEMENT_3D('',#6778,#6779,#6780);
#6778 = CARTESIAN_POINT('',(-2.125,2.4,0.));
#6779 = DIRECTION('',(0.,0.,1.));
#6780 = DIRECTION('',(1.,0.,-0.));
#6781 = ADVANCED_FACE('',(#6782),#6788,.T.);
#6782 = FACE_BOUND('',#6783,.T.);
#6783 = EDGE_LOOP('',(#6784,#6785,#6786,#6787));
#6784 = ORIENTED_EDGE('',*,*,#6675,.F.);
#6785 = ORIENTED_EDGE('',*,*,#6736,.T.);
#6786 = ORIENTED_EDGE('',*,*,#6715,.T.);
#6787 = ORIENTED_EDGE('',*,*,#6758,.F.);
#6788 = PLANE('',#6789);
#6789 = AXIS2_PLACEMENT_3D('',#6790,#6791,#6792);
#6790 = CARTESIAN_POINT('',(-2.125,2.4,0.2));
#6791 = DIRECTION('',(0.,0.,1.));
#6792 = DIRECTION('',(1.,0.,-0.));
#6793 = ( GEOMETRIC_REPRESENTATION_CONTEXT(3) 
GLOBAL_UNCERTAINTY_ASSIGNED_CONTEXT((#6797)) 
GLOBAL_UNIT_ASSIGNED_CONTEXT((#6794,#6795,#6796)) REPRESENTATION_CONTEXT
('Context #1','3D Context with UNIT and UNCERTAINTY') );
#6794 = ( LENGTH_UNIT() NAMED_UNIT(*) SI_UNIT(.MILLI.,.METRE.) );
#6795 = ( NAMED_UNIT(*) PLANE_ANGLE_UNIT() SI_UNIT($,.RADIAN.) );
#6796 = ( NAMED_UNIT(*) SI_UNIT($,.STERADIAN.) SOLID_ANGLE_UNIT() );
#6797 = UNCERTAINTY_MEASURE_WITH_UNIT(LENGTH_MEASURE(1.E-07),#6794,
  'distance_accuracy_value','confusion accuracy');
#6798 = CONTEXT_DEPENDENT_SHAPE_REPRESENTATION(#6799,#6801);
#6799 = ( REPRESENTATION_RELATIONSHIP('','',#6642,#10) 
REPRESENTATION_RELATIONSHIP_WITH_TRANSFORMATION(#6800) 
SHAPE_REPRESENTATION_RELATIONSHIP() );
#6800 = ITEM_DEFINED_TRANSFORMATION('','',#11,#167);
#6801 = PRODUCT_DEFINITION_SHAPE('Placement','Placement of an item',
  #6802);
#6802 = NEXT_ASSEMBLY_USAGE_OCCURRENCE('80','Terminal_36','',#5,#6637,$
  );
#6803 = PRODUCT_RELATED_PRODUCT_CATEGORY('part',$,(#6639));
#6804 = MECHANICAL_DESIGN_GEOMETRIC_PRESENTATION_REPRESENTATION('',(
    #6805),#5779);
#6805 = STYLED_ITEM('color',(#6806),#5629);
#6806 = PRESENTATION_STYLE_ASSIGNMENT((#6807,#6813));
#6807 = SURFACE_STYLE_USAGE(.BOTH.,#6808);
#6808 = SURFACE_SIDE_STYLE('',(#6809));
#6809 = SURFACE_STYLE_FILL_AREA(#6810);
#6810 = FILL_AREA_STYLE('',(#6811));
#6811 = FILL_AREA_STYLE_COLOUR('',#6812);
#6812 = COLOUR_RGB('',0.759999975995,0.779999965419,0.800000010877);
#6813 = CURVE_STYLE('',#6814,POSITIVE_LENGTH_MEASURE(0.1),#6812);
#6814 = DRAUGHTING_PRE_DEFINED_CURVE_FONT('continuous');
#6815 = MECHANICAL_DESIGN_GEOMETRIC_PRESENTATION_REPRESENTATION('',(
    #6816),#3075);
#6816 = STYLED_ITEM('color',(#6817),#2925);
#6817 = PRESENTATION_STYLE_ASSIGNMENT((#6818,#6823));
#6818 = SURFACE_STYLE_USAGE(.BOTH.,#6819);
#6819 = SURFACE_SIDE_STYLE('',(#6820));
#6820 = SURFACE_STYLE_FILL_AREA(#6821);
#6821 = FILL_AREA_STYLE('',(#6822));
#6822 = FILL_AREA_STYLE_COLOUR('',#6812);
#6823 = CURVE_STYLE('',#6824,POSITIVE_LENGTH_MEASURE(0.1),#6812);
#6824 = DRAUGHTING_PRE_DEFINED_CURVE_FONT('continuous');
#6825 = MECHANICAL_DESIGN_GEOMETRIC_PRESENTATION_REPRESENTATION('',(
    #6826),#5272);
#6826 = STYLED_ITEM('color',(#6827),#5122);
#6827 = PRESENTATION_STYLE_ASSIGNMENT((#6828,#6833));
#6828 = SURFACE_STYLE_USAGE(.BOTH.,#6829);
#6829 = SURFACE_SIDE_STYLE('',(#6830));
#6830 = SURFACE_STYLE_FILL_AREA(#6831);
#6831 = FILL_AREA_STYLE('',(#6832));
#6832 = FILL_AREA_STYLE_COLOUR('',#6812);
#6833 = CURVE_STYLE('',#6834,POSITIVE_LENGTH_MEASURE(0.1),#6812);
#6834 = DRAUGHTING_PRE_DEFINED_CURVE_FONT('continuous');
#6835 = MECHANICAL_DESIGN_GEOMETRIC_PRESENTATION_REPRESENTATION('',(
    #6836),#2061);
#6836 = STYLED_ITEM('color',(#6837),#1911);
#6837 = PRESENTATION_STYLE_ASSIGNMENT((#6838,#6843));
#6838 = SURFACE_STYLE_USAGE(.BOTH.,#6839);
#6839 = SURFACE_SIDE_STYLE('',(#6840));
#6840 = SURFACE_STYLE_FILL_AREA(#6841);
#6841 = FILL_AREA_STYLE('',(#6842));
#6842 = FILL_AREA_STYLE_COLOUR('',#6812);
#6843 = CURVE_STYLE('',#6844,POSITIVE_LENGTH_MEASURE(0.1),#6812);
#6844 = DRAUGHTING_PRE_DEFINED_CURVE_FONT('continuous');
#6845 = MECHANICAL_DESIGN_GEOMETRIC_PRESENTATION_REPRESENTATION('',(
    #6846),#1385);
#6846 = STYLED_ITEM('color',(#6847),#1235);
#6847 = PRESENTATION_STYLE_ASSIGNMENT((#6848,#6853));
#6848 = SURFACE_STYLE_USAGE(.BOTH.,#6849);
#6849 = SURFACE_SIDE_STYLE('',(#6850));
#6850 = SURFACE_STYLE_FILL_AREA(#6851);
#6851 = FILL_AREA_STYLE('',(#6852));
#6852 = FILL_AREA_STYLE_COLOUR('',#6812);
#6853 = CURVE_STYLE('',#6854,POSITIVE_LENGTH_MEASURE(0.1),#6812);
#6854 = DRAUGHTING_PRE_DEFINED_CURVE_FONT('continuous');
#6855 = MECHANICAL_DESIGN_GEOMETRIC_PRESENTATION_REPRESENTATION('',(
    #6856),#4596);
#6856 = STYLED_ITEM('color',(#6857),#4446);
#6857 = PRESENTATION_STYLE_ASSIGNMENT((#6858,#6863));
#6858 = SURFACE_STYLE_USAGE(.BOTH.,#6859);
#6859 = SURFACE_SIDE_STYLE('',(#6860));
#6860 = SURFACE_STYLE_FILL_AREA(#6861);
#6861 = FILL_AREA_STYLE('',(#6862));
#6862 = FILL_AREA_STYLE_COLOUR('',#6812);
#6863 = CURVE_STYLE('',#6864,POSITIVE_LENGTH_MEASURE(0.1),#6812);
#6864 = DRAUGHTING_PRE_DEFINED_CURVE_FONT('continuous');
#6865 = MECHANICAL_DESIGN_GEOMETRIC_PRESENTATION_REPRESENTATION('',(
    #6866),#540);
#6866 = STYLED_ITEM('color',(#6867),#257);
#6867 = PRESENTATION_STYLE_ASSIGNMENT((#6868,#6874));
#6868 = SURFACE_STYLE_USAGE(.BOTH.,#6869);
#6869 = SURFACE_SIDE_STYLE('',(#6870));
#6870 = SURFACE_STYLE_FILL_AREA(#6871);
#6871 = FILL_AREA_STYLE('',(#6872));
#6872 = FILL_AREA_STYLE_COLOUR('',#6873);
#6873 = COLOUR_RGB('',0.104999995596,0.115000003281,0.125000001743);
#6874 = CURVE_STYLE('',#6875,POSITIVE_LENGTH_MEASURE(0.1),#6873);
#6875 = DRAUGHTING_PRE_DEFINED_CURVE_FONT('continuous');
#6876 = MECHANICAL_DESIGN_GEOMETRIC_PRESENTATION_REPRESENTATION('',(
    #6877),#4934);
#6877 = STYLED_ITEM('color',(#6878),#4784);
#6878 = PRESENTATION_STYLE_ASSIGNMENT((#6879,#6884));
#6879 = SURFACE_STYLE_USAGE(.BOTH.,#6880);
#6880 = SURFACE_SIDE_STYLE('',(#6881));
#6881 = SURFACE_STYLE_FILL_AREA(#6882);
#6882 = FILL_AREA_STYLE('',(#6883));
#6883 = FILL_AREA_STYLE_COLOUR('',#6812);
#6884 = CURVE_STYLE('',#6885,POSITIVE_LENGTH_MEASURE(0.1),#6812);
#6885 = DRAUGHTING_PRE_DEFINED_CURVE_FONT('continuous');
#6886 = MECHANICAL_DESIGN_GEOMETRIC_PRESENTATION_REPRESENTATION('',(
    #6887),#1047);
#6887 = STYLED_ITEM('color',(#6888),#897);
#6888 = PRESENTATION_STYLE_ASSIGNMENT((#6889,#6894));
#6889 = SURFACE_STYLE_USAGE(.BOTH.,#6890);
#6890 = SURFACE_SIDE_STYLE('',(#6891));
#6891 = SURFACE_STYLE_FILL_AREA(#6892);
#6892 = FILL_AREA_STYLE('',(#6893));
#6893 = FILL_AREA_STYLE_COLOUR('',#6812);
#6894 = CURVE_STYLE('',#6895,POSITIVE_LENGTH_MEASURE(0.1),#6812);
#6895 = DRAUGHTING_PRE_DEFINED_CURVE_FONT('continuous');
#6896 = MECHANICAL_DESIGN_GEOMETRIC_PRESENTATION_REPRESENTATION('',(
    #6897),#3244);
#6897 = STYLED_ITEM('color',(#6898),#3094);
#6898 = PRESENTATION_STYLE_ASSIGNMENT((#6899,#6904));
#6899 = SURFACE_STYLE_USAGE(.BOTH.,#6900);
#6900 = SURFACE_SIDE_STYLE('',(#6901));
#6901 = SURFACE_STYLE_FILL_AREA(#6902);
#6902 = FILL_AREA_STYLE('',(#6903));
#6903 = FILL_AREA_STYLE_COLOUR('',#6812);
#6904 = CURVE_STYLE('',#6905,POSITIVE_LENGTH_MEASURE(0.1),#6812);
#6905 = DRAUGHTING_PRE_DEFINED_CURVE_FONT('continuous');
#6906 = MECHANICAL_DESIGN_GEOMETRIC_PRESENTATION_REPRESENTATION('',(
    #6907),#6286);
#6907 = STYLED_ITEM('color',(#6908),#6136);
#6908 = PRESENTATION_STYLE_ASSIGNMENT((#6909,#6914));
#6909 = SURFACE_STYLE_USAGE(.BOTH.,#6910);
#6910 = SURFACE_SIDE_STYLE('',(#6911));
#6911 = SURFACE_STYLE_FILL_AREA(#6912);
#6912 = FILL_AREA_STYLE('',(#6913));
#6913 = FILL_AREA_STYLE_COLOUR('',#6812);
#6914 = CURVE_STYLE('',#6915,POSITIVE_LENGTH_MEASURE(0.1),#6812);
#6915 = DRAUGHTING_PRE_DEFINED_CURVE_FONT('continuous');
#6916 = MECHANICAL_DESIGN_GEOMETRIC_PRESENTATION_REPRESENTATION('',(
    #6917),#709);
#6917 = STYLED_ITEM('color',(#6918),#559);
#6918 = PRESENTATION_STYLE_ASSIGNMENT((#6919,#6924));
#6919 = SURFACE_STYLE_USAGE(.BOTH.,#6920);
#6920 = SURFACE_SIDE_STYLE('',(#6921));
#6921 = SURFACE_STYLE_FILL_AREA(#6922);
#6922 = FILL_AREA_STYLE('',(#6923));
#6923 = FILL_AREA_STYLE_COLOUR('',#6812);
#6924 = CURVE_STYLE('',#6925,POSITIVE_LENGTH_MEASURE(0.1),#6812);
#6925 = DRAUGHTING_PRE_DEFINED_CURVE_FONT('continuous');
#6926 = MECHANICAL_DESIGN_GEOMETRIC_PRESENTATION_REPRESENTATION('',(
    #6927),#4258);
#6927 = STYLED_ITEM('color',(#6928),#4108);
#6928 = PRESENTATION_STYLE_ASSIGNMENT((#6929,#6934));
#6929 = SURFACE_STYLE_USAGE(.BOTH.,#6930);
#6930 = SURFACE_SIDE_STYLE('',(#6931));
#6931 = SURFACE_STYLE_FILL_AREA(#6932);
#6932 = FILL_AREA_STYLE('',(#6933));
#6933 = FILL_AREA_STYLE_COLOUR('',#6812);
#6934 = CURVE_STYLE('',#6935,POSITIVE_LENGTH_MEASURE(0.1),#6812);
#6935 = DRAUGHTING_PRE_DEFINED_CURVE_FONT('continuous');
#6936 = MECHANICAL_DESIGN_GEOMETRIC_PRESENTATION_REPRESENTATION('',(
    #6937),#1216);
#6937 = STYLED_ITEM('color',(#6938),#1066);
#6938 = PRESENTATION_STYLE_ASSIGNMENT((#6939,#6944));
#6939 = SURFACE_STYLE_USAGE(.BOTH.,#6940);
#6940 = SURFACE_SIDE_STYLE('',(#6941));
#6941 = SURFACE_STYLE_FILL_AREA(#6942);
#6942 = FILL_AREA_STYLE('',(#6943));
#6943 = FILL_AREA_STYLE_COLOUR('',#6812);
#6944 = CURVE_STYLE('',#6945,POSITIVE_LENGTH_MEASURE(0.1),#6812);
#6945 = DRAUGHTING_PRE_DEFINED_CURVE_FONT('continuous');
#6946 = MECHANICAL_DESIGN_GEOMETRIC_PRESENTATION_REPRESENTATION('',(
    #6947),#5610);
#6947 = STYLED_ITEM('color',(#6948),#5460);
#6948 = PRESENTATION_STYLE_ASSIGNMENT((#6949,#6954));
#6949 = SURFACE_STYLE_USAGE(.BOTH.,#6950);
#6950 = SURFACE_SIDE_STYLE('',(#6951));
#6951 = SURFACE_STYLE_FILL_AREA(#6952);
#6952 = FILL_AREA_STYLE('',(#6953));
#6953 = FILL_AREA_STYLE_COLOUR('',#6812);
#6954 = CURVE_STYLE('',#6955,POSITIVE_LENGTH_MEASURE(0.1),#6812);
#6955 = DRAUGHTING_PRE_DEFINED_CURVE_FONT('continuous');
#6956 = MECHANICAL_DESIGN_GEOMETRIC_PRESENTATION_REPRESENTATION('',(
    #6957),#4089);
#6957 = STYLED_ITEM('color',(#6958),#3939);
#6958 = PRESENTATION_STYLE_ASSIGNMENT((#6959,#6964));
#6959 = SURFACE_STYLE_USAGE(.BOTH.,#6960);
#6960 = SURFACE_SIDE_STYLE('',(#6961));
#6961 = SURFACE_STYLE_FILL_AREA(#6962);
#6962 = FILL_AREA_STYLE('',(#6963));
#6963 = FILL_AREA_STYLE_COLOUR('',#6812);
#6964 = CURVE_STYLE('',#6965,POSITIVE_LENGTH_MEASURE(0.1),#6812);
#6965 = DRAUGHTING_PRE_DEFINED_CURVE_FONT('continuous');
#6966 = MECHANICAL_DESIGN_GEOMETRIC_PRESENTATION_REPRESENTATION('',(
    #6967),#5441);
#6967 = STYLED_ITEM('color',(#6968),#5291);
#6968 = PRESENTATION_STYLE_ASSIGNMENT((#6969,#6974));
#6969 = SURFACE_STYLE_USAGE(.BOTH.,#6970);
#6970 = SURFACE_SIDE_STYLE('',(#6971));
#6971 = SURFACE_STYLE_FILL_AREA(#6972);
#6972 = FILL_AREA_STYLE('',(#6973));
#6973 = FILL_AREA_STYLE_COLOUR('',#6812);
#6974 = CURVE_STYLE('',#6975,POSITIVE_LENGTH_MEASURE(0.1),#6812);
#6975 = DRAUGHTING_PRE_DEFINED_CURVE_FONT('continuous');
#6976 = MECHANICAL_DESIGN_GEOMETRIC_PRESENTATION_REPRESENTATION('',(
    #6977),#4765);
#6977 = STYLED_ITEM('color',(#6978),#4615);
#6978 = PRESENTATION_STYLE_ASSIGNMENT((#6979,#6984));
#6979 = SURFACE_STYLE_USAGE(.BOTH.,#6980);
#6980 = SURFACE_SIDE_STYLE('',(#6981));
#6981 = SURFACE_STYLE_FILL_AREA(#6982);
#6982 = FILL_AREA_STYLE('',(#6983));
#6983 = FILL_AREA_STYLE_COLOUR('',#6812);
#6984 = CURVE_STYLE('',#6985,POSITIVE_LENGTH_MEASURE(0.1),#6812);
#6985 = DRAUGHTING_PRE_DEFINED_CURVE_FONT('continuous');
#6986 = MECHANICAL_DESIGN_GEOMETRIC_PRESENTATION_REPRESENTATION('',(
    #6987),#238);
#6987 = STYLED_ITEM('color',(#6988),#185);
#6988 = PRESENTATION_STYLE_ASSIGNMENT((#6989,#6995));
#6989 = SURFACE_STYLE_USAGE(.BOTH.,#6990);
#6990 = SURFACE_SIDE_STYLE('',(#6991));
#6991 = SURFACE_STYLE_FILL_AREA(#6992);
#6992 = FILL_AREA_STYLE('',(#6993));
#6993 = FILL_AREA_STYLE_COLOUR('',#6994);
#6994 = COLOUR_RGB('',0.479999987737,0.490000003723,0.460000000054);
#6995 = CURVE_STYLE('',#6996,POSITIVE_LENGTH_MEASURE(0.1),#6994);
#6996 = DRAUGHTING_PRE_DEFINED_CURVE_FONT('continuous');
#6997 = MECHANICAL_DESIGN_GEOMETRIC_PRESENTATION_REPRESENTATION('',(
    #6998),#1723);
#6998 = STYLED_ITEM('color',(#6999),#1573);
#6999 = PRESENTATION_STYLE_ASSIGNMENT((#7000,#7005));
#7000 = SURFACE_STYLE_USAGE(.BOTH.,#7001);
#7001 = SURFACE_SIDE_STYLE('',(#7002));
#7002 = SURFACE_STYLE_FILL_AREA(#7003);
#7003 = FILL_AREA_STYLE('',(#7004));
#7004 = FILL_AREA_STYLE_COLOUR('',#6812);
#7005 = CURVE_STYLE('',#7006,POSITIVE_LENGTH_MEASURE(0.1),#6812);
#7006 = DRAUGHTING_PRE_DEFINED_CURVE_FONT('continuous');
#7007 = MECHANICAL_DESIGN_GEOMETRIC_PRESENTATION_REPRESENTATION('',(
    #7008),#1892);
#7008 = STYLED_ITEM('color',(#7009),#1742);
#7009 = PRESENTATION_STYLE_ASSIGNMENT((#7010,#7015));
#7010 = SURFACE_STYLE_USAGE(.BOTH.,#7011);
#7011 = SURFACE_SIDE_STYLE('',(#7012));
#7012 = SURFACE_STYLE_FILL_AREA(#7013);
#7013 = FILL_AREA_STYLE('',(#7014));
#7014 = FILL_AREA_STYLE_COLOUR('',#6812);
#7015 = CURVE_STYLE('',#7016,POSITIVE_LENGTH_MEASURE(0.1),#6812);
#7016 = DRAUGHTING_PRE_DEFINED_CURVE_FONT('continuous');
#7017 = MECHANICAL_DESIGN_GEOMETRIC_PRESENTATION_REPRESENTATION('',(
    #7018),#2568);
#7018 = STYLED_ITEM('color',(#7019),#2418);
#7019 = PRESENTATION_STYLE_ASSIGNMENT((#7020,#7025));
#7020 = SURFACE_STYLE_USAGE(.BOTH.,#7021);
#7021 = SURFACE_SIDE_STYLE('',(#7022));
#7022 = SURFACE_STYLE_FILL_AREA(#7023);
#7023 = FILL_AREA_STYLE('',(#7024));
#7024 = FILL_AREA_STYLE_COLOUR('',#6812);
#7025 = CURVE_STYLE('',#7026,POSITIVE_LENGTH_MEASURE(0.1),#6812);
#7026 = DRAUGHTING_PRE_DEFINED_CURVE_FONT('continuous');
#7027 = MECHANICAL_DESIGN_GEOMETRIC_PRESENTATION_REPRESENTATION('',(
    #7028),#3751);
#7028 = STYLED_ITEM('color',(#7029),#3601);
#7029 = PRESENTATION_STYLE_ASSIGNMENT((#7030,#7035));
#7030 = SURFACE_STYLE_USAGE(.BOTH.,#7031);
#7031 = SURFACE_SIDE_STYLE('',(#7032));
#7032 = SURFACE_STYLE_FILL_AREA(#7033);
#7033 = FILL_AREA_STYLE('',(#7034));
#7034 = FILL_AREA_STYLE_COLOUR('',#6812);
#7035 = CURVE_STYLE('',#7036,POSITIVE_LENGTH_MEASURE(0.1),#6812);
#7036 = DRAUGHTING_PRE_DEFINED_CURVE_FONT('continuous');
#7037 = MECHANICAL_DESIGN_GEOMETRIC_PRESENTATION_REPRESENTATION('',(
    #7038),#2230);
#7038 = STYLED_ITEM('color',(#7039),#2080);
#7039 = PRESENTATION_STYLE_ASSIGNMENT((#7040,#7045));
#7040 = SURFACE_STYLE_USAGE(.BOTH.,#7041);
#7041 = SURFACE_SIDE_STYLE('',(#7042));
#7042 = SURFACE_STYLE_FILL_AREA(#7043);
#7043 = FILL_AREA_STYLE('',(#7044));
#7044 = FILL_AREA_STYLE_COLOUR('',#6812);
#7045 = CURVE_STYLE('',#7046,POSITIVE_LENGTH_MEASURE(0.1),#6812);
#7046 = DRAUGHTING_PRE_DEFINED_CURVE_FONT('continuous');
#7047 = MECHANICAL_DESIGN_GEOMETRIC_PRESENTATION_REPRESENTATION('',(
    #7048),#2737);
#7048 = STYLED_ITEM('color',(#7049),#2587);
#7049 = PRESENTATION_STYLE_ASSIGNMENT((#7050,#7055));
#7050 = SURFACE_STYLE_USAGE(.BOTH.,#7051);
#7051 = SURFACE_SIDE_STYLE('',(#7052));
#7052 = SURFACE_STYLE_FILL_AREA(#7053);
#7053 = FILL_AREA_STYLE('',(#7054));
#7054 = FILL_AREA_STYLE_COLOUR('',#6812);
#7055 = CURVE_STYLE('',#7056,POSITIVE_LENGTH_MEASURE(0.1),#6812);
#7056 = DRAUGHTING_PRE_DEFINED_CURVE_FONT('continuous');
#7057 = MECHANICAL_DESIGN_GEOMETRIC_PRESENTATION_REPRESENTATION('',(
    #7058),#3413);
#7058 = STYLED_ITEM('color',(#7059),#3263);
#7059 = PRESENTATION_STYLE_ASSIGNMENT((#7060,#7065));
#7060 = SURFACE_STYLE_USAGE(.BOTH.,#7061);
#7061 = SURFACE_SIDE_STYLE('',(#7062));
#7062 = SURFACE_STYLE_FILL_AREA(#7063);
#7063 = FILL_AREA_STYLE('',(#7064));
#7064 = FILL_AREA_STYLE_COLOUR('',#6812);
#7065 = CURVE_STYLE('',#7066,POSITIVE_LENGTH_MEASURE(0.1),#6812);
#7066 = DRAUGHTING_PRE_DEFINED_CURVE_FONT('continuous');
#7067 = MECHANICAL_DESIGN_GEOMETRIC_PRESENTATION_REPRESENTATION('',(
    #7068),#6793);
#7068 = STYLED_ITEM('color',(#7069),#6643);
#7069 = PRESENTATION_STYLE_ASSIGNMENT((#7070,#7075));
#7070 = SURFACE_STYLE_USAGE(.BOTH.,#7071);
#7071 = SURFACE_SIDE_STYLE('',(#7072));
#7072 = SURFACE_STYLE_FILL_AREA(#7073);
#7073 = FILL_AREA_STYLE('',(#7074));
#7074 = FILL_AREA_STYLE_COLOUR('',#6812);
#7075 = CURVE_STYLE('',#7076,POSITIVE_LENGTH_MEASURE(0.1),#6812);
#7076 = DRAUGHTING_PRE_DEFINED_CURVE_FONT('continuous');
#7077 = MECHANICAL_DESIGN_GEOMETRIC_PRESENTATION_REPRESENTATION('',(
    #7078),#878);
#7078 = STYLED_ITEM('color',(#7079),#728);
#7079 = PRESENTATION_STYLE_ASSIGNMENT((#7080,#7085));
#7080 = SURFACE_STYLE_USAGE(.BOTH.,#7081);
#7081 = SURFACE_SIDE_STYLE('',(#7082));
#7082 = SURFACE_STYLE_FILL_AREA(#7083);
#7083 = FILL_AREA_STYLE('',(#7084));
#7084 = FILL_AREA_STYLE_COLOUR('',#6812);
#7085 = CURVE_STYLE('',#7086,POSITIVE_LENGTH_MEASURE(0.1),#6812);
#7086 = DRAUGHTING_PRE_DEFINED_CURVE_FONT('continuous');
#7087 = MECHANICAL_DESIGN_GEOMETRIC_PRESENTATION_REPRESENTATION('',(
    #7088),#2399);
#7088 = STYLED_ITEM('color',(#7089),#2249);
#7089 = PRESENTATION_STYLE_ASSIGNMENT((#7090,#7095));
#7090 = SURFACE_STYLE_USAGE(.BOTH.,#7091);
#7091 = SURFACE_SIDE_STYLE('',(#7092));
#7092 = SURFACE_STYLE_FILL_AREA(#7093);
#7093 = FILL_AREA_STYLE('',(#7094));
#7094 = FILL_AREA_STYLE_COLOUR('',#6812);
#7095 = CURVE_STYLE('',#7096,POSITIVE_LENGTH_MEASURE(0.1),#6812);
#7096 = DRAUGHTING_PRE_DEFINED_CURVE_FONT('continuous');
#7097 = MECHANICAL_DESIGN_GEOMETRIC_PRESENTATION_REPRESENTATION('',(
    #7098),#5103);
#7098 = STYLED_ITEM('color',(#7099),#4953);
#7099 = PRESENTATION_STYLE_ASSIGNMENT((#7100,#7105));
#7100 = SURFACE_STYLE_USAGE(.BOTH.,#7101);
#7101 = SURFACE_SIDE_STYLE('',(#7102));
#7102 = SURFACE_STYLE_FILL_AREA(#7103);
#7103 = FILL_AREA_STYLE('',(#7104));
#7104 = FILL_AREA_STYLE_COLOUR('',#6812);
#7105 = CURVE_STYLE('',#7106,POSITIVE_LENGTH_MEASURE(0.1),#6812);
#7106 = DRAUGHTING_PRE_DEFINED_CURVE_FONT('continuous');
#7107 = MECHANICAL_DESIGN_GEOMETRIC_PRESENTATION_REPRESENTATION('',(
    #7108),#6624);
#7108 = STYLED_ITEM('color',(#7109),#6474);
#7109 = PRESENTATION_STYLE_ASSIGNMENT((#7110,#7115));
#7110 = SURFACE_STYLE_USAGE(.BOTH.,#7111);
#7111 = SURFACE_SIDE_STYLE('',(#7112));
#7112 = SURFACE_STYLE_FILL_AREA(#7113);
#7113 = FILL_AREA_STYLE('',(#7114));
#7114 = FILL_AREA_STYLE_COLOUR('',#6812);
#7115 = CURVE_STYLE('',#7116,POSITIVE_LENGTH_MEASURE(0.1),#6812);
#7116 = DRAUGHTING_PRE_DEFINED_CURVE_FONT('continuous');
#7117 = MECHANICAL_DESIGN_GEOMETRIC_PRESENTATION_REPRESENTATION('',(
    #7118),#5948);
#7118 = STYLED_ITEM('color',(#7119),#5798);
#7119 = PRESENTATION_STYLE_ASSIGNMENT((#7120,#7125));
#7120 = SURFACE_STYLE_USAGE(.BOTH.,#7121);
#7121 = SURFACE_SIDE_STYLE('',(#7122));
#7122 = SURFACE_STYLE_FILL_AREA(#7123);
#7123 = FILL_AREA_STYLE('',(#7124));
#7124 = FILL_AREA_STYLE_COLOUR('',#6812);
#7125 = CURVE_STYLE('',#7126,POSITIVE_LENGTH_MEASURE(0.1),#6812);
#7126 = DRAUGHTING_PRE_DEFINED_CURVE_FONT('continuous');
#7127 = MECHANICAL_DESIGN_GEOMETRIC_PRESENTATION_REPRESENTATION('',(
    #7128),#3920);
#7128 = STYLED_ITEM('color',(#7129),#3770);
#7129 = PRESENTATION_STYLE_ASSIGNMENT((#7130,#7135));
#7130 = SURFACE_STYLE_USAGE(.BOTH.,#7131);
#7131 = SURFACE_SIDE_STYLE('',(#7132));
#7132 = SURFACE_STYLE_FILL_AREA(#7133);
#7133 = FILL_AREA_STYLE('',(#7134));
#7134 = FILL_AREA_STYLE_COLOUR('',#6812);
#7135 = CURVE_STYLE('',#7136,POSITIVE_LENGTH_MEASURE(0.1),#6812);
#7136 = DRAUGHTING_PRE_DEFINED_CURVE_FONT('continuous');
#7137 = MECHANICAL_DESIGN_GEOMETRIC_PRESENTATION_REPRESENTATION('',(
    #7138),#3582);
#7138 = STYLED_ITEM('color',(#7139),#3432);
#7139 = PRESENTATION_STYLE_ASSIGNMENT((#7140,#7145));
#7140 = SURFACE_STYLE_USAGE(.BOTH.,#7141);
#7141 = SURFACE_SIDE_STYLE('',(#7142));
#7142 = SURFACE_STYLE_FILL_AREA(#7143);
#7143 = FILL_AREA_STYLE('',(#7144));
#7144 = FILL_AREA_STYLE_COLOUR('',#6812);
#7145 = CURVE_STYLE('',#7146,POSITIVE_LENGTH_MEASURE(0.1),#6812);
#7146 = DRAUGHTING_PRE_DEFINED_CURVE_FONT('continuous');
#7147 = MECHANICAL_DESIGN_GEOMETRIC_PRESENTATION_REPRESENTATION('',(
    #7148),#6117);
#7148 = STYLED_ITEM('color',(#7149),#5967);
#7149 = PRESENTATION_STYLE_ASSIGNMENT((#7150,#7155));
#7150 = SURFACE_STYLE_USAGE(.BOTH.,#7151);
#7151 = SURFACE_SIDE_STYLE('',(#7152));
#7152 = SURFACE_STYLE_FILL_AREA(#7153);
#7153 = FILL_AREA_STYLE('',(#7154));
#7154 = FILL_AREA_STYLE_COLOUR('',#6812);
#7155 = CURVE_STYLE('',#7156,POSITIVE_LENGTH_MEASURE(0.1),#6812);
#7156 = DRAUGHTING_PRE_DEFINED_CURVE_FONT('continuous');
#7157 = MECHANICAL_DESIGN_GEOMETRIC_PRESENTATION_REPRESENTATION('',(
    #7158),#4427);
#7158 = STYLED_ITEM('color',(#7159),#4277);
#7159 = PRESENTATION_STYLE_ASSIGNMENT((#7160,#7165));
#7160 = SURFACE_STYLE_USAGE(.BOTH.,#7161);
#7161 = SURFACE_SIDE_STYLE('',(#7162));
#7162 = SURFACE_STYLE_FILL_AREA(#7163);
#7163 = FILL_AREA_STYLE('',(#7164));
#7164 = FILL_AREA_STYLE_COLOUR('',#6812);
#7165 = CURVE_STYLE('',#7166,POSITIVE_LENGTH_MEASURE(0.1),#6812);
#7166 = DRAUGHTING_PRE_DEFINED_CURVE_FONT('continuous');
#7167 = MECHANICAL_DESIGN_GEOMETRIC_PRESENTATION_REPRESENTATION('',(
    #7168),#6455);
#7168 = STYLED_ITEM('color',(#7169),#6305);
#7169 = PRESENTATION_STYLE_ASSIGNMENT((#7170,#7175));
#7170 = SURFACE_STYLE_USAGE(.BOTH.,#7171);
#7171 = SURFACE_SIDE_STYLE('',(#7172));
#7172 = SURFACE_STYLE_FILL_AREA(#7173);
#7173 = FILL_AREA_STYLE('',(#7174));
#7174 = FILL_AREA_STYLE_COLOUR('',#6812);
#7175 = CURVE_STYLE('',#7176,POSITIVE_LENGTH_MEASURE(0.1),#6812);
#7176 = DRAUGHTING_PRE_DEFINED_CURVE_FONT('continuous');
#7177 = MECHANICAL_DESIGN_GEOMETRIC_PRESENTATION_REPRESENTATION('',(
    #7178),#1554);
#7178 = STYLED_ITEM('color',(#7179),#1404);
#7179 = PRESENTATION_STYLE_ASSIGNMENT((#7180,#7185));
#7180 = SURFACE_STYLE_USAGE(.BOTH.,#7181);
#7181 = SURFACE_SIDE_STYLE('',(#7182));
#7182 = SURFACE_STYLE_FILL_AREA(#7183);
#7183 = FILL_AREA_STYLE('',(#7184));
#7184 = FILL_AREA_STYLE_COLOUR('',#6812);
#7185 = CURVE_STYLE('',#7186,POSITIVE_LENGTH_MEASURE(0.1),#6812);
#7186 = DRAUGHTING_PRE_DEFINED_CURVE_FONT('continuous');
#7187 = MECHANICAL_DESIGN_GEOMETRIC_PRESENTATION_REPRESENTATION('',(
    #7188),#2906);
#7188 = STYLED_ITEM('color',(#7189),#2756);
#7189 = PRESENTATION_STYLE_ASSIGNMENT((#7190,#7195));
#7190 = SURFACE_STYLE_USAGE(.BOTH.,#7191);
#7191 = SURFACE_SIDE_STYLE('',(#7192));
#7192 = SURFACE_STYLE_FILL_AREA(#7193);
#7193 = FILL_AREA_STYLE('',(#7194));
#7194 = FILL_AREA_STYLE_COLOUR('',#6812);
#7195 = CURVE_STYLE('',#7196,POSITIVE_LENGTH_MEASURE(0.1),#6812);
#7196 = DRAUGHTING_PRE_DEFINED_CURVE_FONT('continuous');
ENDSEC;
END-ISO-10303-21;
