ISO-10303-21;
HEADER;
FILE_DESCRIPTION(('FreeCAD Model'),'2;1');
FILE_NAME('Open CASCADE Shape Model','2026-10-03T19:15:17',('Author'),(
    ''),'Open CASCADE STEP processor 7.8','FreeCAD','Unknown');
FILE_SCHEMA(('AUTOMOTIVE_DESIGN { 1 0 10303 214 1 1 1 1 }'));
ENDSEC;
DATA;
#1 = APPLICATION_PROTOCOL_DEFINITION('international standard',
  'automotive_design',2000,#2);
#2 = APPLICATION_CONTEXT(
  'core data for automotive mechanical design processes');
#3 = SHAPE_DEFINITION_REPRESENTATION(#4,#10);
#4 = PRODUCT_DEFINITION_SHAPE('','',#5);
#5 = PRODUCT_DEFINITION('design','',#6,#9);
#6 = PRODUCT_DEFINITION_FORMATION('','',#7);
#7 = PRODUCT('USBLC6_2SC6_nominal','USBLC6_2SC6_nominal','',(#8));
#8 = PRODUCT_CONTEXT('',#2,'mechanical');
#9 = PRODUCT_DEFINITION_CONTEXT('part definition',#2,'design');
#10 = SHAPE_REPRESENTATION('',(#11,#15,#19,#23,#27,#31,#35,#39,#43),#47
  );
#11 = AXIS2_PLACEMENT_3D('',#12,#13,#14);
#12 = CARTESIAN_POINT('',(0.,0.,0.));
#13 = DIRECTION('',(0.,0.,1.));
#14 = DIRECTION('',(1.,0.,-0.));
#15 = AXIS2_PLACEMENT_3D('',#16,#17,#18);
#16 = CARTESIAN_POINT('',(0.,0.,0.));
#17 = DIRECTION('',(0.,0.,1.));
#18 = DIRECTION('',(1.,0.,0.));
#19 = AXIS2_PLACEMENT_3D('',#20,#21,#22);
#20 = CARTESIAN_POINT('',(0.,0.,0.));
#21 = DIRECTION('',(0.,0.,1.));
#22 = DIRECTION('',(1.,0.,0.));
#23 = AXIS2_PLACEMENT_3D('',#24,#25,#26);
#24 = CARTESIAN_POINT('',(0.,0.,0.));
#25 = DIRECTION('',(0.,0.,1.));
#26 = DIRECTION('',(1.,0.,0.));
#27 = AXIS2_PLACEMENT_3D('',#28,#29,#30);
#28 = CARTESIAN_POINT('',(0.,0.,0.));
#29 = DIRECTION('',(0.,0.,1.));
#30 = DIRECTION('',(1.,0.,0.));
#31 = AXIS2_PLACEMENT_3D('',#32,#33,#34);
#32 = CARTESIAN_POINT('',(0.,0.,0.));
#33 = DIRECTION('',(0.,0.,1.));
#34 = DIRECTION('',(1.,0.,0.));
#35 = AXIS2_PLACEMENT_3D('',#36,#37,#38);
#36 = CARTESIAN_POINT('',(0.,0.,0.));
#37 = DIRECTION('',(0.,0.,1.));
#38 = DIRECTION('',(1.,0.,0.));
#39 = AXIS2_PLACEMENT_3D('',#40,#41,#42);
#40 = CARTESIAN_POINT('',(0.,0.,0.));
#41 = DIRECTION('',(0.,0.,1.));
#42 = DIRECTION('',(1.,0.,0.));
#43 = AXIS2_PLACEMENT_3D('',#44,#45,#46);
#44 = CARTESIAN_POINT('',(0.,0.,0.));
#45 = DIRECTION('',(0.,0.,1.));
#46 = DIRECTION('',(1.,0.,0.));
#47 = ( GEOMETRIC_REPRESENTATION_CONTEXT(3) 
GLOBAL_UNCERTAINTY_ASSIGNED_CONTEXT((#51)) GLOBAL_UNIT_ASSIGNED_CONTEXT(
(#48,#49,#50)) REPRESENTATION_CONTEXT('Context #1',
  '3D Context with UNIT and UNCERTAINTY') );
#48 = ( LENGTH_UNIT() NAMED_UNIT(*) SI_UNIT(.MILLI.,.METRE.) );
#49 = ( NAMED_UNIT(*) PLANE_ANGLE_UNIT() SI_UNIT($,.RADIAN.) );
#50 = ( NAMED_UNIT(*) SI_UNIT($,.STERADIAN.) SOLID_ANGLE_UNIT() );
#51 = UNCERTAINTY_MEASURE_WITH_UNIT(LENGTH_MEASURE(1.E-07),#48,
  'distance_accuracy_value','confusion accuracy');
#52 = PRODUCT_RELATED_PRODUCT_CATEGORY('part',$,(#7));
#53 = SHAPE_DEFINITION_REPRESENTATION(#54,#60);
#54 = PRODUCT_DEFINITION_SHAPE('','',#55);
#55 = PRODUCT_DEFINITION('design','',#56,#59);
#56 = PRODUCT_DEFINITION_FORMATION('','',#57);
#57 = PRODUCT('Pin1_orientation_dot_schematic',
  'Pin1_orientation_dot_schematic','',(#58));
#58 = PRODUCT_CONTEXT('',#2,'mechanical');
#59 = PRODUCT_DEFINITION_CONTEXT('part definition',#2,'design');
#60 = ADVANCED_BREP_SHAPE_REPRESENTATION('',(#11,#61),#114);
#61 = MANIFOLD_SOLID_BREP('',#62);
#62 = CLOSED_SHELL('',(#63,#96,#105));
#63 = ADVANCED_FACE('',(#64),#91,.T.);
#64 = FACE_BOUND('',#65,.T.);
#65 = EDGE_LOOP('',(#66,#75,#83,#90));
#66 = ORIENTED_EDGE('',*,*,#67,.F.);
#67 = EDGE_CURVE('',#68,#68,#70,.T.);
#68 = VERTEX_POINT('',#69);
#69 = CARTESIAN_POINT('',(-0.4445,1.1225,1.175));
#70 = CIRCLE('',#71,8.8E-02);
#71 = AXIS2_PLACEMENT_3D('',#72,#73,#74);
#72 = CARTESIAN_POINT('',(-0.5325,1.1225,1.175));
#73 = DIRECTION('',(0.,0.,1.));
#74 = DIRECTION('',(1.,0.,-0.));
#75 = ORIENTED_EDGE('',*,*,#76,.F.);
#76 = EDGE_CURVE('',#77,#68,#79,.T.);
#77 = VERTEX_POINT('',#78);
#78 = CARTESIAN_POINT('',(-0.4445,1.1225,1.161));
#79 = LINE('',#80,#81);
#80 = CARTESIAN_POINT('',(-0.4445,1.1225,1.161));
#81 = VECTOR('',#82,1.);
#82 = DIRECTION('',(0.,0.,1.));
#83 = ORIENTED_EDGE('',*,*,#84,.T.);
#84 = EDGE_CURVE('',#77,#77,#85,.T.);
#85 = CIRCLE('',#86,8.8E-02);
#86 = AXIS2_PLACEMENT_3D('',#87,#88,#89);
#87 = CARTESIAN_POINT('',(-0.5325,1.1225,1.161));
#88 = DIRECTION('',(0.,0.,1.));
#89 = DIRECTION('',(1.,0.,-0.));
#90 = ORIENTED_EDGE('',*,*,#76,.T.);
#91 = CYLINDRICAL_SURFACE('',#92,8.8E-02);
#92 = AXIS2_PLACEMENT_3D('',#93,#94,#95);
#93 = CARTESIAN_POINT('',(-0.5325,1.1225,1.161));
#94 = DIRECTION('',(0.,0.,1.));
#95 = DIRECTION('',(1.,0.,-0.));
#96 = ADVANCED_FACE('',(#97),#100,.T.);
#97 = FACE_BOUND('',#98,.T.);
#98 = EDGE_LOOP('',(#99));
#99 = ORIENTED_EDGE('',*,*,#67,.T.);
#100 = PLANE('',#101);
#101 = AXIS2_PLACEMENT_3D('',#102,#103,#104);
#102 = CARTESIAN_POINT('',(-0.5325,1.1225,1.175));
#103 = DIRECTION('',(0.,0.,1.));
#104 = DIRECTION('',(1.,0.,-0.));
#105 = ADVANCED_FACE('',(#106),#109,.F.);
#106 = FACE_BOUND('',#107,.T.);
#107 = EDGE_LOOP('',(#108));
#108 = ORIENTED_EDGE('',*,*,#84,.F.);
#109 = PLANE('',#110);
#110 = AXIS2_PLACEMENT_3D('',#111,#112,#113);
#111 = CARTESIAN_POINT('',(-0.5325,1.1225,1.161));
#112 = DIRECTION('',(0.,0.,1.));
#113 = DIRECTION('',(1.,0.,-0.));
#114 = ( GEOMETRIC_REPRESENTATION_CONTEXT(3) 
GLOBAL_UNCERTAINTY_ASSIGNED_CONTEXT((#118)) GLOBAL_UNIT_ASSIGNED_CONTEXT
((#115,#116,#117)) REPRESENTATION_CONTEXT('Context #1',
  '3D Context with UNIT and UNCERTAINTY') );
#115 = ( LENGTH_UNIT() NAMED_UNIT(*) SI_UNIT(.MILLI.,.METRE.) );
#116 = ( NAMED_UNIT(*) PLANE_ANGLE_UNIT() SI_UNIT($,.RADIAN.) );
#117 = ( NAMED_UNIT(*) SI_UNIT($,.STERADIAN.) SOLID_ANGLE_UNIT() );
#118 = UNCERTAINTY_MEASURE_WITH_UNIT(LENGTH_MEASURE(1.E-07),#115,
  'distance_accuracy_value','confusion accuracy');
#119 = CONTEXT_DEPENDENT_SHAPE_REPRESENTATION(#120,#122);
#120 = ( REPRESENTATION_RELATIONSHIP('','',#60,#10) 
REPRESENTATION_RELATIONSHIP_WITH_TRANSFORMATION(#121) 
SHAPE_REPRESENTATION_RELATIONSHIP() );
#121 = ITEM_DEFINED_TRANSFORMATION('','',#11,#15);
#122 = PRODUCT_DEFINITION_SHAPE('Placement','Placement of an item',#123
  );
#123 = NEXT_ASSEMBLY_USAGE_OCCURRENCE('18',
  'Pin1_orientation_dot_schematic','',#5,#55,$);
#124 = PRODUCT_RELATED_PRODUCT_CATEGORY('part',$,(#57));
#125 = SHAPE_DEFINITION_REPRESENTATION(#126,#132);
#126 = PRODUCT_DEFINITION_SHAPE('','',#127);
#127 = PRODUCT_DEFINITION('design','',#128,#131);
#128 = PRODUCT_DEFINITION_FORMATION('','',#129);
#129 = PRODUCT('Molded_body','Molded_body','',(#130));
#130 = PRODUCT_CONTEXT('',#2,'mechanical');
#131 = PRODUCT_DEFINITION_CONTEXT('part definition',#2,'design');
#132 = ADVANCED_BREP_SHAPE_REPRESENTATION('',(#11,#133),#416);
#133 = MANIFOLD_SOLID_BREP('',#134);
#134 = CLOSED_SHELL('',(#135,#173,#204,#227,#256,#279,#296,#319,#354,
    #370,#382,#407));
#135 = ADVANCED_FACE('',(#136),#168,.T.);
#136 = FACE_BOUND('',#137,.T.);
#137 = EDGE_LOOP('',(#138,#148,#155,#163));
#138 = ORIENTED_EDGE('',*,*,#139,.T.);
#139 = EDGE_CURVE('',#140,#142,#144,.T.);
#140 = VERTEX_POINT('',#141);
#141 = CARTESIAN_POINT('',(-0.755625,-1.405625,7.5E-02));
#142 = VERTEX_POINT('',#143);
#143 = CARTESIAN_POINT('',(0.755625,-1.405625,7.5E-02));
#144 = LINE('',#145,#146);
#145 = CARTESIAN_POINT('',(-0.755625,-1.405625,7.5E-02));
#146 = VECTOR('',#147,1.);
#147 = DIRECTION('',(1.,0.,0.));
#148 = ORIENTED_EDGE('',*,*,#149,.T.);
#149 = EDGE_CURVE('',#142,#150,#152,.T.);
#150 = VERTEX_POINT('',#151);
#151 = CARTESIAN_POINT('',(0.8125,-1.4625,0.46));
#152 = B_SPLINE_CURVE_WITH_KNOTS('',1,(#153,#154),.UNSPECIFIED.,.F.,.F.,
  (2,2),(0.,1.),.PIECEWISE_BEZIER_KNOTS.);
#153 = CARTESIAN_POINT('',(0.755625,-1.405625,7.5E-02));
#154 = CARTESIAN_POINT('',(0.8125,-1.4625,0.46));
#155 = ORIENTED_EDGE('',*,*,#156,.F.);
#156 = EDGE_CURVE('',#157,#150,#159,.T.);
#157 = VERTEX_POINT('',#158);
#158 = CARTESIAN_POINT('',(-0.8125,-1.4625,0.46));
#159 = LINE('',#160,#161);
#160 = CARTESIAN_POINT('',(-0.8125,-1.4625,0.46));
#161 = VECTOR('',#162,1.);
#162 = DIRECTION('',(1.,0.,0.));
#163 = ORIENTED_EDGE('',*,*,#164,.F.);
#164 = EDGE_CURVE('',#140,#157,#165,.T.);
#165 = B_SPLINE_CURVE_WITH_KNOTS('',1,(#166,#167),.UNSPECIFIED.,.F.,.F.,
  (2,2),(0.,1.),.PIECEWISE_BEZIER_KNOTS.);
#166 = CARTESIAN_POINT('',(-0.755625,-1.405625,7.5E-02));
#167 = CARTESIAN_POINT('',(-0.8125,-1.4625,0.46));
#168 = B_SPLINE_SURFACE_WITH_KNOTS('',1,1,(
    (#169,#170)
    ,(#171,#172
    )),.UNSPECIFIED.,.F.,.F.,.F.,(2,2),(2,2),(0.,1.625),(0.,1.),
  .PIECEWISE_BEZIER_KNOTS.);
#169 = CARTESIAN_POINT('',(-0.755625,-1.405625,7.5E-02));
#170 = CARTESIAN_POINT('',(-0.8125,-1.4625,0.46));
#171 = CARTESIAN_POINT('',(0.755625,-1.405625,7.5E-02));
#172 = CARTESIAN_POINT('',(0.8125,-1.4625,0.46));
#173 = ADVANCED_FACE('',(#174),#199,.T.);
#174 = FACE_BOUND('',#175,.F.);
#175 = EDGE_LOOP('',(#176,#177,#185,#193));
#176 = ORIENTED_EDGE('',*,*,#139,.T.);
#177 = ORIENTED_EDGE('',*,*,#178,.T.);
#178 = EDGE_CURVE('',#142,#179,#181,.T.);
#179 = VERTEX_POINT('',#180);
#180 = CARTESIAN_POINT('',(0.755625,1.405625,7.5E-02));
#181 = LINE('',#182,#183);
#182 = CARTESIAN_POINT('',(0.755625,-1.405625,7.5E-02));
#183 = VECTOR('',#184,1.);
#184 = DIRECTION('',(0.,1.,0.));
#185 = ORIENTED_EDGE('',*,*,#186,.T.);
#186 = EDGE_CURVE('',#179,#187,#189,.T.);
#187 = VERTEX_POINT('',#188);
#188 = CARTESIAN_POINT('',(-0.755625,1.405625,7.5E-02));
#189 = LINE('',#190,#191);
#190 = CARTESIAN_POINT('',(0.755625,1.405625,7.5E-02));
#191 = VECTOR('',#192,1.);
#192 = DIRECTION('',(-1.,0.,0.));
#193 = ORIENTED_EDGE('',*,*,#194,.T.);
#194 = EDGE_CURVE('',#187,#140,#195,.T.);
#195 = LINE('',#196,#197);
#196 = CARTESIAN_POINT('',(-0.755625,1.405625,7.5E-02));
#197 = VECTOR('',#198,1.);
#198 = DIRECTION('',(0.,-1.,0.));
#199 = PLANE('',#200);
#200 = AXIS2_PLACEMENT_3D('',#201,#202,#203);
#201 = CARTESIAN_POINT('',(-0.755625,-1.405625,7.5E-02));
#202 = DIRECTION('',(0.,0.,-1.));
#203 = DIRECTION('',(0.473492488985,0.880797855853,0.));
#204 = ADVANCED_FACE('',(#205),#222,.T.);
#205 = FACE_BOUND('',#206,.T.);
#206 = EDGE_LOOP('',(#207,#208,#215,#221));
#207 = ORIENTED_EDGE('',*,*,#178,.T.);
#208 = ORIENTED_EDGE('',*,*,#209,.T.);
#209 = EDGE_CURVE('',#179,#210,#212,.T.);
#210 = VERTEX_POINT('',#211);
#211 = CARTESIAN_POINT('',(0.8125,1.4625,0.46));
#212 = B_SPLINE_CURVE_WITH_KNOTS('',1,(#213,#214),.UNSPECIFIED.,.F.,.F.,
  (2,2),(0.,1.),.PIECEWISE_BEZIER_KNOTS.);
#213 = CARTESIAN_POINT('',(0.755625,1.405625,7.5E-02));
#214 = CARTESIAN_POINT('',(0.8125,1.4625,0.46));
#215 = ORIENTED_EDGE('',*,*,#216,.F.);
#216 = EDGE_CURVE('',#150,#210,#217,.T.);
#217 = LINE('',#218,#219);
#218 = CARTESIAN_POINT('',(0.8125,-1.4625,0.46));
#219 = VECTOR('',#220,1.);
#220 = DIRECTION('',(0.,1.,0.));
#221 = ORIENTED_EDGE('',*,*,#149,.F.);
#222 = B_SPLINE_SURFACE_WITH_KNOTS('',1,1,(
    (#223,#224)
    ,(#225,#226
    )),.UNSPECIFIED.,.F.,.F.,.F.,(2,2),(2,2),(0.,2.925),(0.,1.),
  .PIECEWISE_BEZIER_KNOTS.);
#223 = CARTESIAN_POINT('',(0.755625,-1.405625,7.5E-02));
#224 = CARTESIAN_POINT('',(0.8125,-1.4625,0.46));
#225 = CARTESIAN_POINT('',(0.755625,1.405625,7.5E-02));
#226 = CARTESIAN_POINT('',(0.8125,1.4625,0.46));
#227 = ADVANCED_FACE('',(#228),#251,.T.);
#228 = FACE_BOUND('',#229,.T.);
#229 = EDGE_LOOP('',(#230,#231,#238,#246));
#230 = ORIENTED_EDGE('',*,*,#156,.T.);
#231 = ORIENTED_EDGE('',*,*,#232,.T.);
#232 = EDGE_CURVE('',#150,#233,#235,.T.);
#233 = VERTEX_POINT('',#234);
#234 = CARTESIAN_POINT('',(0.755625,-1.405625,1.175));
#235 = B_SPLINE_CURVE_WITH_KNOTS('',1,(#236,#237),.UNSPECIFIED.,.F.,.F.,
  (2,2),(0.,1.),.PIECEWISE_BEZIER_KNOTS.);
#236 = CARTESIAN_POINT('',(0.8125,-1.4625,0.46));
#237 = CARTESIAN_POINT('',(0.755625,-1.405625,1.175));
#238 = ORIENTED_EDGE('',*,*,#239,.F.);
#239 = EDGE_CURVE('',#240,#233,#242,.T.);
#240 = VERTEX_POINT('',#241);
#241 = CARTESIAN_POINT('',(-0.755625,-1.405625,1.175));
#242 = LINE('',#243,#244);
#243 = CARTESIAN_POINT('',(-0.755625,-1.405625,1.175));
#244 = VECTOR('',#245,1.);
#245 = DIRECTION('',(1.,0.,0.));
#246 = ORIENTED_EDGE('',*,*,#247,.F.);
#247 = EDGE_CURVE('',#157,#240,#248,.T.);
#248 = B_SPLINE_CURVE_WITH_KNOTS('',1,(#249,#250),.UNSPECIFIED.,.F.,.F.,
  (2,2),(0.,1.),.PIECEWISE_BEZIER_KNOTS.);
#249 = CARTESIAN_POINT('',(-0.8125,-1.4625,0.46));
#250 = CARTESIAN_POINT('',(-0.755625,-1.405625,1.175));
#251 = B_SPLINE_SURFACE_WITH_KNOTS('',1,1,(
    (#252,#253)
    ,(#254,#255
    )),.UNSPECIFIED.,.F.,.F.,.F.,(2,2),(2,2),(0.,1.625),(0.,1.),
  .PIECEWISE_BEZIER_KNOTS.);
#252 = CARTESIAN_POINT('',(-0.8125,-1.4625,0.46));
#253 = CARTESIAN_POINT('',(-0.755625,-1.405625,1.175));
#254 = CARTESIAN_POINT('',(0.8125,-1.4625,0.46));
#255 = CARTESIAN_POINT('',(0.755625,-1.405625,1.175));
#256 = ADVANCED_FACE('',(#257),#274,.T.);
#257 = FACE_BOUND('',#258,.T.);
#258 = EDGE_LOOP('',(#259,#260,#261,#269));
#259 = ORIENTED_EDGE('',*,*,#194,.T.);
#260 = ORIENTED_EDGE('',*,*,#164,.T.);
#261 = ORIENTED_EDGE('',*,*,#262,.F.);
#262 = EDGE_CURVE('',#263,#157,#265,.T.);
#263 = VERTEX_POINT('',#264);
#264 = CARTESIAN_POINT('',(-0.8125,1.4625,0.46));
#265 = LINE('',#266,#267);
#266 = CARTESIAN_POINT('',(-0.8125,1.4625,0.46));
#267 = VECTOR('',#268,1.);
#268 = DIRECTION('',(0.,-1.,0.));
#269 = ORIENTED_EDGE('',*,*,#270,.F.);
#270 = EDGE_CURVE('',#187,#263,#271,.T.);
#271 = B_SPLINE_CURVE_WITH_KNOTS('',1,(#272,#273),.UNSPECIFIED.,.F.,.F.,
  (2,2),(0.,1.),.PIECEWISE_BEZIER_KNOTS.);
#272 = CARTESIAN_POINT('',(-0.755625,1.405625,7.5E-02));
#273 = CARTESIAN_POINT('',(-0.8125,1.4625,0.46));
#274 = B_SPLINE_SURFACE_WITH_KNOTS('',1,1,(
    (#275,#276)
    ,(#277,#278
    )),.UNSPECIFIED.,.F.,.F.,.F.,(2,2),(2,2),(0.,2.925),(0.,1.),
  .PIECEWISE_BEZIER_KNOTS.);
#275 = CARTESIAN_POINT('',(-0.755625,1.405625,7.5E-02));
#276 = CARTESIAN_POINT('',(-0.8125,1.4625,0.46));
#277 = CARTESIAN_POINT('',(-0.755625,-1.405625,7.5E-02));
#278 = CARTESIAN_POINT('',(-0.8125,-1.4625,0.46));
#279 = ADVANCED_FACE('',(#280),#291,.T.);
#280 = FACE_BOUND('',#281,.T.);
#281 = EDGE_LOOP('',(#282,#283,#284,#290));
#282 = ORIENTED_EDGE('',*,*,#186,.T.);
#283 = ORIENTED_EDGE('',*,*,#270,.T.);
#284 = ORIENTED_EDGE('',*,*,#285,.F.);
#285 = EDGE_CURVE('',#210,#263,#286,.T.);
#286 = LINE('',#287,#288);
#287 = CARTESIAN_POINT('',(0.8125,1.4625,0.46));
#288 = VECTOR('',#289,1.);
#289 = DIRECTION('',(-1.,0.,0.));
#290 = ORIENTED_EDGE('',*,*,#209,.F.);
#291 = B_SPLINE_SURFACE_WITH_KNOTS('',1,1,(
    (#292,#293)
    ,(#294,#295
    )),.UNSPECIFIED.,.F.,.F.,.F.,(2,2),(2,2),(0.,1.625),(0.,1.),
  .PIECEWISE_BEZIER_KNOTS.);
#292 = CARTESIAN_POINT('',(0.755625,1.405625,7.5E-02));
#293 = CARTESIAN_POINT('',(0.8125,1.4625,0.46));
#294 = CARTESIAN_POINT('',(-0.755625,1.405625,7.5E-02));
#295 = CARTESIAN_POINT('',(-0.8125,1.4625,0.46));
#296 = ADVANCED_FACE('',(#297),#314,.T.);
#297 = FACE_BOUND('',#298,.T.);
#298 = EDGE_LOOP('',(#299,#300,#307,#313));
#299 = ORIENTED_EDGE('',*,*,#216,.T.);
#300 = ORIENTED_EDGE('',*,*,#301,.T.);
#301 = EDGE_CURVE('',#210,#302,#304,.T.);
#302 = VERTEX_POINT('',#303);
#303 = CARTESIAN_POINT('',(0.755625,1.405625,1.175));
#304 = B_SPLINE_CURVE_WITH_KNOTS('',1,(#305,#306),.UNSPECIFIED.,.F.,.F.,
  (2,2),(0.,1.),.PIECEWISE_BEZIER_KNOTS.);
#305 = CARTESIAN_POINT('',(0.8125,1.4625,0.46));
#306 = CARTESIAN_POINT('',(0.755625,1.405625,1.175));
#307 = ORIENTED_EDGE('',*,*,#308,.F.);
#308 = EDGE_CURVE('',#233,#302,#309,.T.);
#309 = LINE('',#310,#311);
#310 = CARTESIAN_POINT('',(0.755625,-1.405625,1.175));
#311 = VECTOR('',#312,1.);
#312 = DIRECTION('',(0.,1.,0.));
#313 = ORIENTED_EDGE('',*,*,#232,.F.);
#314 = B_SPLINE_SURFACE_WITH_KNOTS('',1,1,(
    (#315,#316)
    ,(#317,#318
    )),.UNSPECIFIED.,.F.,.F.,.F.,(2,2),(2,2),(0.,2.925),(0.,1.),
  .PIECEWISE_BEZIER_KNOTS.);
#315 = CARTESIAN_POINT('',(0.8125,-1.4625,0.46));
#316 = CARTESIAN_POINT('',(0.755625,-1.405625,1.175));
#317 = CARTESIAN_POINT('',(0.8125,1.4625,0.46));
#318 = CARTESIAN_POINT('',(0.755625,1.405625,1.175));
#319 = ADVANCED_FACE('',(#320,#338),#349,.F.);
#320 = FACE_BOUND('',#321,.F.);
#321 = EDGE_LOOP('',(#322,#323,#331,#337));
#322 = ORIENTED_EDGE('',*,*,#239,.F.);
#323 = ORIENTED_EDGE('',*,*,#324,.F.);
#324 = EDGE_CURVE('',#325,#240,#327,.T.);
#325 = VERTEX_POINT('',#326);
#326 = CARTESIAN_POINT('',(-0.755625,1.405625,1.175));
#327 = LINE('',#328,#329);
#328 = CARTESIAN_POINT('',(-0.755625,1.405625,1.175));
#329 = VECTOR('',#330,1.);
#330 = DIRECTION('',(0.,-1.,0.));
#331 = ORIENTED_EDGE('',*,*,#332,.F.);
#332 = EDGE_CURVE('',#302,#325,#333,.T.);
#333 = LINE('',#334,#335);
#334 = CARTESIAN_POINT('',(0.755625,1.405625,1.175));
#335 = VECTOR('',#336,1.);
#336 = DIRECTION('',(-1.,0.,0.));
#337 = ORIENTED_EDGE('',*,*,#308,.F.);
#338 = FACE_BOUND('',#339,.F.);
#339 = EDGE_LOOP('',(#340));
#340 = ORIENTED_EDGE('',*,*,#341,.T.);
#341 = EDGE_CURVE('',#342,#342,#344,.T.);
#342 = VERTEX_POINT('',#343);
#343 = CARTESIAN_POINT('',(-0.4325,1.1225,1.175));
#344 = CIRCLE('',#345,0.1);
#345 = AXIS2_PLACEMENT_3D('',#346,#347,#348);
#346 = CARTESIAN_POINT('',(-0.5325,1.1225,1.175));
#347 = DIRECTION('',(0.,0.,1.));
#348 = DIRECTION('',(1.,0.,-0.));
#349 = PLANE('',#350);
#350 = AXIS2_PLACEMENT_3D('',#351,#352,#353);
#351 = CARTESIAN_POINT('',(-0.755625,-1.405625,1.175));
#352 = DIRECTION('',(0.,0.,-1.));
#353 = DIRECTION('',(0.473492488985,0.880797855853,0.));
#354 = ADVANCED_FACE('',(#355),#365,.T.);
#355 = FACE_BOUND('',#356,.T.);
#356 = EDGE_LOOP('',(#357,#358,#359,#360));
#357 = ORIENTED_EDGE('',*,*,#262,.T.);
#358 = ORIENTED_EDGE('',*,*,#247,.T.);
#359 = ORIENTED_EDGE('',*,*,#324,.F.);
#360 = ORIENTED_EDGE('',*,*,#361,.F.);
#361 = EDGE_CURVE('',#263,#325,#362,.T.);
#362 = B_SPLINE_CURVE_WITH_KNOTS('',1,(#363,#364),.UNSPECIFIED.,.F.,.F.,
  (2,2),(0.,1.),.PIECEWISE_BEZIER_KNOTS.);
#363 = CARTESIAN_POINT('',(-0.8125,1.4625,0.46));
#364 = CARTESIAN_POINT('',(-0.755625,1.405625,1.175));
#365 = B_SPLINE_SURFACE_WITH_KNOTS('',1,1,(
    (#366,#367)
    ,(#368,#369
    )),.UNSPECIFIED.,.F.,.F.,.F.,(2,2),(2,2),(0.,2.925),(0.,1.),
  .PIECEWISE_BEZIER_KNOTS.);
#366 = CARTESIAN_POINT('',(-0.8125,1.4625,0.46));
#367 = CARTESIAN_POINT('',(-0.755625,1.405625,1.175));
#368 = CARTESIAN_POINT('',(-0.8125,-1.4625,0.46));
#369 = CARTESIAN_POINT('',(-0.755625,-1.405625,1.175));
#370 = ADVANCED_FACE('',(#371),#377,.T.);
#371 = FACE_BOUND('',#372,.T.);
#372 = EDGE_LOOP('',(#373,#374,#375,#376));
#373 = ORIENTED_EDGE('',*,*,#285,.T.);
#374 = ORIENTED_EDGE('',*,*,#361,.T.);
#375 = ORIENTED_EDGE('',*,*,#332,.F.);
#376 = ORIENTED_EDGE('',*,*,#301,.F.);
#377 = B_SPLINE_SURFACE_WITH_KNOTS('',1,1,(
    (#378,#379)
    ,(#380,#381
    )),.UNSPECIFIED.,.F.,.F.,.F.,(2,2),(2,2),(0.,1.625),(0.,1.),
  .PIECEWISE_BEZIER_KNOTS.);
#378 = CARTESIAN_POINT('',(0.8125,1.4625,0.46));
#379 = CARTESIAN_POINT('',(0.755625,1.405625,1.175));
#380 = CARTESIAN_POINT('',(-0.8125,1.4625,0.46));
#381 = CARTESIAN_POINT('',(-0.755625,1.405625,1.175));
#382 = ADVANCED_FACE('',(#383),#402,.F.);
#383 = FACE_BOUND('',#384,.F.);
#384 = EDGE_LOOP('',(#385,#386,#394,#401));
#385 = ORIENTED_EDGE('',*,*,#341,.F.);
#386 = ORIENTED_EDGE('',*,*,#387,.F.);
#387 = EDGE_CURVE('',#388,#342,#390,.T.);
#388 = VERTEX_POINT('',#389);
#389 = CARTESIAN_POINT('',(-0.4325,1.1225,1.15));
#390 = LINE('',#391,#392);
#391 = CARTESIAN_POINT('',(-0.4325,1.1225,1.15));
#392 = VECTOR('',#393,1.);
#393 = DIRECTION('',(0.,0.,1.));
#394 = ORIENTED_EDGE('',*,*,#395,.T.);
#395 = EDGE_CURVE('',#388,#388,#396,.T.);
#396 = CIRCLE('',#397,0.1);
#397 = AXIS2_PLACEMENT_3D('',#398,#399,#400);
#398 = CARTESIAN_POINT('',(-0.5325,1.1225,1.15));
#399 = DIRECTION('',(0.,0.,1.));
#400 = DIRECTION('',(1.,0.,-0.));
#401 = ORIENTED_EDGE('',*,*,#387,.T.);
#402 = CYLINDRICAL_SURFACE('',#403,0.1);
#403 = AXIS2_PLACEMENT_3D('',#404,#405,#406);
#404 = CARTESIAN_POINT('',(-0.5325,1.1225,1.15));
#405 = DIRECTION('',(0.,0.,1.));
#406 = DIRECTION('',(1.,0.,-0.));
#407 = ADVANCED_FACE('',(#408),#411,.T.);
#408 = FACE_BOUND('',#409,.F.);
#409 = EDGE_LOOP('',(#410));
#410 = ORIENTED_EDGE('',*,*,#395,.F.);
#411 = PLANE('',#412);
#412 = AXIS2_PLACEMENT_3D('',#413,#414,#415);
#413 = CARTESIAN_POINT('',(-0.5325,1.1225,1.15));
#414 = DIRECTION('',(0.,0.,1.));
#415 = DIRECTION('',(1.,0.,-0.));
#416 = ( GEOMETRIC_REPRESENTATION_CONTEXT(3) 
GLOBAL_UNCERTAINTY_ASSIGNED_CONTEXT((#420)) GLOBAL_UNIT_ASSIGNED_CONTEXT
((#417,#418,#419)) REPRESENTATION_CONTEXT('Context #1',
  '3D Context with UNIT and UNCERTAINTY') );
#417 = ( LENGTH_UNIT() NAMED_UNIT(*) SI_UNIT(.MILLI.,.METRE.) );
#418 = ( NAMED_UNIT(*) PLANE_ANGLE_UNIT() SI_UNIT($,.RADIAN.) );
#419 = ( NAMED_UNIT(*) SI_UNIT($,.STERADIAN.) SOLID_ANGLE_UNIT() );
#420 = UNCERTAINTY_MEASURE_WITH_UNIT(LENGTH_MEASURE(1.E-07),#417,
  'distance_accuracy_value','confusion accuracy');
#421 = CONTEXT_DEPENDENT_SHAPE_REPRESENTATION(#422,#424);
#422 = ( REPRESENTATION_RELATIONSHIP('','',#132,#10) 
REPRESENTATION_RELATIONSHIP_WITH_TRANSFORMATION(#423) 
SHAPE_REPRESENTATION_RELATIONSHIP() );
#423 = ITEM_DEFINED_TRANSFORMATION('','',#11,#19);
#424 = PRODUCT_DEFINITION_SHAPE('Placement','Placement of an item',#425
  );
#425 = NEXT_ASSEMBLY_USAGE_OCCURRENCE('19','Molded_body','',#5,#127,$);
#426 = PRODUCT_RELATED_PRODUCT_CATEGORY('part',$,(#129));
#427 = SHAPE_DEFINITION_REPRESENTATION(#428,#434);
#428 = PRODUCT_DEFINITION_SHAPE('','',#429);
#429 = PRODUCT_DEFINITION('design','',#430,#433);
#430 = PRODUCT_DEFINITION_FORMATION('','',#431);
#431 = PRODUCT('Lead_1','Lead_1','',(#432));
#432 = PRODUCT_CONTEXT('',#2,'mechanical');
#433 = PRODUCT_DEFINITION_CONTEXT('part definition',#2,'design');
#434 = ADVANCED_BREP_SHAPE_REPRESENTATION('',(#11,#435),#717);
#435 = MANIFOLD_SOLID_BREP('',#436);
#436 = CLOSED_SHELL('',(#437,#477,#508,#539,#570,#601,#632,#663,#685,
    #701));
#437 = ADVANCED_FACE('',(#438),#472,.T.);
#438 = FACE_BOUND('',#439,.T.);
#439 = EDGE_LOOP('',(#440,#450,#458,#466));
#440 = ORIENTED_EDGE('',*,*,#441,.T.);
#441 = EDGE_CURVE('',#442,#444,#446,.T.);
#442 = VERTEX_POINT('',#443);
#443 = CARTESIAN_POINT('',(-0.7525,0.75,0.66));
#444 = VERTEX_POINT('',#445);
#445 = CARTESIAN_POINT('',(-0.7525,1.15,0.66));
#446 = LINE('',#447,#448);
#447 = CARTESIAN_POINT('',(-0.7525,0.75,0.66));
#448 = VECTOR('',#449,1.);
#449 = DIRECTION('',(0.,1.,0.));
#450 = ORIENTED_EDGE('',*,*,#451,.T.);
#451 = EDGE_CURVE('',#444,#452,#454,.T.);
#452 = VERTEX_POINT('',#453);
#453 = CARTESIAN_POINT('',(-0.8325,1.15,0.66));
#454 = LINE('',#455,#456);
#455 = CARTESIAN_POINT('',(-0.7525,1.15,0.66));
#456 = VECTOR('',#457,1.);
#457 = DIRECTION('',(-1.,0.,0.));
#458 = ORIENTED_EDGE('',*,*,#459,.F.);
#459 = EDGE_CURVE('',#460,#452,#462,.T.);
#460 = VERTEX_POINT('',#461);
#461 = CARTESIAN_POINT('',(-0.8325,0.75,0.66));
#462 = LINE('',#463,#464);
#463 = CARTESIAN_POINT('',(-0.8325,0.75,0.66));
#464 = VECTOR('',#465,1.);
#465 = DIRECTION('',(0.,1.,0.));
#466 = ORIENTED_EDGE('',*,*,#467,.F.);
#467 = EDGE_CURVE('',#442,#460,#468,.T.);
#468 = LINE('',#469,#470);
#469 = CARTESIAN_POINT('',(-0.7525,0.75,0.66));
#470 = VECTOR('',#471,1.);
#471 = DIRECTION('',(-1.,0.,0.));
#472 = PLANE('',#473);
#473 = AXIS2_PLACEMENT_3D('',#474,#475,#476);
#474 = CARTESIAN_POINT('',(-0.7525,0.75,0.66));
#475 = DIRECTION('',(0.,-0.,1.));
#476 = DIRECTION('',(-1.,0.,0.));
#477 = ADVANCED_FACE('',(#478),#503,.T.);
#478 = FACE_BOUND('',#479,.T.);
#479 = EDGE_LOOP('',(#480,#481,#489,#497));
#480 = ORIENTED_EDGE('',*,*,#459,.T.);
#481 = ORIENTED_EDGE('',*,*,#482,.T.);
#482 = EDGE_CURVE('',#452,#483,#485,.T.);
#483 = VERTEX_POINT('',#484);
#484 = CARTESIAN_POINT('',(-0.95,1.15,0.145));
#485 = LINE('',#486,#487);
#486 = CARTESIAN_POINT('',(-0.8325,1.15,0.66));
#487 = VECTOR('',#488,1.);
#488 = DIRECTION('',(-0.222439261366,0.,-0.974946549818));
#489 = ORIENTED_EDGE('',*,*,#490,.F.);
#490 = EDGE_CURVE('',#491,#483,#493,.T.);
#491 = VERTEX_POINT('',#492);
#492 = CARTESIAN_POINT('',(-0.95,0.75,0.145));
#493 = LINE('',#494,#495);
#494 = CARTESIAN_POINT('',(-0.95,0.75,0.145));
#495 = VECTOR('',#496,1.);
#496 = DIRECTION('',(0.,1.,0.));
#497 = ORIENTED_EDGE('',*,*,#498,.F.);
#498 = EDGE_CURVE('',#460,#491,#499,.T.);
#499 = LINE('',#500,#501);
#500 = CARTESIAN_POINT('',(-0.8325,0.75,0.66));
#501 = VECTOR('',#502,1.);
#502 = DIRECTION('',(-0.222439261366,0.,-0.974946549818));
#503 = PLANE('',#504);
#504 = AXIS2_PLACEMENT_3D('',#505,#506,#507);
#505 = CARTESIAN_POINT('',(-0.8325,0.75,0.66));
#506 = DIRECTION('',(-0.974946549818,0.,0.222439261366));
#507 = DIRECTION('',(-0.222439261366,0.,-0.974946549818));
#508 = ADVANCED_FACE('',(#509),#534,.T.);
#509 = FACE_BOUND('',#510,.T.);
#510 = EDGE_LOOP('',(#511,#512,#520,#528));
#511 = ORIENTED_EDGE('',*,*,#490,.T.);
#512 = ORIENTED_EDGE('',*,*,#513,.T.);
#513 = EDGE_CURVE('',#483,#514,#516,.T.);
#514 = VERTEX_POINT('',#515);
#515 = CARTESIAN_POINT('',(-1.4,1.15,0.145));
#516 = LINE('',#517,#518);
#517 = CARTESIAN_POINT('',(-0.95,1.15,0.145));
#518 = VECTOR('',#519,1.);
#519 = DIRECTION('',(-1.,0.,0.));
#520 = ORIENTED_EDGE('',*,*,#521,.F.);
#521 = EDGE_CURVE('',#522,#514,#524,.T.);
#522 = VERTEX_POINT('',#523);
#523 = CARTESIAN_POINT('',(-1.4,0.75,0.145));
#524 = LINE('',#525,#526);
#525 = CARTESIAN_POINT('',(-1.4,0.75,0.145));
#526 = VECTOR('',#527,1.);
#527 = DIRECTION('',(0.,1.,0.));
#528 = ORIENTED_EDGE('',*,*,#529,.F.);
#529 = EDGE_CURVE('',#491,#522,#530,.T.);
#530 = LINE('',#531,#532);
#531 = CARTESIAN_POINT('',(-0.95,0.75,0.145));
#532 = VECTOR('',#533,1.);
#533 = DIRECTION('',(-1.,0.,0.));
#534 = PLANE('',#535);
#535 = AXIS2_PLACEMENT_3D('',#536,#537,#538);
#536 = CARTESIAN_POINT('',(-0.95,0.75,0.145));
#537 = DIRECTION('',(0.,-0.,1.));
#538 = DIRECTION('',(-1.,0.,0.));
#539 = ADVANCED_FACE('',(#540),#565,.T.);
#540 = FACE_BOUND('',#541,.T.);
#541 = EDGE_LOOP('',(#542,#543,#551,#559));
#542 = ORIENTED_EDGE('',*,*,#521,.T.);
#543 = ORIENTED_EDGE('',*,*,#544,.T.);
#544 = EDGE_CURVE('',#514,#545,#547,.T.);
#545 = VERTEX_POINT('',#546);
#546 = CARTESIAN_POINT('',(-1.4,1.15,0.));
#547 = LINE('',#548,#549);
#548 = CARTESIAN_POINT('',(-1.4,1.15,0.145));
#549 = VECTOR('',#550,1.);
#550 = DIRECTION('',(0.,0.,-1.));
#551 = ORIENTED_EDGE('',*,*,#552,.F.);
#552 = EDGE_CURVE('',#553,#545,#555,.T.);
#553 = VERTEX_POINT('',#554);
#554 = CARTESIAN_POINT('',(-1.4,0.75,0.));
#555 = LINE('',#556,#557);
#556 = CARTESIAN_POINT('',(-1.4,0.75,0.));
#557 = VECTOR('',#558,1.);
#558 = DIRECTION('',(0.,1.,0.));
#559 = ORIENTED_EDGE('',*,*,#560,.F.);
#560 = EDGE_CURVE('',#522,#553,#561,.T.);
#561 = LINE('',#562,#563);
#562 = CARTESIAN_POINT('',(-1.4,0.75,0.145));
#563 = VECTOR('',#564,1.);
#564 = DIRECTION('',(0.,0.,-1.));
#565 = PLANE('',#566);
#566 = AXIS2_PLACEMENT_3D('',#567,#568,#569);
#567 = CARTESIAN_POINT('',(-1.4,0.75,0.145));
#568 = DIRECTION('',(-1.,0.,0.));
#569 = DIRECTION('',(0.,0.,-1.));
#570 = ADVANCED_FACE('',(#571),#596,.T.);
#571 = FACE_BOUND('',#572,.T.);
#572 = EDGE_LOOP('',(#573,#574,#582,#590));
#573 = ORIENTED_EDGE('',*,*,#552,.T.);
#574 = ORIENTED_EDGE('',*,*,#575,.T.);
#575 = EDGE_CURVE('',#545,#576,#578,.T.);
#576 = VERTEX_POINT('',#577);
#577 = CARTESIAN_POINT('',(-0.87,1.15,0.));
#578 = LINE('',#579,#580);
#579 = CARTESIAN_POINT('',(-1.4,1.15,0.));
#580 = VECTOR('',#581,1.);
#581 = DIRECTION('',(1.,0.,0.));
#582 = ORIENTED_EDGE('',*,*,#583,.F.);
#583 = EDGE_CURVE('',#584,#576,#586,.T.);
#584 = VERTEX_POINT('',#585);
#585 = CARTESIAN_POINT('',(-0.87,0.75,0.));
#586 = LINE('',#587,#588);
#587 = CARTESIAN_POINT('',(-0.87,0.75,0.));
#588 = VECTOR('',#589,1.);
#589 = DIRECTION('',(0.,1.,0.));
#590 = ORIENTED_EDGE('',*,*,#591,.F.);
#591 = EDGE_CURVE('',#553,#584,#592,.T.);
#592 = LINE('',#593,#594);
#593 = CARTESIAN_POINT('',(-1.4,0.75,0.));
#594 = VECTOR('',#595,1.);
#595 = DIRECTION('',(1.,0.,0.));
#596 = PLANE('',#597);
#597 = AXIS2_PLACEMENT_3D('',#598,#599,#600);
#598 = CARTESIAN_POINT('',(-1.4,0.75,0.));
#599 = DIRECTION('',(0.,0.,-1.));
#600 = DIRECTION('',(1.,0.,0.));
#601 = ADVANCED_FACE('',(#602),#627,.T.);
#602 = FACE_BOUND('',#603,.T.);
#603 = EDGE_LOOP('',(#604,#605,#613,#621));
#604 = ORIENTED_EDGE('',*,*,#583,.T.);
#605 = ORIENTED_EDGE('',*,*,#606,.T.);
#606 = EDGE_CURVE('',#576,#607,#609,.T.);
#607 = VERTEX_POINT('',#608);
#608 = CARTESIAN_POINT('',(-0.7825,1.15,0.515));
#609 = LINE('',#610,#611);
#610 = CARTESIAN_POINT('',(-0.87,1.15,0.));
#611 = VECTOR('',#612,1.);
#612 = DIRECTION('',(0.167502465979,0.,0.985871656906));
#613 = ORIENTED_EDGE('',*,*,#614,.F.);
#614 = EDGE_CURVE('',#615,#607,#617,.T.);
#615 = VERTEX_POINT('',#616);
#616 = CARTESIAN_POINT('',(-0.7825,0.75,0.515));
#617 = LINE('',#618,#619);
#618 = CARTESIAN_POINT('',(-0.7825,0.75,0.515));
#619 = VECTOR('',#620,1.);
#620 = DIRECTION('',(0.,1.,0.));
#621 = ORIENTED_EDGE('',*,*,#622,.F.);
#622 = EDGE_CURVE('',#584,#615,#623,.T.);
#623 = LINE('',#624,#625);
#624 = CARTESIAN_POINT('',(-0.87,0.75,0.));
#625 = VECTOR('',#626,1.);
#626 = DIRECTION('',(0.167502465979,0.,0.985871656906));
#627 = PLANE('',#628);
#628 = AXIS2_PLACEMENT_3D('',#629,#630,#631);
#629 = CARTESIAN_POINT('',(-0.87,0.75,0.));
#630 = DIRECTION('',(0.985871656906,0.,-0.167502465979));
#631 = DIRECTION('',(0.167502465979,0.,0.985871656906));
#632 = ADVANCED_FACE('',(#633),#658,.T.);
#633 = FACE_BOUND('',#634,.T.);
#634 = EDGE_LOOP('',(#635,#636,#644,#652));
#635 = ORIENTED_EDGE('',*,*,#614,.T.);
#636 = ORIENTED_EDGE('',*,*,#637,.T.);
#637 = EDGE_CURVE('',#607,#638,#640,.T.);
#638 = VERTEX_POINT('',#639);
#639 = CARTESIAN_POINT('',(-0.7525,1.15,0.515));
#640 = LINE('',#641,#642);
#641 = CARTESIAN_POINT('',(-0.7825,1.15,0.515));
#642 = VECTOR('',#643,1.);
#643 = DIRECTION('',(1.,0.,0.));
#644 = ORIENTED_EDGE('',*,*,#645,.F.);
#645 = EDGE_CURVE('',#646,#638,#648,.T.);
#646 = VERTEX_POINT('',#647);
#647 = CARTESIAN_POINT('',(-0.7525,0.75,0.515));
#648 = LINE('',#649,#650);
#649 = CARTESIAN_POINT('',(-0.7525,0.75,0.515));
#650 = VECTOR('',#651,1.);
#651 = DIRECTION('',(0.,1.,0.));
#652 = ORIENTED_EDGE('',*,*,#653,.F.);
#653 = EDGE_CURVE('',#615,#646,#654,.T.);
#654 = LINE('',#655,#656);
#655 = CARTESIAN_POINT('',(-0.7825,0.75,0.515));
#656 = VECTOR('',#657,1.);
#657 = DIRECTION('',(1.,0.,0.));
#658 = PLANE('',#659);
#659 = AXIS2_PLACEMENT_3D('',#660,#661,#662);
#660 = CARTESIAN_POINT('',(-0.7825,0.75,0.515));
#661 = DIRECTION('',(0.,0.,-1.));
#662 = DIRECTION('',(1.,0.,0.));
#663 = ADVANCED_FACE('',(#664),#680,.T.);
#664 = FACE_BOUND('',#665,.T.);
#665 = EDGE_LOOP('',(#666,#667,#673,#674));
#666 = ORIENTED_EDGE('',*,*,#645,.T.);
#667 = ORIENTED_EDGE('',*,*,#668,.T.);
#668 = EDGE_CURVE('',#638,#444,#669,.T.);
#669 = LINE('',#670,#671);
#670 = CARTESIAN_POINT('',(-0.7525,1.15,0.515));
#671 = VECTOR('',#672,1.);
#672 = DIRECTION('',(0.,0.,1.));
#673 = ORIENTED_EDGE('',*,*,#441,.F.);
#674 = ORIENTED_EDGE('',*,*,#675,.F.);
#675 = EDGE_CURVE('',#646,#442,#676,.T.);
#676 = LINE('',#677,#678);
#677 = CARTESIAN_POINT('',(-0.7525,0.75,0.515));
#678 = VECTOR('',#679,1.);
#679 = DIRECTION('',(0.,0.,1.));
#680 = PLANE('',#681);
#681 = AXIS2_PLACEMENT_3D('',#682,#683,#684);
#682 = CARTESIAN_POINT('',(-0.7525,0.75,0.515));
#683 = DIRECTION('',(1.,0.,0.));
#684 = DIRECTION('',(0.,0.,1.));
#685 = ADVANCED_FACE('',(#686),#696,.T.);
#686 = FACE_BOUND('',#687,.T.);
#687 = EDGE_LOOP('',(#688,#689,#690,#691,#692,#693,#694,#695));
#688 = ORIENTED_EDGE('',*,*,#467,.T.);
#689 = ORIENTED_EDGE('',*,*,#498,.T.);
#690 = ORIENTED_EDGE('',*,*,#529,.T.);
#691 = ORIENTED_EDGE('',*,*,#560,.T.);
#692 = ORIENTED_EDGE('',*,*,#591,.T.);
#693 = ORIENTED_EDGE('',*,*,#622,.T.);
#694 = ORIENTED_EDGE('',*,*,#653,.T.);
#695 = ORIENTED_EDGE('',*,*,#675,.T.);
#696 = PLANE('',#697);
#697 = AXIS2_PLACEMENT_3D('',#698,#699,#700);
#698 = CARTESIAN_POINT('',(-1.000258557658,0.75,0.237111716138));
#699 = DIRECTION('',(-0.,-1.,-0.));
#700 = DIRECTION('',(0.,0.,-1.));
#701 = ADVANCED_FACE('',(#702),#712,.F.);
#702 = FACE_BOUND('',#703,.F.);
#703 = EDGE_LOOP('',(#704,#705,#706,#707,#708,#709,#710,#711));
#704 = ORIENTED_EDGE('',*,*,#451,.T.);
#705 = ORIENTED_EDGE('',*,*,#482,.T.);
#706 = ORIENTED_EDGE('',*,*,#513,.T.);
#707 = ORIENTED_EDGE('',*,*,#544,.T.);
#708 = ORIENTED_EDGE('',*,*,#575,.T.);
#709 = ORIENTED_EDGE('',*,*,#606,.T.);
#710 = ORIENTED_EDGE('',*,*,#637,.T.);
#711 = ORIENTED_EDGE('',*,*,#668,.T.);
#712 = PLANE('',#713);
#713 = AXIS2_PLACEMENT_3D('',#714,#715,#716);
#714 = CARTESIAN_POINT('',(-1.000258557658,1.15,0.237111716138));
#715 = DIRECTION('',(-0.,-1.,-0.));
#716 = DIRECTION('',(0.,0.,-1.));
#717 = ( GEOMETRIC_REPRESENTATION_CONTEXT(3) 
GLOBAL_UNCERTAINTY_ASSIGNED_CONTEXT((#721)) GLOBAL_UNIT_ASSIGNED_CONTEXT
((#718,#719,#720)) REPRESENTATION_CONTEXT('Context #1',
  '3D Context with UNIT and UNCERTAINTY') );
#718 = ( LENGTH_UNIT() NAMED_UNIT(*) SI_UNIT(.MILLI.,.METRE.) );
#719 = ( NAMED_UNIT(*) PLANE_ANGLE_UNIT() SI_UNIT($,.RADIAN.) );
#720 = ( NAMED_UNIT(*) SI_UNIT($,.STERADIAN.) SOLID_ANGLE_UNIT() );
#721 = UNCERTAINTY_MEASURE_WITH_UNIT(LENGTH_MEASURE(1.E-07),#718,
  'distance_accuracy_value','confusion accuracy');
#722 = CONTEXT_DEPENDENT_SHAPE_REPRESENTATION(#723,#725);
#723 = ( REPRESENTATION_RELATIONSHIP('','',#434,#10) 
REPRESENTATION_RELATIONSHIP_WITH_TRANSFORMATION(#724) 
SHAPE_REPRESENTATION_RELATIONSHIP() );
#724 = ITEM_DEFINED_TRANSFORMATION('','',#11,#23);
#725 = PRODUCT_DEFINITION_SHAPE('Placement','Placement of an item',#726
  );
#726 = NEXT_ASSEMBLY_USAGE_OCCURRENCE('20','Lead_1','',#5,#429,$);
#727 = PRODUCT_RELATED_PRODUCT_CATEGORY('part',$,(#431));
#728 = SHAPE_DEFINITION_REPRESENTATION(#729,#735);
#729 = PRODUCT_DEFINITION_SHAPE('','',#730);
#730 = PRODUCT_DEFINITION('design','',#731,#734);
#731 = PRODUCT_DEFINITION_FORMATION('','',#732);
#732 = PRODUCT('Lead_2','Lead_2','',(#733));
#733 = PRODUCT_CONTEXT('',#2,'mechanical');
#734 = PRODUCT_DEFINITION_CONTEXT('part definition',#2,'design');
#735 = ADVANCED_BREP_SHAPE_REPRESENTATION('',(#11,#736),#1018);
#736 = MANIFOLD_SOLID_BREP('',#737);
#737 = CLOSED_SHELL('',(#738,#778,#809,#840,#871,#902,#933,#964,#986,
    #1002));
#738 = ADVANCED_FACE('',(#739),#773,.T.);
#739 = FACE_BOUND('',#740,.T.);
#740 = EDGE_LOOP('',(#741,#751,#759,#767));
#741 = ORIENTED_EDGE('',*,*,#742,.T.);
#742 = EDGE_CURVE('',#743,#745,#747,.T.);
#743 = VERTEX_POINT('',#744);
#744 = CARTESIAN_POINT('',(-0.7525,-0.2,0.66));
#745 = VERTEX_POINT('',#746);
#746 = CARTESIAN_POINT('',(-0.7525,0.2,0.66));
#747 = LINE('',#748,#749);
#748 = CARTESIAN_POINT('',(-0.7525,-0.2,0.66));
#749 = VECTOR('',#750,1.);
#750 = DIRECTION('',(0.,1.,0.));
#751 = ORIENTED_EDGE('',*,*,#752,.T.);
#752 = EDGE_CURVE('',#745,#753,#755,.T.);
#753 = VERTEX_POINT('',#754);
#754 = CARTESIAN_POINT('',(-0.8325,0.2,0.66));
#755 = LINE('',#756,#757);
#756 = CARTESIAN_POINT('',(-0.7525,0.2,0.66));
#757 = VECTOR('',#758,1.);
#758 = DIRECTION('',(-1.,0.,0.));
#759 = ORIENTED_EDGE('',*,*,#760,.F.);
#760 = EDGE_CURVE('',#761,#753,#763,.T.);
#761 = VERTEX_POINT('',#762);
#762 = CARTESIAN_POINT('',(-0.8325,-0.2,0.66));
#763 = LINE('',#764,#765);
#764 = CARTESIAN_POINT('',(-0.8325,-0.2,0.66));
#765 = VECTOR('',#766,1.);
#766 = DIRECTION('',(0.,1.,0.));
#767 = ORIENTED_EDGE('',*,*,#768,.F.);
#768 = EDGE_CURVE('',#743,#761,#769,.T.);
#769 = LINE('',#770,#771);
#770 = CARTESIAN_POINT('',(-0.7525,-0.2,0.66));
#771 = VECTOR('',#772,1.);
#772 = DIRECTION('',(-1.,0.,0.));
#773 = PLANE('',#774);
#774 = AXIS2_PLACEMENT_3D('',#775,#776,#777);
#775 = CARTESIAN_POINT('',(-0.7525,-0.2,0.66));
#776 = DIRECTION('',(0.,-0.,1.));
#777 = DIRECTION('',(-1.,0.,0.));
#778 = ADVANCED_FACE('',(#779),#804,.T.);
#779 = FACE_BOUND('',#780,.T.);
#780 = EDGE_LOOP('',(#781,#782,#790,#798));
#781 = ORIENTED_EDGE('',*,*,#760,.T.);
#782 = ORIENTED_EDGE('',*,*,#783,.T.);
#783 = EDGE_CURVE('',#753,#784,#786,.T.);
#784 = VERTEX_POINT('',#785);
#785 = CARTESIAN_POINT('',(-0.95,0.2,0.145));
#786 = LINE('',#787,#788);
#787 = CARTESIAN_POINT('',(-0.8325,0.2,0.66));
#788 = VECTOR('',#789,1.);
#789 = DIRECTION('',(-0.222439261366,0.,-0.974946549818));
#790 = ORIENTED_EDGE('',*,*,#791,.F.);
#791 = EDGE_CURVE('',#792,#784,#794,.T.);
#792 = VERTEX_POINT('',#793);
#793 = CARTESIAN_POINT('',(-0.95,-0.2,0.145));
#794 = LINE('',#795,#796);
#795 = CARTESIAN_POINT('',(-0.95,-0.2,0.145));
#796 = VECTOR('',#797,1.);
#797 = DIRECTION('',(0.,1.,0.));
#798 = ORIENTED_EDGE('',*,*,#799,.F.);
#799 = EDGE_CURVE('',#761,#792,#800,.T.);
#800 = LINE('',#801,#802);
#801 = CARTESIAN_POINT('',(-0.8325,-0.2,0.66));
#802 = VECTOR('',#803,1.);
#803 = DIRECTION('',(-0.222439261366,0.,-0.974946549818));
#804 = PLANE('',#805);
#805 = AXIS2_PLACEMENT_3D('',#806,#807,#808);
#806 = CARTESIAN_POINT('',(-0.8325,-0.2,0.66));
#807 = DIRECTION('',(-0.974946549818,0.,0.222439261366));
#808 = DIRECTION('',(-0.222439261366,0.,-0.974946549818));
#809 = ADVANCED_FACE('',(#810),#835,.T.);
#810 = FACE_BOUND('',#811,.T.);
#811 = EDGE_LOOP('',(#812,#813,#821,#829));
#812 = ORIENTED_EDGE('',*,*,#791,.T.);
#813 = ORIENTED_EDGE('',*,*,#814,.T.);
#814 = EDGE_CURVE('',#784,#815,#817,.T.);
#815 = VERTEX_POINT('',#816);
#816 = CARTESIAN_POINT('',(-1.4,0.2,0.145));
#817 = LINE('',#818,#819);
#818 = CARTESIAN_POINT('',(-0.95,0.2,0.145));
#819 = VECTOR('',#820,1.);
#820 = DIRECTION('',(-1.,0.,0.));
#821 = ORIENTED_EDGE('',*,*,#822,.F.);
#822 = EDGE_CURVE('',#823,#815,#825,.T.);
#823 = VERTEX_POINT('',#824);
#824 = CARTESIAN_POINT('',(-1.4,-0.2,0.145));
#825 = LINE('',#826,#827);
#826 = CARTESIAN_POINT('',(-1.4,-0.2,0.145));
#827 = VECTOR('',#828,1.);
#828 = DIRECTION('',(0.,1.,0.));
#829 = ORIENTED_EDGE('',*,*,#830,.F.);
#830 = EDGE_CURVE('',#792,#823,#831,.T.);
#831 = LINE('',#832,#833);
#832 = CARTESIAN_POINT('',(-0.95,-0.2,0.145));
#833 = VECTOR('',#834,1.);
#834 = DIRECTION('',(-1.,0.,0.));
#835 = PLANE('',#836);
#836 = AXIS2_PLACEMENT_3D('',#837,#838,#839);
#837 = CARTESIAN_POINT('',(-0.95,-0.2,0.145));
#838 = DIRECTION('',(0.,-0.,1.));
#839 = DIRECTION('',(-1.,0.,0.));
#840 = ADVANCED_FACE('',(#841),#866,.T.);
#841 = FACE_BOUND('',#842,.T.);
#842 = EDGE_LOOP('',(#843,#844,#852,#860));
#843 = ORIENTED_EDGE('',*,*,#822,.T.);
#844 = ORIENTED_EDGE('',*,*,#845,.T.);
#845 = EDGE_CURVE('',#815,#846,#848,.T.);
#846 = VERTEX_POINT('',#847);
#847 = CARTESIAN_POINT('',(-1.4,0.2,0.));
#848 = LINE('',#849,#850);
#849 = CARTESIAN_POINT('',(-1.4,0.2,0.145));
#850 = VECTOR('',#851,1.);
#851 = DIRECTION('',(0.,0.,-1.));
#852 = ORIENTED_EDGE('',*,*,#853,.F.);
#853 = EDGE_CURVE('',#854,#846,#856,.T.);
#854 = VERTEX_POINT('',#855);
#855 = CARTESIAN_POINT('',(-1.4,-0.2,0.));
#856 = LINE('',#857,#858);
#857 = CARTESIAN_POINT('',(-1.4,-0.2,0.));
#858 = VECTOR('',#859,1.);
#859 = DIRECTION('',(0.,1.,0.));
#860 = ORIENTED_EDGE('',*,*,#861,.F.);
#861 = EDGE_CURVE('',#823,#854,#862,.T.);
#862 = LINE('',#863,#864);
#863 = CARTESIAN_POINT('',(-1.4,-0.2,0.145));
#864 = VECTOR('',#865,1.);
#865 = DIRECTION('',(0.,0.,-1.));
#866 = PLANE('',#867);
#867 = AXIS2_PLACEMENT_3D('',#868,#869,#870);
#868 = CARTESIAN_POINT('',(-1.4,-0.2,0.145));
#869 = DIRECTION('',(-1.,0.,0.));
#870 = DIRECTION('',(0.,0.,-1.));
#871 = ADVANCED_FACE('',(#872),#897,.T.);
#872 = FACE_BOUND('',#873,.T.);
#873 = EDGE_LOOP('',(#874,#875,#883,#891));
#874 = ORIENTED_EDGE('',*,*,#853,.T.);
#875 = ORIENTED_EDGE('',*,*,#876,.T.);
#876 = EDGE_CURVE('',#846,#877,#879,.T.);
#877 = VERTEX_POINT('',#878);
#878 = CARTESIAN_POINT('',(-0.87,0.2,0.));
#879 = LINE('',#880,#881);
#880 = CARTESIAN_POINT('',(-1.4,0.2,0.));
#881 = VECTOR('',#882,1.);
#882 = DIRECTION('',(1.,0.,0.));
#883 = ORIENTED_EDGE('',*,*,#884,.F.);
#884 = EDGE_CURVE('',#885,#877,#887,.T.);
#885 = VERTEX_POINT('',#886);
#886 = CARTESIAN_POINT('',(-0.87,-0.2,0.));
#887 = LINE('',#888,#889);
#888 = CARTESIAN_POINT('',(-0.87,-0.2,0.));
#889 = VECTOR('',#890,1.);
#890 = DIRECTION('',(0.,1.,0.));
#891 = ORIENTED_EDGE('',*,*,#892,.F.);
#892 = EDGE_CURVE('',#854,#885,#893,.T.);
#893 = LINE('',#894,#895);
#894 = CARTESIAN_POINT('',(-1.4,-0.2,0.));
#895 = VECTOR('',#896,1.);
#896 = DIRECTION('',(1.,0.,0.));
#897 = PLANE('',#898);
#898 = AXIS2_PLACEMENT_3D('',#899,#900,#901);
#899 = CARTESIAN_POINT('',(-1.4,-0.2,0.));
#900 = DIRECTION('',(0.,0.,-1.));
#901 = DIRECTION('',(1.,0.,0.));
#902 = ADVANCED_FACE('',(#903),#928,.T.);
#903 = FACE_BOUND('',#904,.T.);
#904 = EDGE_LOOP('',(#905,#906,#914,#922));
#905 = ORIENTED_EDGE('',*,*,#884,.T.);
#906 = ORIENTED_EDGE('',*,*,#907,.T.);
#907 = EDGE_CURVE('',#877,#908,#910,.T.);
#908 = VERTEX_POINT('',#909);
#909 = CARTESIAN_POINT('',(-0.7825,0.2,0.515));
#910 = LINE('',#911,#912);
#911 = CARTESIAN_POINT('',(-0.87,0.2,0.));
#912 = VECTOR('',#913,1.);
#913 = DIRECTION('',(0.167502465979,0.,0.985871656906));
#914 = ORIENTED_EDGE('',*,*,#915,.F.);
#915 = EDGE_CURVE('',#916,#908,#918,.T.);
#916 = VERTEX_POINT('',#917);
#917 = CARTESIAN_POINT('',(-0.7825,-0.2,0.515));
#918 = LINE('',#919,#920);
#919 = CARTESIAN_POINT('',(-0.7825,-0.2,0.515));
#920 = VECTOR('',#921,1.);
#921 = DIRECTION('',(0.,1.,0.));
#922 = ORIENTED_EDGE('',*,*,#923,.F.);
#923 = EDGE_CURVE('',#885,#916,#924,.T.);
#924 = LINE('',#925,#926);
#925 = CARTESIAN_POINT('',(-0.87,-0.2,0.));
#926 = VECTOR('',#927,1.);
#927 = DIRECTION('',(0.167502465979,0.,0.985871656906));
#928 = PLANE('',#929);
#929 = AXIS2_PLACEMENT_3D('',#930,#931,#932);
#930 = CARTESIAN_POINT('',(-0.87,-0.2,0.));
#931 = DIRECTION('',(0.985871656906,0.,-0.167502465979));
#932 = DIRECTION('',(0.167502465979,0.,0.985871656906));
#933 = ADVANCED_FACE('',(#934),#959,.T.);
#934 = FACE_BOUND('',#935,.T.);
#935 = EDGE_LOOP('',(#936,#937,#945,#953));
#936 = ORIENTED_EDGE('',*,*,#915,.T.);
#937 = ORIENTED_EDGE('',*,*,#938,.T.);
#938 = EDGE_CURVE('',#908,#939,#941,.T.);
#939 = VERTEX_POINT('',#940);
#940 = CARTESIAN_POINT('',(-0.7525,0.2,0.515));
#941 = LINE('',#942,#943);
#942 = CARTESIAN_POINT('',(-0.7825,0.2,0.515));
#943 = VECTOR('',#944,1.);
#944 = DIRECTION('',(1.,0.,0.));
#945 = ORIENTED_EDGE('',*,*,#946,.F.);
#946 = EDGE_CURVE('',#947,#939,#949,.T.);
#947 = VERTEX_POINT('',#948);
#948 = CARTESIAN_POINT('',(-0.7525,-0.2,0.515));
#949 = LINE('',#950,#951);
#950 = CARTESIAN_POINT('',(-0.7525,-0.2,0.515));
#951 = VECTOR('',#952,1.);
#952 = DIRECTION('',(0.,1.,0.));
#953 = ORIENTED_EDGE('',*,*,#954,.F.);
#954 = EDGE_CURVE('',#916,#947,#955,.T.);
#955 = LINE('',#956,#957);
#956 = CARTESIAN_POINT('',(-0.7825,-0.2,0.515));
#957 = VECTOR('',#958,1.);
#958 = DIRECTION('',(1.,0.,0.));
#959 = PLANE('',#960);
#960 = AXIS2_PLACEMENT_3D('',#961,#962,#963);
#961 = CARTESIAN_POINT('',(-0.7825,-0.2,0.515));
#962 = DIRECTION('',(0.,0.,-1.));
#963 = DIRECTION('',(1.,0.,0.));
#964 = ADVANCED_FACE('',(#965),#981,.T.);
#965 = FACE_BOUND('',#966,.T.);
#966 = EDGE_LOOP('',(#967,#968,#974,#975));
#967 = ORIENTED_EDGE('',*,*,#946,.T.);
#968 = ORIENTED_EDGE('',*,*,#969,.T.);
#969 = EDGE_CURVE('',#939,#745,#970,.T.);
#970 = LINE('',#971,#972);
#971 = CARTESIAN_POINT('',(-0.7525,0.2,0.515));
#972 = VECTOR('',#973,1.);
#973 = DIRECTION('',(0.,0.,1.));
#974 = ORIENTED_EDGE('',*,*,#742,.F.);
#975 = ORIENTED_EDGE('',*,*,#976,.F.);
#976 = EDGE_CURVE('',#947,#743,#977,.T.);
#977 = LINE('',#978,#979);
#978 = CARTESIAN_POINT('',(-0.7525,-0.2,0.515));
#979 = VECTOR('',#980,1.);
#980 = DIRECTION('',(0.,0.,1.));
#981 = PLANE('',#982);
#982 = AXIS2_PLACEMENT_3D('',#983,#984,#985);
#983 = CARTESIAN_POINT('',(-0.7525,-0.2,0.515));
#984 = DIRECTION('',(1.,0.,0.));
#985 = DIRECTION('',(0.,0.,1.));
#986 = ADVANCED_FACE('',(#987),#997,.T.);
#987 = FACE_BOUND('',#988,.T.);
#988 = EDGE_LOOP('',(#989,#990,#991,#992,#993,#994,#995,#996));
#989 = ORIENTED_EDGE('',*,*,#768,.T.);
#990 = ORIENTED_EDGE('',*,*,#799,.T.);
#991 = ORIENTED_EDGE('',*,*,#830,.T.);
#992 = ORIENTED_EDGE('',*,*,#861,.T.);
#993 = ORIENTED_EDGE('',*,*,#892,.T.);
#994 = ORIENTED_EDGE('',*,*,#923,.T.);
#995 = ORIENTED_EDGE('',*,*,#954,.T.);
#996 = ORIENTED_EDGE('',*,*,#976,.T.);
#997 = PLANE('',#998);
#998 = AXIS2_PLACEMENT_3D('',#999,#1000,#1001);
#999 = CARTESIAN_POINT('',(-1.000258557658,-0.2,0.237111716138));
#1000 = DIRECTION('',(-0.,-1.,-0.));
#1001 = DIRECTION('',(0.,0.,-1.));
#1002 = ADVANCED_FACE('',(#1003),#1013,.F.);
#1003 = FACE_BOUND('',#1004,.F.);
#1004 = EDGE_LOOP('',(#1005,#1006,#1007,#1008,#1009,#1010,#1011,#1012));
#1005 = ORIENTED_EDGE('',*,*,#752,.T.);
#1006 = ORIENTED_EDGE('',*,*,#783,.T.);
#1007 = ORIENTED_EDGE('',*,*,#814,.T.);
#1008 = ORIENTED_EDGE('',*,*,#845,.T.);
#1009 = ORIENTED_EDGE('',*,*,#876,.T.);
#1010 = ORIENTED_EDGE('',*,*,#907,.T.);
#1011 = ORIENTED_EDGE('',*,*,#938,.T.);
#1012 = ORIENTED_EDGE('',*,*,#969,.T.);
#1013 = PLANE('',#1014);
#1014 = AXIS2_PLACEMENT_3D('',#1015,#1016,#1017);
#1015 = CARTESIAN_POINT('',(-1.000258557658,0.2,0.237111716138));
#1016 = DIRECTION('',(-0.,-1.,-0.));
#1017 = DIRECTION('',(0.,0.,-1.));
#1018 = ( GEOMETRIC_REPRESENTATION_CONTEXT(3) 
GLOBAL_UNCERTAINTY_ASSIGNED_CONTEXT((#1022)) 
GLOBAL_UNIT_ASSIGNED_CONTEXT((#1019,#1020,#1021)) REPRESENTATION_CONTEXT
('Context #1','3D Context with UNIT and UNCERTAINTY') );
#1019 = ( LENGTH_UNIT() NAMED_UNIT(*) SI_UNIT(.MILLI.,.METRE.) );
#1020 = ( NAMED_UNIT(*) PLANE_ANGLE_UNIT() SI_UNIT($,.RADIAN.) );
#1021 = ( NAMED_UNIT(*) SI_UNIT($,.STERADIAN.) SOLID_ANGLE_UNIT() );
#1022 = UNCERTAINTY_MEASURE_WITH_UNIT(LENGTH_MEASURE(1.E-07),#1019,
  'distance_accuracy_value','confusion accuracy');
#1023 = CONTEXT_DEPENDENT_SHAPE_REPRESENTATION(#1024,#1026);
#1024 = ( REPRESENTATION_RELATIONSHIP('','',#735,#10) 
REPRESENTATION_RELATIONSHIP_WITH_TRANSFORMATION(#1025) 
SHAPE_REPRESENTATION_RELATIONSHIP() );
#1025 = ITEM_DEFINED_TRANSFORMATION('','',#11,#27);
#1026 = PRODUCT_DEFINITION_SHAPE('Placement','Placement of an item',
  #1027);
#1027 = NEXT_ASSEMBLY_USAGE_OCCURRENCE('21','Lead_2','',#5,#730,$);
#1028 = PRODUCT_RELATED_PRODUCT_CATEGORY('part',$,(#732));
#1029 = SHAPE_DEFINITION_REPRESENTATION(#1030,#1036);
#1030 = PRODUCT_DEFINITION_SHAPE('','',#1031);
#1031 = PRODUCT_DEFINITION('design','',#1032,#1035);
#1032 = PRODUCT_DEFINITION_FORMATION('','',#1033);
#1033 = PRODUCT('Lead_3','Lead_3','',(#1034));
#1034 = PRODUCT_CONTEXT('',#2,'mechanical');
#1035 = PRODUCT_DEFINITION_CONTEXT('part definition',#2,'design');
#1036 = ADVANCED_BREP_SHAPE_REPRESENTATION('',(#11,#1037),#1319);
#1037 = MANIFOLD_SOLID_BREP('',#1038);
#1038 = CLOSED_SHELL('',(#1039,#1079,#1110,#1141,#1172,#1203,#1234,#1265
    ,#1287,#1303));
#1039 = ADVANCED_FACE('',(#1040),#1074,.T.);
#1040 = FACE_BOUND('',#1041,.T.);
#1041 = EDGE_LOOP('',(#1042,#1052,#1060,#1068));
#1042 = ORIENTED_EDGE('',*,*,#1043,.T.);
#1043 = EDGE_CURVE('',#1044,#1046,#1048,.T.);
#1044 = VERTEX_POINT('',#1045);
#1045 = CARTESIAN_POINT('',(-0.7525,-1.15,0.66));
#1046 = VERTEX_POINT('',#1047);
#1047 = CARTESIAN_POINT('',(-0.7525,-0.75,0.66));
#1048 = LINE('',#1049,#1050);
#1049 = CARTESIAN_POINT('',(-0.7525,-1.15,0.66));
#1050 = VECTOR('',#1051,1.);
#1051 = DIRECTION('',(0.,1.,0.));
#1052 = ORIENTED_EDGE('',*,*,#1053,.T.);
#1053 = EDGE_CURVE('',#1046,#1054,#1056,.T.);
#1054 = VERTEX_POINT('',#1055);
#1055 = CARTESIAN_POINT('',(-0.8325,-0.75,0.66));
#1056 = LINE('',#1057,#1058);
#1057 = CARTESIAN_POINT('',(-0.7525,-0.75,0.66));
#1058 = VECTOR('',#1059,1.);
#1059 = DIRECTION('',(-1.,0.,0.));
#1060 = ORIENTED_EDGE('',*,*,#1061,.F.);
#1061 = EDGE_CURVE('',#1062,#1054,#1064,.T.);
#1062 = VERTEX_POINT('',#1063);
#1063 = CARTESIAN_POINT('',(-0.8325,-1.15,0.66));
#1064 = LINE('',#1065,#1066);
#1065 = CARTESIAN_POINT('',(-0.8325,-1.15,0.66));
#1066 = VECTOR('',#1067,1.);
#1067 = DIRECTION('',(0.,1.,0.));
#1068 = ORIENTED_EDGE('',*,*,#1069,.F.);
#1069 = EDGE_CURVE('',#1044,#1062,#1070,.T.);
#1070 = LINE('',#1071,#1072);
#1071 = CARTESIAN_POINT('',(-0.7525,-1.15,0.66));
#1072 = VECTOR('',#1073,1.);
#1073 = DIRECTION('',(-1.,0.,0.));
#1074 = PLANE('',#1075);
#1075 = AXIS2_PLACEMENT_3D('',#1076,#1077,#1078);
#1076 = CARTESIAN_POINT('',(-0.7525,-1.15,0.66));
#1077 = DIRECTION('',(0.,-0.,1.));
#1078 = DIRECTION('',(-1.,0.,0.));
#1079 = ADVANCED_FACE('',(#1080),#1105,.T.);
#1080 = FACE_BOUND('',#1081,.T.);
#1081 = EDGE_LOOP('',(#1082,#1083,#1091,#1099));
#1082 = ORIENTED_EDGE('',*,*,#1061,.T.);
#1083 = ORIENTED_EDGE('',*,*,#1084,.T.);
#1084 = EDGE_CURVE('',#1054,#1085,#1087,.T.);
#1085 = VERTEX_POINT('',#1086);
#1086 = CARTESIAN_POINT('',(-0.95,-0.75,0.145));
#1087 = LINE('',#1088,#1089);
#1088 = CARTESIAN_POINT('',(-0.8325,-0.75,0.66));
#1089 = VECTOR('',#1090,1.);
#1090 = DIRECTION('',(-0.222439261366,0.,-0.974946549818));
#1091 = ORIENTED_EDGE('',*,*,#1092,.F.);
#1092 = EDGE_CURVE('',#1093,#1085,#1095,.T.);
#1093 = VERTEX_POINT('',#1094);
#1094 = CARTESIAN_POINT('',(-0.95,-1.15,0.145));
#1095 = LINE('',#1096,#1097);
#1096 = CARTESIAN_POINT('',(-0.95,-1.15,0.145));
#1097 = VECTOR('',#1098,1.);
#1098 = DIRECTION('',(0.,1.,0.));
#1099 = ORIENTED_EDGE('',*,*,#1100,.F.);
#1100 = EDGE_CURVE('',#1062,#1093,#1101,.T.);
#1101 = LINE('',#1102,#1103);
#1102 = CARTESIAN_POINT('',(-0.8325,-1.15,0.66));
#1103 = VECTOR('',#1104,1.);
#1104 = DIRECTION('',(-0.222439261366,0.,-0.974946549818));
#1105 = PLANE('',#1106);
#1106 = AXIS2_PLACEMENT_3D('',#1107,#1108,#1109);
#1107 = CARTESIAN_POINT('',(-0.8325,-1.15,0.66));
#1108 = DIRECTION('',(-0.974946549818,0.,0.222439261366));
#1109 = DIRECTION('',(-0.222439261366,0.,-0.974946549818));
#1110 = ADVANCED_FACE('',(#1111),#1136,.T.);
#1111 = FACE_BOUND('',#1112,.T.);
#1112 = EDGE_LOOP('',(#1113,#1114,#1122,#1130));
#1113 = ORIENTED_EDGE('',*,*,#1092,.T.);
#1114 = ORIENTED_EDGE('',*,*,#1115,.T.);
#1115 = EDGE_CURVE('',#1085,#1116,#1118,.T.);
#1116 = VERTEX_POINT('',#1117);
#1117 = CARTESIAN_POINT('',(-1.4,-0.75,0.145));
#1118 = LINE('',#1119,#1120);
#1119 = CARTESIAN_POINT('',(-0.95,-0.75,0.145));
#1120 = VECTOR('',#1121,1.);
#1121 = DIRECTION('',(-1.,0.,0.));
#1122 = ORIENTED_EDGE('',*,*,#1123,.F.);
#1123 = EDGE_CURVE('',#1124,#1116,#1126,.T.);
#1124 = VERTEX_POINT('',#1125);
#1125 = CARTESIAN_POINT('',(-1.4,-1.15,0.145));
#1126 = LINE('',#1127,#1128);
#1127 = CARTESIAN_POINT('',(-1.4,-1.15,0.145));
#1128 = VECTOR('',#1129,1.);
#1129 = DIRECTION('',(0.,1.,0.));
#1130 = ORIENTED_EDGE('',*,*,#1131,.F.);
#1131 = EDGE_CURVE('',#1093,#1124,#1132,.T.);
#1132 = LINE('',#1133,#1134);
#1133 = CARTESIAN_POINT('',(-0.95,-1.15,0.145));
#1134 = VECTOR('',#1135,1.);
#1135 = DIRECTION('',(-1.,0.,0.));
#1136 = PLANE('',#1137);
#1137 = AXIS2_PLACEMENT_3D('',#1138,#1139,#1140);
#1138 = CARTESIAN_POINT('',(-0.95,-1.15,0.145));
#1139 = DIRECTION('',(0.,-0.,1.));
#1140 = DIRECTION('',(-1.,0.,0.));
#1141 = ADVANCED_FACE('',(#1142),#1167,.T.);
#1142 = FACE_BOUND('',#1143,.T.);
#1143 = EDGE_LOOP('',(#1144,#1145,#1153,#1161));
#1144 = ORIENTED_EDGE('',*,*,#1123,.T.);
#1145 = ORIENTED_EDGE('',*,*,#1146,.T.);
#1146 = EDGE_CURVE('',#1116,#1147,#1149,.T.);
#1147 = VERTEX_POINT('',#1148);
#1148 = CARTESIAN_POINT('',(-1.4,-0.75,0.));
#1149 = LINE('',#1150,#1151);
#1150 = CARTESIAN_POINT('',(-1.4,-0.75,0.145));
#1151 = VECTOR('',#1152,1.);
#1152 = DIRECTION('',(0.,0.,-1.));
#1153 = ORIENTED_EDGE('',*,*,#1154,.F.);
#1154 = EDGE_CURVE('',#1155,#1147,#1157,.T.);
#1155 = VERTEX_POINT('',#1156);
#1156 = CARTESIAN_POINT('',(-1.4,-1.15,0.));
#1157 = LINE('',#1158,#1159);
#1158 = CARTESIAN_POINT('',(-1.4,-1.15,0.));
#1159 = VECTOR('',#1160,1.);
#1160 = DIRECTION('',(0.,1.,0.));
#1161 = ORIENTED_EDGE('',*,*,#1162,.F.);
#1162 = EDGE_CURVE('',#1124,#1155,#1163,.T.);
#1163 = LINE('',#1164,#1165);
#1164 = CARTESIAN_POINT('',(-1.4,-1.15,0.145));
#1165 = VECTOR('',#1166,1.);
#1166 = DIRECTION('',(0.,0.,-1.));
#1167 = PLANE('',#1168);
#1168 = AXIS2_PLACEMENT_3D('',#1169,#1170,#1171);
#1169 = CARTESIAN_POINT('',(-1.4,-1.15,0.145));
#1170 = DIRECTION('',(-1.,0.,0.));
#1171 = DIRECTION('',(0.,0.,-1.));
#1172 = ADVANCED_FACE('',(#1173),#1198,.T.);
#1173 = FACE_BOUND('',#1174,.T.);
#1174 = EDGE_LOOP('',(#1175,#1176,#1184,#1192));
#1175 = ORIENTED_EDGE('',*,*,#1154,.T.);
#1176 = ORIENTED_EDGE('',*,*,#1177,.T.);
#1177 = EDGE_CURVE('',#1147,#1178,#1180,.T.);
#1178 = VERTEX_POINT('',#1179);
#1179 = CARTESIAN_POINT('',(-0.87,-0.75,0.));
#1180 = LINE('',#1181,#1182);
#1181 = CARTESIAN_POINT('',(-1.4,-0.75,0.));
#1182 = VECTOR('',#1183,1.);
#1183 = DIRECTION('',(1.,0.,0.));
#1184 = ORIENTED_EDGE('',*,*,#1185,.F.);
#1185 = EDGE_CURVE('',#1186,#1178,#1188,.T.);
#1186 = VERTEX_POINT('',#1187);
#1187 = CARTESIAN_POINT('',(-0.87,-1.15,0.));
#1188 = LINE('',#1189,#1190);
#1189 = CARTESIAN_POINT('',(-0.87,-1.15,0.));
#1190 = VECTOR('',#1191,1.);
#1191 = DIRECTION('',(0.,1.,0.));
#1192 = ORIENTED_EDGE('',*,*,#1193,.F.);
#1193 = EDGE_CURVE('',#1155,#1186,#1194,.T.);
#1194 = LINE('',#1195,#1196);
#1195 = CARTESIAN_POINT('',(-1.4,-1.15,0.));
#1196 = VECTOR('',#1197,1.);
#1197 = DIRECTION('',(1.,0.,0.));
#1198 = PLANE('',#1199);
#1199 = AXIS2_PLACEMENT_3D('',#1200,#1201,#1202);
#1200 = CARTESIAN_POINT('',(-1.4,-1.15,0.));
#1201 = DIRECTION('',(0.,0.,-1.));
#1202 = DIRECTION('',(1.,0.,0.));
#1203 = ADVANCED_FACE('',(#1204),#1229,.T.);
#1204 = FACE_BOUND('',#1205,.T.);
#1205 = EDGE_LOOP('',(#1206,#1207,#1215,#1223));
#1206 = ORIENTED_EDGE('',*,*,#1185,.T.);
#1207 = ORIENTED_EDGE('',*,*,#1208,.T.);
#1208 = EDGE_CURVE('',#1178,#1209,#1211,.T.);
#1209 = VERTEX_POINT('',#1210);
#1210 = CARTESIAN_POINT('',(-0.7825,-0.75,0.515));
#1211 = LINE('',#1212,#1213);
#1212 = CARTESIAN_POINT('',(-0.87,-0.75,0.));
#1213 = VECTOR('',#1214,1.);
#1214 = DIRECTION('',(0.167502465979,0.,0.985871656906));
#1215 = ORIENTED_EDGE('',*,*,#1216,.F.);
#1216 = EDGE_CURVE('',#1217,#1209,#1219,.T.);
#1217 = VERTEX_POINT('',#1218);
#1218 = CARTESIAN_POINT('',(-0.7825,-1.15,0.515));
#1219 = LINE('',#1220,#1221);
#1220 = CARTESIAN_POINT('',(-0.7825,-1.15,0.515));
#1221 = VECTOR('',#1222,1.);
#1222 = DIRECTION('',(0.,1.,0.));
#1223 = ORIENTED_EDGE('',*,*,#1224,.F.);
#1224 = EDGE_CURVE('',#1186,#1217,#1225,.T.);
#1225 = LINE('',#1226,#1227);
#1226 = CARTESIAN_POINT('',(-0.87,-1.15,0.));
#1227 = VECTOR('',#1228,1.);
#1228 = DIRECTION('',(0.167502465979,0.,0.985871656906));
#1229 = PLANE('',#1230);
#1230 = AXIS2_PLACEMENT_3D('',#1231,#1232,#1233);
#1231 = CARTESIAN_POINT('',(-0.87,-1.15,0.));
#1232 = DIRECTION('',(0.985871656906,0.,-0.167502465979));
#1233 = DIRECTION('',(0.167502465979,0.,0.985871656906));
#1234 = ADVANCED_FACE('',(#1235),#1260,.T.);
#1235 = FACE_BOUND('',#1236,.T.);
#1236 = EDGE_LOOP('',(#1237,#1238,#1246,#1254));
#1237 = ORIENTED_EDGE('',*,*,#1216,.T.);
#1238 = ORIENTED_EDGE('',*,*,#1239,.T.);
#1239 = EDGE_CURVE('',#1209,#1240,#1242,.T.);
#1240 = VERTEX_POINT('',#1241);
#1241 = CARTESIAN_POINT('',(-0.7525,-0.75,0.515));
#1242 = LINE('',#1243,#1244);
#1243 = CARTESIAN_POINT('',(-0.7825,-0.75,0.515));
#1244 = VECTOR('',#1245,1.);
#1245 = DIRECTION('',(1.,0.,0.));
#1246 = ORIENTED_EDGE('',*,*,#1247,.F.);
#1247 = EDGE_CURVE('',#1248,#1240,#1250,.T.);
#1248 = VERTEX_POINT('',#1249);
#1249 = CARTESIAN_POINT('',(-0.7525,-1.15,0.515));
#1250 = LINE('',#1251,#1252);
#1251 = CARTESIAN_POINT('',(-0.7525,-1.15,0.515));
#1252 = VECTOR('',#1253,1.);
#1253 = DIRECTION('',(0.,1.,0.));
#1254 = ORIENTED_EDGE('',*,*,#1255,.F.);
#1255 = EDGE_CURVE('',#1217,#1248,#1256,.T.);
#1256 = LINE('',#1257,#1258);
#1257 = CARTESIAN_POINT('',(-0.7825,-1.15,0.515));
#1258 = VECTOR('',#1259,1.);
#1259 = DIRECTION('',(1.,0.,0.));
#1260 = PLANE('',#1261);
#1261 = AXIS2_PLACEMENT_3D('',#1262,#1263,#1264);
#1262 = CARTESIAN_POINT('',(-0.7825,-1.15,0.515));
#1263 = DIRECTION('',(0.,0.,-1.));
#1264 = DIRECTION('',(1.,0.,0.));
#1265 = ADVANCED_FACE('',(#1266),#1282,.T.);
#1266 = FACE_BOUND('',#1267,.T.);
#1267 = EDGE_LOOP('',(#1268,#1269,#1275,#1276));
#1268 = ORIENTED_EDGE('',*,*,#1247,.T.);
#1269 = ORIENTED_EDGE('',*,*,#1270,.T.);
#1270 = EDGE_CURVE('',#1240,#1046,#1271,.T.);
#1271 = LINE('',#1272,#1273);
#1272 = CARTESIAN_POINT('',(-0.7525,-0.75,0.515));
#1273 = VECTOR('',#1274,1.);
#1274 = DIRECTION('',(0.,0.,1.));
#1275 = ORIENTED_EDGE('',*,*,#1043,.F.);
#1276 = ORIENTED_EDGE('',*,*,#1277,.F.);
#1277 = EDGE_CURVE('',#1248,#1044,#1278,.T.);
#1278 = LINE('',#1279,#1280);
#1279 = CARTESIAN_POINT('',(-0.7525,-1.15,0.515));
#1280 = VECTOR('',#1281,1.);
#1281 = DIRECTION('',(0.,0.,1.));
#1282 = PLANE('',#1283);
#1283 = AXIS2_PLACEMENT_3D('',#1284,#1285,#1286);
#1284 = CARTESIAN_POINT('',(-0.7525,-1.15,0.515));
#1285 = DIRECTION('',(1.,0.,0.));
#1286 = DIRECTION('',(0.,0.,1.));
#1287 = ADVANCED_FACE('',(#1288),#1298,.T.);
#1288 = FACE_BOUND('',#1289,.T.);
#1289 = EDGE_LOOP('',(#1290,#1291,#1292,#1293,#1294,#1295,#1296,#1297));
#1290 = ORIENTED_EDGE('',*,*,#1069,.T.);
#1291 = ORIENTED_EDGE('',*,*,#1100,.T.);
#1292 = ORIENTED_EDGE('',*,*,#1131,.T.);
#1293 = ORIENTED_EDGE('',*,*,#1162,.T.);
#1294 = ORIENTED_EDGE('',*,*,#1193,.T.);
#1295 = ORIENTED_EDGE('',*,*,#1224,.T.);
#1296 = ORIENTED_EDGE('',*,*,#1255,.T.);
#1297 = ORIENTED_EDGE('',*,*,#1277,.T.);
#1298 = PLANE('',#1299);
#1299 = AXIS2_PLACEMENT_3D('',#1300,#1301,#1302);
#1300 = CARTESIAN_POINT('',(-1.000258557658,-1.15,0.237111716138));
#1301 = DIRECTION('',(-0.,-1.,-0.));
#1302 = DIRECTION('',(0.,0.,-1.));
#1303 = ADVANCED_FACE('',(#1304),#1314,.F.);
#1304 = FACE_BOUND('',#1305,.F.);
#1305 = EDGE_LOOP('',(#1306,#1307,#1308,#1309,#1310,#1311,#1312,#1313));
#1306 = ORIENTED_EDGE('',*,*,#1053,.T.);
#1307 = ORIENTED_EDGE('',*,*,#1084,.T.);
#1308 = ORIENTED_EDGE('',*,*,#1115,.T.);
#1309 = ORIENTED_EDGE('',*,*,#1146,.T.);
#1310 = ORIENTED_EDGE('',*,*,#1177,.T.);
#1311 = ORIENTED_EDGE('',*,*,#1208,.T.);
#1312 = ORIENTED_EDGE('',*,*,#1239,.T.);
#1313 = ORIENTED_EDGE('',*,*,#1270,.T.);
#1314 = PLANE('',#1315);
#1315 = AXIS2_PLACEMENT_3D('',#1316,#1317,#1318);
#1316 = CARTESIAN_POINT('',(-1.000258557658,-0.75,0.237111716138));
#1317 = DIRECTION('',(-0.,-1.,-0.));
#1318 = DIRECTION('',(0.,0.,-1.));
#1319 = ( GEOMETRIC_REPRESENTATION_CONTEXT(3) 
GLOBAL_UNCERTAINTY_ASSIGNED_CONTEXT((#1323)) 
GLOBAL_UNIT_ASSIGNED_CONTEXT((#1320,#1321,#1322)) REPRESENTATION_CONTEXT
('Context #1','3D Context with UNIT and UNCERTAINTY') );
#1320 = ( LENGTH_UNIT() NAMED_UNIT(*) SI_UNIT(.MILLI.,.METRE.) );
#1321 = ( NAMED_UNIT(*) PLANE_ANGLE_UNIT() SI_UNIT($,.RADIAN.) );
#1322 = ( NAMED_UNIT(*) SI_UNIT($,.STERADIAN.) SOLID_ANGLE_UNIT() );
#1323 = UNCERTAINTY_MEASURE_WITH_UNIT(LENGTH_MEASURE(1.E-07),#1320,
  'distance_accuracy_value','confusion accuracy');
#1324 = CONTEXT_DEPENDENT_SHAPE_REPRESENTATION(#1325,#1327);
#1325 = ( REPRESENTATION_RELATIONSHIP('','',#1036,#10) 
REPRESENTATION_RELATIONSHIP_WITH_TRANSFORMATION(#1326) 
SHAPE_REPRESENTATION_RELATIONSHIP() );
#1326 = ITEM_DEFINED_TRANSFORMATION('','',#11,#31);
#1327 = PRODUCT_DEFINITION_SHAPE('Placement','Placement of an item',
  #1328);
#1328 = NEXT_ASSEMBLY_USAGE_OCCURRENCE('22','Lead_3','',#5,#1031,$);
#1329 = PRODUCT_RELATED_PRODUCT_CATEGORY('part',$,(#1033));
#1330 = SHAPE_DEFINITION_REPRESENTATION(#1331,#1337);
#1331 = PRODUCT_DEFINITION_SHAPE('','',#1332);
#1332 = PRODUCT_DEFINITION('design','',#1333,#1336);
#1333 = PRODUCT_DEFINITION_FORMATION('','',#1334);
#1334 = PRODUCT('Lead_4','Lead_4','',(#1335));
#1335 = PRODUCT_CONTEXT('',#2,'mechanical');
#1336 = PRODUCT_DEFINITION_CONTEXT('part definition',#2,'design');
#1337 = ADVANCED_BREP_SHAPE_REPRESENTATION('',(#11,#1338),#1620);
#1338 = MANIFOLD_SOLID_BREP('',#1339);
#1339 = CLOSED_SHELL('',(#1340,#1380,#1411,#1442,#1473,#1504,#1535,#1566
    ,#1588,#1604));
#1340 = ADVANCED_FACE('',(#1341),#1375,.F.);
#1341 = FACE_BOUND('',#1342,.F.);
#1342 = EDGE_LOOP('',(#1343,#1353,#1361,#1369));
#1343 = ORIENTED_EDGE('',*,*,#1344,.T.);
#1344 = EDGE_CURVE('',#1345,#1347,#1349,.T.);
#1345 = VERTEX_POINT('',#1346);
#1346 = CARTESIAN_POINT('',(0.7525,-1.15,0.66));
#1347 = VERTEX_POINT('',#1348);
#1348 = CARTESIAN_POINT('',(0.7525,-0.75,0.66));
#1349 = LINE('',#1350,#1351);
#1350 = CARTESIAN_POINT('',(0.7525,-1.15,0.66));
#1351 = VECTOR('',#1352,1.);
#1352 = DIRECTION('',(0.,1.,0.));
#1353 = ORIENTED_EDGE('',*,*,#1354,.T.);
#1354 = EDGE_CURVE('',#1347,#1355,#1357,.T.);
#1355 = VERTEX_POINT('',#1356);
#1356 = CARTESIAN_POINT('',(0.8325,-0.75,0.66));
#1357 = LINE('',#1358,#1359);
#1358 = CARTESIAN_POINT('',(0.7525,-0.75,0.66));
#1359 = VECTOR('',#1360,1.);
#1360 = DIRECTION('',(1.,0.,0.));
#1361 = ORIENTED_EDGE('',*,*,#1362,.F.);
#1362 = EDGE_CURVE('',#1363,#1355,#1365,.T.);
#1363 = VERTEX_POINT('',#1364);
#1364 = CARTESIAN_POINT('',(0.8325,-1.15,0.66));
#1365 = LINE('',#1366,#1367);
#1366 = CARTESIAN_POINT('',(0.8325,-1.15,0.66));
#1367 = VECTOR('',#1368,1.);
#1368 = DIRECTION('',(0.,1.,0.));
#1369 = ORIENTED_EDGE('',*,*,#1370,.F.);
#1370 = EDGE_CURVE('',#1345,#1363,#1371,.T.);
#1371 = LINE('',#1372,#1373);
#1372 = CARTESIAN_POINT('',(0.7525,-1.15,0.66));
#1373 = VECTOR('',#1374,1.);
#1374 = DIRECTION('',(1.,0.,0.));
#1375 = PLANE('',#1376);
#1376 = AXIS2_PLACEMENT_3D('',#1377,#1378,#1379);
#1377 = CARTESIAN_POINT('',(0.7525,-1.15,0.66));
#1378 = DIRECTION('',(0.,0.,-1.));
#1379 = DIRECTION('',(1.,0.,0.));
#1380 = ADVANCED_FACE('',(#1381),#1406,.F.);
#1381 = FACE_BOUND('',#1382,.F.);
#1382 = EDGE_LOOP('',(#1383,#1384,#1392,#1400));
#1383 = ORIENTED_EDGE('',*,*,#1362,.T.);
#1384 = ORIENTED_EDGE('',*,*,#1385,.T.);
#1385 = EDGE_CURVE('',#1355,#1386,#1388,.T.);
#1386 = VERTEX_POINT('',#1387);
#1387 = CARTESIAN_POINT('',(0.95,-0.75,0.145));
#1388 = LINE('',#1389,#1390);
#1389 = CARTESIAN_POINT('',(0.8325,-0.75,0.66));
#1390 = VECTOR('',#1391,1.);
#1391 = DIRECTION('',(0.222439261366,0.,-0.974946549818));
#1392 = ORIENTED_EDGE('',*,*,#1393,.F.);
#1393 = EDGE_CURVE('',#1394,#1386,#1396,.T.);
#1394 = VERTEX_POINT('',#1395);
#1395 = CARTESIAN_POINT('',(0.95,-1.15,0.145));
#1396 = LINE('',#1397,#1398);
#1397 = CARTESIAN_POINT('',(0.95,-1.15,0.145));
#1398 = VECTOR('',#1399,1.);
#1399 = DIRECTION('',(0.,1.,0.));
#1400 = ORIENTED_EDGE('',*,*,#1401,.F.);
#1401 = EDGE_CURVE('',#1363,#1394,#1402,.T.);
#1402 = LINE('',#1403,#1404);
#1403 = CARTESIAN_POINT('',(0.8325,-1.15,0.66));
#1404 = VECTOR('',#1405,1.);
#1405 = DIRECTION('',(0.222439261366,0.,-0.974946549818));
#1406 = PLANE('',#1407);
#1407 = AXIS2_PLACEMENT_3D('',#1408,#1409,#1410);
#1408 = CARTESIAN_POINT('',(0.8325,-1.15,0.66));
#1409 = DIRECTION('',(-0.974946549818,0.,-0.222439261366));
#1410 = DIRECTION('',(0.222439261366,0.,-0.974946549818));
#1411 = ADVANCED_FACE('',(#1412),#1437,.F.);
#1412 = FACE_BOUND('',#1413,.F.);
#1413 = EDGE_LOOP('',(#1414,#1415,#1423,#1431));
#1414 = ORIENTED_EDGE('',*,*,#1393,.T.);
#1415 = ORIENTED_EDGE('',*,*,#1416,.T.);
#1416 = EDGE_CURVE('',#1386,#1417,#1419,.T.);
#1417 = VERTEX_POINT('',#1418);
#1418 = CARTESIAN_POINT('',(1.4,-0.75,0.145));
#1419 = LINE('',#1420,#1421);
#1420 = CARTESIAN_POINT('',(0.95,-0.75,0.145));
#1421 = VECTOR('',#1422,1.);
#1422 = DIRECTION('',(1.,0.,0.));
#1423 = ORIENTED_EDGE('',*,*,#1424,.F.);
#1424 = EDGE_CURVE('',#1425,#1417,#1427,.T.);
#1425 = VERTEX_POINT('',#1426);
#1426 = CARTESIAN_POINT('',(1.4,-1.15,0.145));
#1427 = LINE('',#1428,#1429);
#1428 = CARTESIAN_POINT('',(1.4,-1.15,0.145));
#1429 = VECTOR('',#1430,1.);
#1430 = DIRECTION('',(0.,1.,0.));
#1431 = ORIENTED_EDGE('',*,*,#1432,.F.);
#1432 = EDGE_CURVE('',#1394,#1425,#1433,.T.);
#1433 = LINE('',#1434,#1435);
#1434 = CARTESIAN_POINT('',(0.95,-1.15,0.145));
#1435 = VECTOR('',#1436,1.);
#1436 = DIRECTION('',(1.,0.,0.));
#1437 = PLANE('',#1438);
#1438 = AXIS2_PLACEMENT_3D('',#1439,#1440,#1441);
#1439 = CARTESIAN_POINT('',(0.95,-1.15,0.145));
#1440 = DIRECTION('',(0.,0.,-1.));
#1441 = DIRECTION('',(1.,0.,0.));
#1442 = ADVANCED_FACE('',(#1443),#1468,.F.);
#1443 = FACE_BOUND('',#1444,.F.);
#1444 = EDGE_LOOP('',(#1445,#1446,#1454,#1462));
#1445 = ORIENTED_EDGE('',*,*,#1424,.T.);
#1446 = ORIENTED_EDGE('',*,*,#1447,.T.);
#1447 = EDGE_CURVE('',#1417,#1448,#1450,.T.);
#1448 = VERTEX_POINT('',#1449);
#1449 = CARTESIAN_POINT('',(1.4,-0.75,0.));
#1450 = LINE('',#1451,#1452);
#1451 = CARTESIAN_POINT('',(1.4,-0.75,0.145));
#1452 = VECTOR('',#1453,1.);
#1453 = DIRECTION('',(0.,0.,-1.));
#1454 = ORIENTED_EDGE('',*,*,#1455,.F.);
#1455 = EDGE_CURVE('',#1456,#1448,#1458,.T.);
#1456 = VERTEX_POINT('',#1457);
#1457 = CARTESIAN_POINT('',(1.4,-1.15,0.));
#1458 = LINE('',#1459,#1460);
#1459 = CARTESIAN_POINT('',(1.4,-1.15,0.));
#1460 = VECTOR('',#1461,1.);
#1461 = DIRECTION('',(0.,1.,0.));
#1462 = ORIENTED_EDGE('',*,*,#1463,.F.);
#1463 = EDGE_CURVE('',#1425,#1456,#1464,.T.);
#1464 = LINE('',#1465,#1466);
#1465 = CARTESIAN_POINT('',(1.4,-1.15,0.145));
#1466 = VECTOR('',#1467,1.);
#1467 = DIRECTION('',(0.,0.,-1.));
#1468 = PLANE('',#1469);
#1469 = AXIS2_PLACEMENT_3D('',#1470,#1471,#1472);
#1470 = CARTESIAN_POINT('',(1.4,-1.15,0.145));
#1471 = DIRECTION('',(-1.,0.,0.));
#1472 = DIRECTION('',(0.,0.,-1.));
#1473 = ADVANCED_FACE('',(#1474),#1499,.F.);
#1474 = FACE_BOUND('',#1475,.F.);
#1475 = EDGE_LOOP('',(#1476,#1477,#1485,#1493));
#1476 = ORIENTED_EDGE('',*,*,#1455,.T.);
#1477 = ORIENTED_EDGE('',*,*,#1478,.T.);
#1478 = EDGE_CURVE('',#1448,#1479,#1481,.T.);
#1479 = VERTEX_POINT('',#1480);
#1480 = CARTESIAN_POINT('',(0.87,-0.75,0.));
#1481 = LINE('',#1482,#1483);
#1482 = CARTESIAN_POINT('',(1.4,-0.75,0.));
#1483 = VECTOR('',#1484,1.);
#1484 = DIRECTION('',(-1.,0.,0.));
#1485 = ORIENTED_EDGE('',*,*,#1486,.F.);
#1486 = EDGE_CURVE('',#1487,#1479,#1489,.T.);
#1487 = VERTEX_POINT('',#1488);
#1488 = CARTESIAN_POINT('',(0.87,-1.15,0.));
#1489 = LINE('',#1490,#1491);
#1490 = CARTESIAN_POINT('',(0.87,-1.15,0.));
#1491 = VECTOR('',#1492,1.);
#1492 = DIRECTION('',(0.,1.,0.));
#1493 = ORIENTED_EDGE('',*,*,#1494,.F.);
#1494 = EDGE_CURVE('',#1456,#1487,#1495,.T.);
#1495 = LINE('',#1496,#1497);
#1496 = CARTESIAN_POINT('',(1.4,-1.15,0.));
#1497 = VECTOR('',#1498,1.);
#1498 = DIRECTION('',(-1.,0.,0.));
#1499 = PLANE('',#1500);
#1500 = AXIS2_PLACEMENT_3D('',#1501,#1502,#1503);
#1501 = CARTESIAN_POINT('',(1.4,-1.15,0.));
#1502 = DIRECTION('',(0.,-0.,1.));
#1503 = DIRECTION('',(-1.,0.,0.));
#1504 = ADVANCED_FACE('',(#1505),#1530,.F.);
#1505 = FACE_BOUND('',#1506,.F.);
#1506 = EDGE_LOOP('',(#1507,#1508,#1516,#1524));
#1507 = ORIENTED_EDGE('',*,*,#1486,.T.);
#1508 = ORIENTED_EDGE('',*,*,#1509,.T.);
#1509 = EDGE_CURVE('',#1479,#1510,#1512,.T.);
#1510 = VERTEX_POINT('',#1511);
#1511 = CARTESIAN_POINT('',(0.7825,-0.75,0.515));
#1512 = LINE('',#1513,#1514);
#1513 = CARTESIAN_POINT('',(0.87,-0.75,0.));
#1514 = VECTOR('',#1515,1.);
#1515 = DIRECTION('',(-0.167502465979,0.,0.985871656906));
#1516 = ORIENTED_EDGE('',*,*,#1517,.F.);
#1517 = EDGE_CURVE('',#1518,#1510,#1520,.T.);
#1518 = VERTEX_POINT('',#1519);
#1519 = CARTESIAN_POINT('',(0.7825,-1.15,0.515));
#1520 = LINE('',#1521,#1522);
#1521 = CARTESIAN_POINT('',(0.7825,-1.15,0.515));
#1522 = VECTOR('',#1523,1.);
#1523 = DIRECTION('',(0.,1.,0.));
#1524 = ORIENTED_EDGE('',*,*,#1525,.F.);
#1525 = EDGE_CURVE('',#1487,#1518,#1526,.T.);
#1526 = LINE('',#1527,#1528);
#1527 = CARTESIAN_POINT('',(0.87,-1.15,0.));
#1528 = VECTOR('',#1529,1.);
#1529 = DIRECTION('',(-0.167502465979,0.,0.985871656906));
#1530 = PLANE('',#1531);
#1531 = AXIS2_PLACEMENT_3D('',#1532,#1533,#1534);
#1532 = CARTESIAN_POINT('',(0.87,-1.15,0.));
#1533 = DIRECTION('',(0.985871656906,-0.,0.167502465979));
#1534 = DIRECTION('',(-0.167502465979,0.,0.985871656906));
#1535 = ADVANCED_FACE('',(#1536),#1561,.F.);
#1536 = FACE_BOUND('',#1537,.F.);
#1537 = EDGE_LOOP('',(#1538,#1539,#1547,#1555));
#1538 = ORIENTED_EDGE('',*,*,#1517,.T.);
#1539 = ORIENTED_EDGE('',*,*,#1540,.T.);
#1540 = EDGE_CURVE('',#1510,#1541,#1543,.T.);
#1541 = VERTEX_POINT('',#1542);
#1542 = CARTESIAN_POINT('',(0.7525,-0.75,0.515));
#1543 = LINE('',#1544,#1545);
#1544 = CARTESIAN_POINT('',(0.7825,-0.75,0.515));
#1545 = VECTOR('',#1546,1.);
#1546 = DIRECTION('',(-1.,0.,0.));
#1547 = ORIENTED_EDGE('',*,*,#1548,.F.);
#1548 = EDGE_CURVE('',#1549,#1541,#1551,.T.);
#1549 = VERTEX_POINT('',#1550);
#1550 = CARTESIAN_POINT('',(0.7525,-1.15,0.515));
#1551 = LINE('',#1552,#1553);
#1552 = CARTESIAN_POINT('',(0.7525,-1.15,0.515));
#1553 = VECTOR('',#1554,1.);
#1554 = DIRECTION('',(0.,1.,0.));
#1555 = ORIENTED_EDGE('',*,*,#1556,.F.);
#1556 = EDGE_CURVE('',#1518,#1549,#1557,.T.);
#1557 = LINE('',#1558,#1559);
#1558 = CARTESIAN_POINT('',(0.7825,-1.15,0.515));
#1559 = VECTOR('',#1560,1.);
#1560 = DIRECTION('',(-1.,0.,0.));
#1561 = PLANE('',#1562);
#1562 = AXIS2_PLACEMENT_3D('',#1563,#1564,#1565);
#1563 = CARTESIAN_POINT('',(0.7825,-1.15,0.515));
#1564 = DIRECTION('',(0.,-0.,1.));
#1565 = DIRECTION('',(-1.,0.,0.));
#1566 = ADVANCED_FACE('',(#1567),#1583,.F.);
#1567 = FACE_BOUND('',#1568,.F.);
#1568 = EDGE_LOOP('',(#1569,#1570,#1576,#1577));
#1569 = ORIENTED_EDGE('',*,*,#1548,.T.);
#1570 = ORIENTED_EDGE('',*,*,#1571,.T.);
#1571 = EDGE_CURVE('',#1541,#1347,#1572,.T.);
#1572 = LINE('',#1573,#1574);
#1573 = CARTESIAN_POINT('',(0.7525,-0.75,0.515));
#1574 = VECTOR('',#1575,1.);
#1575 = DIRECTION('',(0.,0.,1.));
#1576 = ORIENTED_EDGE('',*,*,#1344,.F.);
#1577 = ORIENTED_EDGE('',*,*,#1578,.F.);
#1578 = EDGE_CURVE('',#1549,#1345,#1579,.T.);
#1579 = LINE('',#1580,#1581);
#1580 = CARTESIAN_POINT('',(0.7525,-1.15,0.515));
#1581 = VECTOR('',#1582,1.);
#1582 = DIRECTION('',(0.,0.,1.));
#1583 = PLANE('',#1584);
#1584 = AXIS2_PLACEMENT_3D('',#1585,#1586,#1587);
#1585 = CARTESIAN_POINT('',(0.7525,-1.15,0.515));
#1586 = DIRECTION('',(1.,0.,0.));
#1587 = DIRECTION('',(0.,0.,1.));
#1588 = ADVANCED_FACE('',(#1589),#1599,.F.);
#1589 = FACE_BOUND('',#1590,.F.);
#1590 = EDGE_LOOP('',(#1591,#1592,#1593,#1594,#1595,#1596,#1597,#1598));
#1591 = ORIENTED_EDGE('',*,*,#1370,.T.);
#1592 = ORIENTED_EDGE('',*,*,#1401,.T.);
#1593 = ORIENTED_EDGE('',*,*,#1432,.T.);
#1594 = ORIENTED_EDGE('',*,*,#1463,.T.);
#1595 = ORIENTED_EDGE('',*,*,#1494,.T.);
#1596 = ORIENTED_EDGE('',*,*,#1525,.T.);
#1597 = ORIENTED_EDGE('',*,*,#1556,.T.);
#1598 = ORIENTED_EDGE('',*,*,#1578,.T.);
#1599 = PLANE('',#1600);
#1600 = AXIS2_PLACEMENT_3D('',#1601,#1602,#1603);
#1601 = CARTESIAN_POINT('',(1.000258557658,-1.15,0.237111716138));
#1602 = DIRECTION('',(0.,1.,0.));
#1603 = DIRECTION('',(0.,-0.,1.));
#1604 = ADVANCED_FACE('',(#1605),#1615,.T.);
#1605 = FACE_BOUND('',#1606,.T.);
#1606 = EDGE_LOOP('',(#1607,#1608,#1609,#1610,#1611,#1612,#1613,#1614));
#1607 = ORIENTED_EDGE('',*,*,#1354,.T.);
#1608 = ORIENTED_EDGE('',*,*,#1385,.T.);
#1609 = ORIENTED_EDGE('',*,*,#1416,.T.);
#1610 = ORIENTED_EDGE('',*,*,#1447,.T.);
#1611 = ORIENTED_EDGE('',*,*,#1478,.T.);
#1612 = ORIENTED_EDGE('',*,*,#1509,.T.);
#1613 = ORIENTED_EDGE('',*,*,#1540,.T.);
#1614 = ORIENTED_EDGE('',*,*,#1571,.T.);
#1615 = PLANE('',#1616);
#1616 = AXIS2_PLACEMENT_3D('',#1617,#1618,#1619);
#1617 = CARTESIAN_POINT('',(1.000258557658,-0.75,0.237111716138));
#1618 = DIRECTION('',(0.,1.,0.));
#1619 = DIRECTION('',(0.,-0.,1.));
#1620 = ( GEOMETRIC_REPRESENTATION_CONTEXT(3) 
GLOBAL_UNCERTAINTY_ASSIGNED_CONTEXT((#1624)) 
GLOBAL_UNIT_ASSIGNED_CONTEXT((#1621,#1622,#1623)) REPRESENTATION_CONTEXT
('Context #1','3D Context with UNIT and UNCERTAINTY') );
#1621 = ( LENGTH_UNIT() NAMED_UNIT(*) SI_UNIT(.MILLI.,.METRE.) );
#1622 = ( NAMED_UNIT(*) PLANE_ANGLE_UNIT() SI_UNIT($,.RADIAN.) );
#1623 = ( NAMED_UNIT(*) SI_UNIT($,.STERADIAN.) SOLID_ANGLE_UNIT() );
#1624 = UNCERTAINTY_MEASURE_WITH_UNIT(LENGTH_MEASURE(1.E-07),#1621,
  'distance_accuracy_value','confusion accuracy');
#1625 = CONTEXT_DEPENDENT_SHAPE_REPRESENTATION(#1626,#1628);
#1626 = ( REPRESENTATION_RELATIONSHIP('','',#1337,#10) 
REPRESENTATION_RELATIONSHIP_WITH_TRANSFORMATION(#1627) 
SHAPE_REPRESENTATION_RELATIONSHIP() );
#1627 = ITEM_DEFINED_TRANSFORMATION('','',#11,#35);
#1628 = PRODUCT_DEFINITION_SHAPE('Placement','Placement of an item',
  #1629);
#1629 = NEXT_ASSEMBLY_USAGE_OCCURRENCE('23','Lead_4','',#5,#1332,$);
#1630 = PRODUCT_RELATED_PRODUCT_CATEGORY('part',$,(#1334));
#1631 = SHAPE_DEFINITION_REPRESENTATION(#1632,#1638);
#1632 = PRODUCT_DEFINITION_SHAPE('','',#1633);
#1633 = PRODUCT_DEFINITION('design','',#1634,#1637);
#1634 = PRODUCT_DEFINITION_FORMATION('','',#1635);
#1635 = PRODUCT('Lead_5','Lead_5','',(#1636));
#1636 = PRODUCT_CONTEXT('',#2,'mechanical');
#1637 = PRODUCT_DEFINITION_CONTEXT('part definition',#2,'design');
#1638 = ADVANCED_BREP_SHAPE_REPRESENTATION('',(#11,#1639),#1921);
#1639 = MANIFOLD_SOLID_BREP('',#1640);
#1640 = CLOSED_SHELL('',(#1641,#1681,#1712,#1743,#1774,#1805,#1836,#1867
    ,#1889,#1905));
#1641 = ADVANCED_FACE('',(#1642),#1676,.F.);
#1642 = FACE_BOUND('',#1643,.F.);
#1643 = EDGE_LOOP('',(#1644,#1654,#1662,#1670));
#1644 = ORIENTED_EDGE('',*,*,#1645,.T.);
#1645 = EDGE_CURVE('',#1646,#1648,#1650,.T.);
#1646 = VERTEX_POINT('',#1647);
#1647 = CARTESIAN_POINT('',(0.7525,-0.2,0.66));
#1648 = VERTEX_POINT('',#1649);
#1649 = CARTESIAN_POINT('',(0.7525,0.2,0.66));
#1650 = LINE('',#1651,#1652);
#1651 = CARTESIAN_POINT('',(0.7525,-0.2,0.66));
#1652 = VECTOR('',#1653,1.);
#1653 = DIRECTION('',(0.,1.,0.));
#1654 = ORIENTED_EDGE('',*,*,#1655,.T.);
#1655 = EDGE_CURVE('',#1648,#1656,#1658,.T.);
#1656 = VERTEX_POINT('',#1657);
#1657 = CARTESIAN_POINT('',(0.8325,0.2,0.66));
#1658 = LINE('',#1659,#1660);
#1659 = CARTESIAN_POINT('',(0.7525,0.2,0.66));
#1660 = VECTOR('',#1661,1.);
#1661 = DIRECTION('',(1.,0.,0.));
#1662 = ORIENTED_EDGE('',*,*,#1663,.F.);
#1663 = EDGE_CURVE('',#1664,#1656,#1666,.T.);
#1664 = VERTEX_POINT('',#1665);
#1665 = CARTESIAN_POINT('',(0.8325,-0.2,0.66));
#1666 = LINE('',#1667,#1668);
#1667 = CARTESIAN_POINT('',(0.8325,-0.2,0.66));
#1668 = VECTOR('',#1669,1.);
#1669 = DIRECTION('',(0.,1.,0.));
#1670 = ORIENTED_EDGE('',*,*,#1671,.F.);
#1671 = EDGE_CURVE('',#1646,#1664,#1672,.T.);
#1672 = LINE('',#1673,#1674);
#1673 = CARTESIAN_POINT('',(0.7525,-0.2,0.66));
#1674 = VECTOR('',#1675,1.);
#1675 = DIRECTION('',(1.,0.,0.));
#1676 = PLANE('',#1677);
#1677 = AXIS2_PLACEMENT_3D('',#1678,#1679,#1680);
#1678 = CARTESIAN_POINT('',(0.7525,-0.2,0.66));
#1679 = DIRECTION('',(0.,0.,-1.));
#1680 = DIRECTION('',(1.,0.,0.));
#1681 = ADVANCED_FACE('',(#1682),#1707,.F.);
#1682 = FACE_BOUND('',#1683,.F.);
#1683 = EDGE_LOOP('',(#1684,#1685,#1693,#1701));
#1684 = ORIENTED_EDGE('',*,*,#1663,.T.);
#1685 = ORIENTED_EDGE('',*,*,#1686,.T.);
#1686 = EDGE_CURVE('',#1656,#1687,#1689,.T.);
#1687 = VERTEX_POINT('',#1688);
#1688 = CARTESIAN_POINT('',(0.95,0.2,0.145));
#1689 = LINE('',#1690,#1691);
#1690 = CARTESIAN_POINT('',(0.8325,0.2,0.66));
#1691 = VECTOR('',#1692,1.);
#1692 = DIRECTION('',(0.222439261366,0.,-0.974946549818));
#1693 = ORIENTED_EDGE('',*,*,#1694,.F.);
#1694 = EDGE_CURVE('',#1695,#1687,#1697,.T.);
#1695 = VERTEX_POINT('',#1696);
#1696 = CARTESIAN_POINT('',(0.95,-0.2,0.145));
#1697 = LINE('',#1698,#1699);
#1698 = CARTESIAN_POINT('',(0.95,-0.2,0.145));
#1699 = VECTOR('',#1700,1.);
#1700 = DIRECTION('',(0.,1.,0.));
#1701 = ORIENTED_EDGE('',*,*,#1702,.F.);
#1702 = EDGE_CURVE('',#1664,#1695,#1703,.T.);
#1703 = LINE('',#1704,#1705);
#1704 = CARTESIAN_POINT('',(0.8325,-0.2,0.66));
#1705 = VECTOR('',#1706,1.);
#1706 = DIRECTION('',(0.222439261366,0.,-0.974946549818));
#1707 = PLANE('',#1708);
#1708 = AXIS2_PLACEMENT_3D('',#1709,#1710,#1711);
#1709 = CARTESIAN_POINT('',(0.8325,-0.2,0.66));
#1710 = DIRECTION('',(-0.974946549818,0.,-0.222439261366));
#1711 = DIRECTION('',(0.222439261366,0.,-0.974946549818));
#1712 = ADVANCED_FACE('',(#1713),#1738,.F.);
#1713 = FACE_BOUND('',#1714,.F.);
#1714 = EDGE_LOOP('',(#1715,#1716,#1724,#1732));
#1715 = ORIENTED_EDGE('',*,*,#1694,.T.);
#1716 = ORIENTED_EDGE('',*,*,#1717,.T.);
#1717 = EDGE_CURVE('',#1687,#1718,#1720,.T.);
#1718 = VERTEX_POINT('',#1719);
#1719 = CARTESIAN_POINT('',(1.4,0.2,0.145));
#1720 = LINE('',#1721,#1722);
#1721 = CARTESIAN_POINT('',(0.95,0.2,0.145));
#1722 = VECTOR('',#1723,1.);
#1723 = DIRECTION('',(1.,0.,0.));
#1724 = ORIENTED_EDGE('',*,*,#1725,.F.);
#1725 = EDGE_CURVE('',#1726,#1718,#1728,.T.);
#1726 = VERTEX_POINT('',#1727);
#1727 = CARTESIAN_POINT('',(1.4,-0.2,0.145));
#1728 = LINE('',#1729,#1730);
#1729 = CARTESIAN_POINT('',(1.4,-0.2,0.145));
#1730 = VECTOR('',#1731,1.);
#1731 = DIRECTION('',(0.,1.,0.));
#1732 = ORIENTED_EDGE('',*,*,#1733,.F.);
#1733 = EDGE_CURVE('',#1695,#1726,#1734,.T.);
#1734 = LINE('',#1735,#1736);
#1735 = CARTESIAN_POINT('',(0.95,-0.2,0.145));
#1736 = VECTOR('',#1737,1.);
#1737 = DIRECTION('',(1.,0.,0.));
#1738 = PLANE('',#1739);
#1739 = AXIS2_PLACEMENT_3D('',#1740,#1741,#1742);
#1740 = CARTESIAN_POINT('',(0.95,-0.2,0.145));
#1741 = DIRECTION('',(0.,0.,-1.));
#1742 = DIRECTION('',(1.,0.,0.));
#1743 = ADVANCED_FACE('',(#1744),#1769,.F.);
#1744 = FACE_BOUND('',#1745,.F.);
#1745 = EDGE_LOOP('',(#1746,#1747,#1755,#1763));
#1746 = ORIENTED_EDGE('',*,*,#1725,.T.);
#1747 = ORIENTED_EDGE('',*,*,#1748,.T.);
#1748 = EDGE_CURVE('',#1718,#1749,#1751,.T.);
#1749 = VERTEX_POINT('',#1750);
#1750 = CARTESIAN_POINT('',(1.4,0.2,0.));
#1751 = LINE('',#1752,#1753);
#1752 = CARTESIAN_POINT('',(1.4,0.2,0.145));
#1753 = VECTOR('',#1754,1.);
#1754 = DIRECTION('',(0.,0.,-1.));
#1755 = ORIENTED_EDGE('',*,*,#1756,.F.);
#1756 = EDGE_CURVE('',#1757,#1749,#1759,.T.);
#1757 = VERTEX_POINT('',#1758);
#1758 = CARTESIAN_POINT('',(1.4,-0.2,0.));
#1759 = LINE('',#1760,#1761);
#1760 = CARTESIAN_POINT('',(1.4,-0.2,0.));
#1761 = VECTOR('',#1762,1.);
#1762 = DIRECTION('',(0.,1.,0.));
#1763 = ORIENTED_EDGE('',*,*,#1764,.F.);
#1764 = EDGE_CURVE('',#1726,#1757,#1765,.T.);
#1765 = LINE('',#1766,#1767);
#1766 = CARTESIAN_POINT('',(1.4,-0.2,0.145));
#1767 = VECTOR('',#1768,1.);
#1768 = DIRECTION('',(0.,0.,-1.));
#1769 = PLANE('',#1770);
#1770 = AXIS2_PLACEMENT_3D('',#1771,#1772,#1773);
#1771 = CARTESIAN_POINT('',(1.4,-0.2,0.145));
#1772 = DIRECTION('',(-1.,0.,0.));
#1773 = DIRECTION('',(0.,0.,-1.));
#1774 = ADVANCED_FACE('',(#1775),#1800,.F.);
#1775 = FACE_BOUND('',#1776,.F.);
#1776 = EDGE_LOOP('',(#1777,#1778,#1786,#1794));
#1777 = ORIENTED_EDGE('',*,*,#1756,.T.);
#1778 = ORIENTED_EDGE('',*,*,#1779,.T.);
#1779 = EDGE_CURVE('',#1749,#1780,#1782,.T.);
#1780 = VERTEX_POINT('',#1781);
#1781 = CARTESIAN_POINT('',(0.87,0.2,0.));
#1782 = LINE('',#1783,#1784);
#1783 = CARTESIAN_POINT('',(1.4,0.2,0.));
#1784 = VECTOR('',#1785,1.);
#1785 = DIRECTION('',(-1.,0.,0.));
#1786 = ORIENTED_EDGE('',*,*,#1787,.F.);
#1787 = EDGE_CURVE('',#1788,#1780,#1790,.T.);
#1788 = VERTEX_POINT('',#1789);
#1789 = CARTESIAN_POINT('',(0.87,-0.2,0.));
#1790 = LINE('',#1791,#1792);
#1791 = CARTESIAN_POINT('',(0.87,-0.2,0.));
#1792 = VECTOR('',#1793,1.);
#1793 = DIRECTION('',(0.,1.,0.));
#1794 = ORIENTED_EDGE('',*,*,#1795,.F.);
#1795 = EDGE_CURVE('',#1757,#1788,#1796,.T.);
#1796 = LINE('',#1797,#1798);
#1797 = CARTESIAN_POINT('',(1.4,-0.2,0.));
#1798 = VECTOR('',#1799,1.);
#1799 = DIRECTION('',(-1.,0.,0.));
#1800 = PLANE('',#1801);
#1801 = AXIS2_PLACEMENT_3D('',#1802,#1803,#1804);
#1802 = CARTESIAN_POINT('',(1.4,-0.2,0.));
#1803 = DIRECTION('',(0.,-0.,1.));
#1804 = DIRECTION('',(-1.,0.,0.));
#1805 = ADVANCED_FACE('',(#1806),#1831,.F.);
#1806 = FACE_BOUND('',#1807,.F.);
#1807 = EDGE_LOOP('',(#1808,#1809,#1817,#1825));
#1808 = ORIENTED_EDGE('',*,*,#1787,.T.);
#1809 = ORIENTED_EDGE('',*,*,#1810,.T.);
#1810 = EDGE_CURVE('',#1780,#1811,#1813,.T.);
#1811 = VERTEX_POINT('',#1812);
#1812 = CARTESIAN_POINT('',(0.7825,0.2,0.515));
#1813 = LINE('',#1814,#1815);
#1814 = CARTESIAN_POINT('',(0.87,0.2,0.));
#1815 = VECTOR('',#1816,1.);
#1816 = DIRECTION('',(-0.167502465979,0.,0.985871656906));
#1817 = ORIENTED_EDGE('',*,*,#1818,.F.);
#1818 = EDGE_CURVE('',#1819,#1811,#1821,.T.);
#1819 = VERTEX_POINT('',#1820);
#1820 = CARTESIAN_POINT('',(0.7825,-0.2,0.515));
#1821 = LINE('',#1822,#1823);
#1822 = CARTESIAN_POINT('',(0.7825,-0.2,0.515));
#1823 = VECTOR('',#1824,1.);
#1824 = DIRECTION('',(0.,1.,0.));
#1825 = ORIENTED_EDGE('',*,*,#1826,.F.);
#1826 = EDGE_CURVE('',#1788,#1819,#1827,.T.);
#1827 = LINE('',#1828,#1829);
#1828 = CARTESIAN_POINT('',(0.87,-0.2,0.));
#1829 = VECTOR('',#1830,1.);
#1830 = DIRECTION('',(-0.167502465979,0.,0.985871656906));
#1831 = PLANE('',#1832);
#1832 = AXIS2_PLACEMENT_3D('',#1833,#1834,#1835);
#1833 = CARTESIAN_POINT('',(0.87,-0.2,0.));
#1834 = DIRECTION('',(0.985871656906,-0.,0.167502465979));
#1835 = DIRECTION('',(-0.167502465979,0.,0.985871656906));
#1836 = ADVANCED_FACE('',(#1837),#1862,.F.);
#1837 = FACE_BOUND('',#1838,.F.);
#1838 = EDGE_LOOP('',(#1839,#1840,#1848,#1856));
#1839 = ORIENTED_EDGE('',*,*,#1818,.T.);
#1840 = ORIENTED_EDGE('',*,*,#1841,.T.);
#1841 = EDGE_CURVE('',#1811,#1842,#1844,.T.);
#1842 = VERTEX_POINT('',#1843);
#1843 = CARTESIAN_POINT('',(0.7525,0.2,0.515));
#1844 = LINE('',#1845,#1846);
#1845 = CARTESIAN_POINT('',(0.7825,0.2,0.515));
#1846 = VECTOR('',#1847,1.);
#1847 = DIRECTION('',(-1.,0.,0.));
#1848 = ORIENTED_EDGE('',*,*,#1849,.F.);
#1849 = EDGE_CURVE('',#1850,#1842,#1852,.T.);
#1850 = VERTEX_POINT('',#1851);
#1851 = CARTESIAN_POINT('',(0.7525,-0.2,0.515));
#1852 = LINE('',#1853,#1854);
#1853 = CARTESIAN_POINT('',(0.7525,-0.2,0.515));
#1854 = VECTOR('',#1855,1.);
#1855 = DIRECTION('',(0.,1.,0.));
#1856 = ORIENTED_EDGE('',*,*,#1857,.F.);
#1857 = EDGE_CURVE('',#1819,#1850,#1858,.T.);
#1858 = LINE('',#1859,#1860);
#1859 = CARTESIAN_POINT('',(0.7825,-0.2,0.515));
#1860 = VECTOR('',#1861,1.);
#1861 = DIRECTION('',(-1.,0.,0.));
#1862 = PLANE('',#1863);
#1863 = AXIS2_PLACEMENT_3D('',#1864,#1865,#1866);
#1864 = CARTESIAN_POINT('',(0.7825,-0.2,0.515));
#1865 = DIRECTION('',(0.,-0.,1.));
#1866 = DIRECTION('',(-1.,0.,0.));
#1867 = ADVANCED_FACE('',(#1868),#1884,.F.);
#1868 = FACE_BOUND('',#1869,.F.);
#1869 = EDGE_LOOP('',(#1870,#1871,#1877,#1878));
#1870 = ORIENTED_EDGE('',*,*,#1849,.T.);
#1871 = ORIENTED_EDGE('',*,*,#1872,.T.);
#1872 = EDGE_CURVE('',#1842,#1648,#1873,.T.);
#1873 = LINE('',#1874,#1875);
#1874 = CARTESIAN_POINT('',(0.7525,0.2,0.515));
#1875 = VECTOR('',#1876,1.);
#1876 = DIRECTION('',(0.,0.,1.));
#1877 = ORIENTED_EDGE('',*,*,#1645,.F.);
#1878 = ORIENTED_EDGE('',*,*,#1879,.F.);
#1879 = EDGE_CURVE('',#1850,#1646,#1880,.T.);
#1880 = LINE('',#1881,#1882);
#1881 = CARTESIAN_POINT('',(0.7525,-0.2,0.515));
#1882 = VECTOR('',#1883,1.);
#1883 = DIRECTION('',(0.,0.,1.));
#1884 = PLANE('',#1885);
#1885 = AXIS2_PLACEMENT_3D('',#1886,#1887,#1888);
#1886 = CARTESIAN_POINT('',(0.7525,-0.2,0.515));
#1887 = DIRECTION('',(1.,0.,0.));
#1888 = DIRECTION('',(0.,0.,1.));
#1889 = ADVANCED_FACE('',(#1890),#1900,.F.);
#1890 = FACE_BOUND('',#1891,.F.);
#1891 = EDGE_LOOP('',(#1892,#1893,#1894,#1895,#1896,#1897,#1898,#1899));
#1892 = ORIENTED_EDGE('',*,*,#1671,.T.);
#1893 = ORIENTED_EDGE('',*,*,#1702,.T.);
#1894 = ORIENTED_EDGE('',*,*,#1733,.T.);
#1895 = ORIENTED_EDGE('',*,*,#1764,.T.);
#1896 = ORIENTED_EDGE('',*,*,#1795,.T.);
#1897 = ORIENTED_EDGE('',*,*,#1826,.T.);
#1898 = ORIENTED_EDGE('',*,*,#1857,.T.);
#1899 = ORIENTED_EDGE('',*,*,#1879,.T.);
#1900 = PLANE('',#1901);
#1901 = AXIS2_PLACEMENT_3D('',#1902,#1903,#1904);
#1902 = CARTESIAN_POINT('',(1.000258557658,-0.2,0.237111716138));
#1903 = DIRECTION('',(0.,1.,0.));
#1904 = DIRECTION('',(0.,-0.,1.));
#1905 = ADVANCED_FACE('',(#1906),#1916,.T.);
#1906 = FACE_BOUND('',#1907,.T.);
#1907 = EDGE_LOOP('',(#1908,#1909,#1910,#1911,#1912,#1913,#1914,#1915));
#1908 = ORIENTED_EDGE('',*,*,#1655,.T.);
#1909 = ORIENTED_EDGE('',*,*,#1686,.T.);
#1910 = ORIENTED_EDGE('',*,*,#1717,.T.);
#1911 = ORIENTED_EDGE('',*,*,#1748,.T.);
#1912 = ORIENTED_EDGE('',*,*,#1779,.T.);
#1913 = ORIENTED_EDGE('',*,*,#1810,.T.);
#1914 = ORIENTED_EDGE('',*,*,#1841,.T.);
#1915 = ORIENTED_EDGE('',*,*,#1872,.T.);
#1916 = PLANE('',#1917);
#1917 = AXIS2_PLACEMENT_3D('',#1918,#1919,#1920);
#1918 = CARTESIAN_POINT('',(1.000258557658,0.2,0.237111716138));
#1919 = DIRECTION('',(0.,1.,0.));
#1920 = DIRECTION('',(0.,-0.,1.));
#1921 = ( GEOMETRIC_REPRESENTATION_CONTEXT(3) 
GLOBAL_UNCERTAINTY_ASSIGNED_CONTEXT((#1925)) 
GLOBAL_UNIT_ASSIGNED_CONTEXT((#1922,#1923,#1924)) REPRESENTATION_CONTEXT
('Context #1','3D Context with UNIT and UNCERTAINTY') );
#1922 = ( LENGTH_UNIT() NAMED_UNIT(*) SI_UNIT(.MILLI.,.METRE.) );
#1923 = ( NAMED_UNIT(*) PLANE_ANGLE_UNIT() SI_UNIT($,.RADIAN.) );
#1924 = ( NAMED_UNIT(*) SI_UNIT($,.STERADIAN.) SOLID_ANGLE_UNIT() );
#1925 = UNCERTAINTY_MEASURE_WITH_UNIT(LENGTH_MEASURE(1.E-07),#1922,
  'distance_accuracy_value','confusion accuracy');
#1926 = CONTEXT_DEPENDENT_SHAPE_REPRESENTATION(#1927,#1929);
#1927 = ( REPRESENTATION_RELATIONSHIP('','',#1638,#10) 
REPRESENTATION_RELATIONSHIP_WITH_TRANSFORMATION(#1928) 
SHAPE_REPRESENTATION_RELATIONSHIP() );
#1928 = ITEM_DEFINED_TRANSFORMATION('','',#11,#39);
#1929 = PRODUCT_DEFINITION_SHAPE('Placement','Placement of an item',
  #1930);
#1930 = NEXT_ASSEMBLY_USAGE_OCCURRENCE('24','Lead_5','',#5,#1633,$);
#1931 = PRODUCT_RELATED_PRODUCT_CATEGORY('part',$,(#1635));
#1932 = SHAPE_DEFINITION_REPRESENTATION(#1933,#1939);
#1933 = PRODUCT_DEFINITION_SHAPE('','',#1934);
#1934 = PRODUCT_DEFINITION('design','',#1935,#1938);
#1935 = PRODUCT_DEFINITION_FORMATION('','',#1936);
#1936 = PRODUCT('Lead_6','Lead_6','',(#1937));
#1937 = PRODUCT_CONTEXT('',#2,'mechanical');
#1938 = PRODUCT_DEFINITION_CONTEXT('part definition',#2,'design');
#1939 = ADVANCED_BREP_SHAPE_REPRESENTATION('',(#11,#1940),#2222);
#1940 = MANIFOLD_SOLID_BREP('',#1941);
#1941 = CLOSED_SHELL('',(#1942,#1982,#2013,#2044,#2075,#2106,#2137,#2168
    ,#2190,#2206));
#1942 = ADVANCED_FACE('',(#1943),#1977,.F.);
#1943 = FACE_BOUND('',#1944,.F.);
#1944 = EDGE_LOOP('',(#1945,#1955,#1963,#1971));
#1945 = ORIENTED_EDGE('',*,*,#1946,.T.);
#1946 = EDGE_CURVE('',#1947,#1949,#1951,.T.);
#1947 = VERTEX_POINT('',#1948);
#1948 = CARTESIAN_POINT('',(0.7525,0.75,0.66));
#1949 = VERTEX_POINT('',#1950);
#1950 = CARTESIAN_POINT('',(0.7525,1.15,0.66));
#1951 = LINE('',#1952,#1953);
#1952 = CARTESIAN_POINT('',(0.7525,0.75,0.66));
#1953 = VECTOR('',#1954,1.);
#1954 = DIRECTION('',(0.,1.,0.));
#1955 = ORIENTED_EDGE('',*,*,#1956,.T.);
#1956 = EDGE_CURVE('',#1949,#1957,#1959,.T.);
#1957 = VERTEX_POINT('',#1958);
#1958 = CARTESIAN_POINT('',(0.8325,1.15,0.66));
#1959 = LINE('',#1960,#1961);
#1960 = CARTESIAN_POINT('',(0.7525,1.15,0.66));
#1961 = VECTOR('',#1962,1.);
#1962 = DIRECTION('',(1.,0.,0.));
#1963 = ORIENTED_EDGE('',*,*,#1964,.F.);
#1964 = EDGE_CURVE('',#1965,#1957,#1967,.T.);
#1965 = VERTEX_POINT('',#1966);
#1966 = CARTESIAN_POINT('',(0.8325,0.75,0.66));
#1967 = LINE('',#1968,#1969);
#1968 = CARTESIAN_POINT('',(0.8325,0.75,0.66));
#1969 = VECTOR('',#1970,1.);
#1970 = DIRECTION('',(0.,1.,0.));
#1971 = ORIENTED_EDGE('',*,*,#1972,.F.);
#1972 = EDGE_CURVE('',#1947,#1965,#1973,.T.);
#1973 = LINE('',#1974,#1975);
#1974 = CARTESIAN_POINT('',(0.7525,0.75,0.66));
#1975 = VECTOR('',#1976,1.);
#1976 = DIRECTION('',(1.,0.,0.));
#1977 = PLANE('',#1978);
#1978 = AXIS2_PLACEMENT_3D('',#1979,#1980,#1981);
#1979 = CARTESIAN_POINT('',(0.7525,0.75,0.66));
#1980 = DIRECTION('',(0.,0.,-1.));
#1981 = DIRECTION('',(1.,0.,0.));
#1982 = ADVANCED_FACE('',(#1983),#2008,.F.);
#1983 = FACE_BOUND('',#1984,.F.);
#1984 = EDGE_LOOP('',(#1985,#1986,#1994,#2002));
#1985 = ORIENTED_EDGE('',*,*,#1964,.T.);
#1986 = ORIENTED_EDGE('',*,*,#1987,.T.);
#1987 = EDGE_CURVE('',#1957,#1988,#1990,.T.);
#1988 = VERTEX_POINT('',#1989);
#1989 = CARTESIAN_POINT('',(0.95,1.15,0.145));
#1990 = LINE('',#1991,#1992);
#1991 = CARTESIAN_POINT('',(0.8325,1.15,0.66));
#1992 = VECTOR('',#1993,1.);
#1993 = DIRECTION('',(0.222439261366,0.,-0.974946549818));
#1994 = ORIENTED_EDGE('',*,*,#1995,.F.);
#1995 = EDGE_CURVE('',#1996,#1988,#1998,.T.);
#1996 = VERTEX_POINT('',#1997);
#1997 = CARTESIAN_POINT('',(0.95,0.75,0.145));
#1998 = LINE('',#1999,#2000);
#1999 = CARTESIAN_POINT('',(0.95,0.75,0.145));
#2000 = VECTOR('',#2001,1.);
#2001 = DIRECTION('',(0.,1.,0.));
#2002 = ORIENTED_EDGE('',*,*,#2003,.F.);
#2003 = EDGE_CURVE('',#1965,#1996,#2004,.T.);
#2004 = LINE('',#2005,#2006);
#2005 = CARTESIAN_POINT('',(0.8325,0.75,0.66));
#2006 = VECTOR('',#2007,1.);
#2007 = DIRECTION('',(0.222439261366,0.,-0.974946549818));
#2008 = PLANE('',#2009);
#2009 = AXIS2_PLACEMENT_3D('',#2010,#2011,#2012);
#2010 = CARTESIAN_POINT('',(0.8325,0.75,0.66));
#2011 = DIRECTION('',(-0.974946549818,0.,-0.222439261366));
#2012 = DIRECTION('',(0.222439261366,0.,-0.974946549818));
#2013 = ADVANCED_FACE('',(#2014),#2039,.F.);
#2014 = FACE_BOUND('',#2015,.F.);
#2015 = EDGE_LOOP('',(#2016,#2017,#2025,#2033));
#2016 = ORIENTED_EDGE('',*,*,#1995,.T.);
#2017 = ORIENTED_EDGE('',*,*,#2018,.T.);
#2018 = EDGE_CURVE('',#1988,#2019,#2021,.T.);
#2019 = VERTEX_POINT('',#2020);
#2020 = CARTESIAN_POINT('',(1.4,1.15,0.145));
#2021 = LINE('',#2022,#2023);
#2022 = CARTESIAN_POINT('',(0.95,1.15,0.145));
#2023 = VECTOR('',#2024,1.);
#2024 = DIRECTION('',(1.,0.,0.));
#2025 = ORIENTED_EDGE('',*,*,#2026,.F.);
#2026 = EDGE_CURVE('',#2027,#2019,#2029,.T.);
#2027 = VERTEX_POINT('',#2028);
#2028 = CARTESIAN_POINT('',(1.4,0.75,0.145));
#2029 = LINE('',#2030,#2031);
#2030 = CARTESIAN_POINT('',(1.4,0.75,0.145));
#2031 = VECTOR('',#2032,1.);
#2032 = DIRECTION('',(0.,1.,0.));
#2033 = ORIENTED_EDGE('',*,*,#2034,.F.);
#2034 = EDGE_CURVE('',#1996,#2027,#2035,.T.);
#2035 = LINE('',#2036,#2037);
#2036 = CARTESIAN_POINT('',(0.95,0.75,0.145));
#2037 = VECTOR('',#2038,1.);
#2038 = DIRECTION('',(1.,0.,0.));
#2039 = PLANE('',#2040);
#2040 = AXIS2_PLACEMENT_3D('',#2041,#2042,#2043);
#2041 = CARTESIAN_POINT('',(0.95,0.75,0.145));
#2042 = DIRECTION('',(0.,0.,-1.));
#2043 = DIRECTION('',(1.,0.,0.));
#2044 = ADVANCED_FACE('',(#2045),#2070,.F.);
#2045 = FACE_BOUND('',#2046,.F.);
#2046 = EDGE_LOOP('',(#2047,#2048,#2056,#2064));
#2047 = ORIENTED_EDGE('',*,*,#2026,.T.);
#2048 = ORIENTED_EDGE('',*,*,#2049,.T.);
#2049 = EDGE_CURVE('',#2019,#2050,#2052,.T.);
#2050 = VERTEX_POINT('',#2051);
#2051 = CARTESIAN_POINT('',(1.4,1.15,0.));
#2052 = LINE('',#2053,#2054);
#2053 = CARTESIAN_POINT('',(1.4,1.15,0.145));
#2054 = VECTOR('',#2055,1.);
#2055 = DIRECTION('',(0.,0.,-1.));
#2056 = ORIENTED_EDGE('',*,*,#2057,.F.);
#2057 = EDGE_CURVE('',#2058,#2050,#2060,.T.);
#2058 = VERTEX_POINT('',#2059);
#2059 = CARTESIAN_POINT('',(1.4,0.75,0.));
#2060 = LINE('',#2061,#2062);
#2061 = CARTESIAN_POINT('',(1.4,0.75,0.));
#2062 = VECTOR('',#2063,1.);
#2063 = DIRECTION('',(0.,1.,0.));
#2064 = ORIENTED_EDGE('',*,*,#2065,.F.);
#2065 = EDGE_CURVE('',#2027,#2058,#2066,.T.);
#2066 = LINE('',#2067,#2068);
#2067 = CARTESIAN_POINT('',(1.4,0.75,0.145));
#2068 = VECTOR('',#2069,1.);
#2069 = DIRECTION('',(0.,0.,-1.));
#2070 = PLANE('',#2071);
#2071 = AXIS2_PLACEMENT_3D('',#2072,#2073,#2074);
#2072 = CARTESIAN_POINT('',(1.4,0.75,0.145));
#2073 = DIRECTION('',(-1.,0.,0.));
#2074 = DIRECTION('',(0.,0.,-1.));
#2075 = ADVANCED_FACE('',(#2076),#2101,.F.);
#2076 = FACE_BOUND('',#2077,.F.);
#2077 = EDGE_LOOP('',(#2078,#2079,#2087,#2095));
#2078 = ORIENTED_EDGE('',*,*,#2057,.T.);
#2079 = ORIENTED_EDGE('',*,*,#2080,.T.);
#2080 = EDGE_CURVE('',#2050,#2081,#2083,.T.);
#2081 = VERTEX_POINT('',#2082);
#2082 = CARTESIAN_POINT('',(0.87,1.15,0.));
#2083 = LINE('',#2084,#2085);
#2084 = CARTESIAN_POINT('',(1.4,1.15,0.));
#2085 = VECTOR('',#2086,1.);
#2086 = DIRECTION('',(-1.,0.,0.));
#2087 = ORIENTED_EDGE('',*,*,#2088,.F.);
#2088 = EDGE_CURVE('',#2089,#2081,#2091,.T.);
#2089 = VERTEX_POINT('',#2090);
#2090 = CARTESIAN_POINT('',(0.87,0.75,0.));
#2091 = LINE('',#2092,#2093);
#2092 = CARTESIAN_POINT('',(0.87,0.75,0.));
#2093 = VECTOR('',#2094,1.);
#2094 = DIRECTION('',(0.,1.,0.));
#2095 = ORIENTED_EDGE('',*,*,#2096,.F.);
#2096 = EDGE_CURVE('',#2058,#2089,#2097,.T.);
#2097 = LINE('',#2098,#2099);
#2098 = CARTESIAN_POINT('',(1.4,0.75,0.));
#2099 = VECTOR('',#2100,1.);
#2100 = DIRECTION('',(-1.,0.,0.));
#2101 = PLANE('',#2102);
#2102 = AXIS2_PLACEMENT_3D('',#2103,#2104,#2105);
#2103 = CARTESIAN_POINT('',(1.4,0.75,0.));
#2104 = DIRECTION('',(0.,-0.,1.));
#2105 = DIRECTION('',(-1.,0.,0.));
#2106 = ADVANCED_FACE('',(#2107),#2132,.F.);
#2107 = FACE_BOUND('',#2108,.F.);
#2108 = EDGE_LOOP('',(#2109,#2110,#2118,#2126));
#2109 = ORIENTED_EDGE('',*,*,#2088,.T.);
#2110 = ORIENTED_EDGE('',*,*,#2111,.T.);
#2111 = EDGE_CURVE('',#2081,#2112,#2114,.T.);
#2112 = VERTEX_POINT('',#2113);
#2113 = CARTESIAN_POINT('',(0.7825,1.15,0.515));
#2114 = LINE('',#2115,#2116);
#2115 = CARTESIAN_POINT('',(0.87,1.15,0.));
#2116 = VECTOR('',#2117,1.);
#2117 = DIRECTION('',(-0.167502465979,0.,0.985871656906));
#2118 = ORIENTED_EDGE('',*,*,#2119,.F.);
#2119 = EDGE_CURVE('',#2120,#2112,#2122,.T.);
#2120 = VERTEX_POINT('',#2121);
#2121 = CARTESIAN_POINT('',(0.7825,0.75,0.515));
#2122 = LINE('',#2123,#2124);
#2123 = CARTESIAN_POINT('',(0.7825,0.75,0.515));
#2124 = VECTOR('',#2125,1.);
#2125 = DIRECTION('',(0.,1.,0.));
#2126 = ORIENTED_EDGE('',*,*,#2127,.F.);
#2127 = EDGE_CURVE('',#2089,#2120,#2128,.T.);
#2128 = LINE('',#2129,#2130);
#2129 = CARTESIAN_POINT('',(0.87,0.75,0.));
#2130 = VECTOR('',#2131,1.);
#2131 = DIRECTION('',(-0.167502465979,0.,0.985871656906));
#2132 = PLANE('',#2133);
#2133 = AXIS2_PLACEMENT_3D('',#2134,#2135,#2136);
#2134 = CARTESIAN_POINT('',(0.87,0.75,0.));
#2135 = DIRECTION('',(0.985871656906,-0.,0.167502465979));
#2136 = DIRECTION('',(-0.167502465979,0.,0.985871656906));
#2137 = ADVANCED_FACE('',(#2138),#2163,.F.);
#2138 = FACE_BOUND('',#2139,.F.);
#2139 = EDGE_LOOP('',(#2140,#2141,#2149,#2157));
#2140 = ORIENTED_EDGE('',*,*,#2119,.T.);
#2141 = ORIENTED_EDGE('',*,*,#2142,.T.);
#2142 = EDGE_CURVE('',#2112,#2143,#2145,.T.);
#2143 = VERTEX_POINT('',#2144);
#2144 = CARTESIAN_POINT('',(0.7525,1.15,0.515));
#2145 = LINE('',#2146,#2147);
#2146 = CARTESIAN_POINT('',(0.7825,1.15,0.515));
#2147 = VECTOR('',#2148,1.);
#2148 = DIRECTION('',(-1.,0.,0.));
#2149 = ORIENTED_EDGE('',*,*,#2150,.F.);
#2150 = EDGE_CURVE('',#2151,#2143,#2153,.T.);
#2151 = VERTEX_POINT('',#2152);
#2152 = CARTESIAN_POINT('',(0.7525,0.75,0.515));
#2153 = LINE('',#2154,#2155);
#2154 = CARTESIAN_POINT('',(0.7525,0.75,0.515));
#2155 = VECTOR('',#2156,1.);
#2156 = DIRECTION('',(0.,1.,0.));
#2157 = ORIENTED_EDGE('',*,*,#2158,.F.);
#2158 = EDGE_CURVE('',#2120,#2151,#2159,.T.);
#2159 = LINE('',#2160,#2161);
#2160 = CARTESIAN_POINT('',(0.7825,0.75,0.515));
#2161 = VECTOR('',#2162,1.);
#2162 = DIRECTION('',(-1.,0.,0.));
#2163 = PLANE('',#2164);
#2164 = AXIS2_PLACEMENT_3D('',#2165,#2166,#2167);
#2165 = CARTESIAN_POINT('',(0.7825,0.75,0.515));
#2166 = DIRECTION('',(0.,-0.,1.));
#2167 = DIRECTION('',(-1.,0.,0.));
#2168 = ADVANCED_FACE('',(#2169),#2185,.F.);
#2169 = FACE_BOUND('',#2170,.F.);
#2170 = EDGE_LOOP('',(#2171,#2172,#2178,#2179));
#2171 = ORIENTED_EDGE('',*,*,#2150,.T.);
#2172 = ORIENTED_EDGE('',*,*,#2173,.T.);
#2173 = EDGE_CURVE('',#2143,#1949,#2174,.T.);
#2174 = LINE('',#2175,#2176);
#2175 = CARTESIAN_POINT('',(0.7525,1.15,0.515));
#2176 = VECTOR('',#2177,1.);
#2177 = DIRECTION('',(0.,0.,1.));
#2178 = ORIENTED_EDGE('',*,*,#1946,.F.);
#2179 = ORIENTED_EDGE('',*,*,#2180,.F.);
#2180 = EDGE_CURVE('',#2151,#1947,#2181,.T.);
#2181 = LINE('',#2182,#2183);
#2182 = CARTESIAN_POINT('',(0.7525,0.75,0.515));
#2183 = VECTOR('',#2184,1.);
#2184 = DIRECTION('',(0.,0.,1.));
#2185 = PLANE('',#2186);
#2186 = AXIS2_PLACEMENT_3D('',#2187,#2188,#2189);
#2187 = CARTESIAN_POINT('',(0.7525,0.75,0.515));
#2188 = DIRECTION('',(1.,0.,0.));
#2189 = DIRECTION('',(0.,0.,1.));
#2190 = ADVANCED_FACE('',(#2191),#2201,.F.);
#2191 = FACE_BOUND('',#2192,.F.);
#2192 = EDGE_LOOP('',(#2193,#2194,#2195,#2196,#2197,#2198,#2199,#2200));
#2193 = ORIENTED_EDGE('',*,*,#1972,.T.);
#2194 = ORIENTED_EDGE('',*,*,#2003,.T.);
#2195 = ORIENTED_EDGE('',*,*,#2034,.T.);
#2196 = ORIENTED_EDGE('',*,*,#2065,.T.);
#2197 = ORIENTED_EDGE('',*,*,#2096,.T.);
#2198 = ORIENTED_EDGE('',*,*,#2127,.T.);
#2199 = ORIENTED_EDGE('',*,*,#2158,.T.);
#2200 = ORIENTED_EDGE('',*,*,#2180,.T.);
#2201 = PLANE('',#2202);
#2202 = AXIS2_PLACEMENT_3D('',#2203,#2204,#2205);
#2203 = CARTESIAN_POINT('',(1.000258557658,0.75,0.237111716138));
#2204 = DIRECTION('',(0.,1.,0.));
#2205 = DIRECTION('',(0.,-0.,1.));
#2206 = ADVANCED_FACE('',(#2207),#2217,.T.);
#2207 = FACE_BOUND('',#2208,.T.);
#2208 = EDGE_LOOP('',(#2209,#2210,#2211,#2212,#2213,#2214,#2215,#2216));
#2209 = ORIENTED_EDGE('',*,*,#1956,.T.);
#2210 = ORIENTED_EDGE('',*,*,#1987,.T.);
#2211 = ORIENTED_EDGE('',*,*,#2018,.T.);
#2212 = ORIENTED_EDGE('',*,*,#2049,.T.);
#2213 = ORIENTED_EDGE('',*,*,#2080,.T.);
#2214 = ORIENTED_EDGE('',*,*,#2111,.T.);
#2215 = ORIENTED_EDGE('',*,*,#2142,.T.);
#2216 = ORIENTED_EDGE('',*,*,#2173,.T.);
#2217 = PLANE('',#2218);
#2218 = AXIS2_PLACEMENT_3D('',#2219,#2220,#2221);
#2219 = CARTESIAN_POINT('',(1.000258557658,1.15,0.237111716138));
#2220 = DIRECTION('',(0.,1.,0.));
#2221 = DIRECTION('',(0.,-0.,1.));
#2222 = ( GEOMETRIC_REPRESENTATION_CONTEXT(3) 
GLOBAL_UNCERTAINTY_ASSIGNED_CONTEXT((#2226)) 
GLOBAL_UNIT_ASSIGNED_CONTEXT((#2223,#2224,#2225)) REPRESENTATION_CONTEXT
('Context #1','3D Context with UNIT and UNCERTAINTY') );
#2223 = ( LENGTH_UNIT() NAMED_UNIT(*) SI_UNIT(.MILLI.,.METRE.) );
#2224 = ( NAMED_UNIT(*) PLANE_ANGLE_UNIT() SI_UNIT($,.RADIAN.) );
#2225 = ( NAMED_UNIT(*) SI_UNIT($,.STERADIAN.) SOLID_ANGLE_UNIT() );
#2226 = UNCERTAINTY_MEASURE_WITH_UNIT(LENGTH_MEASURE(1.E-07),#2223,
  'distance_accuracy_value','confusion accuracy');
#2227 = CONTEXT_DEPENDENT_SHAPE_REPRESENTATION(#2228,#2230);
#2228 = ( REPRESENTATION_RELATIONSHIP('','',#1939,#10) 
REPRESENTATION_RELATIONSHIP_WITH_TRANSFORMATION(#2229) 
SHAPE_REPRESENTATION_RELATIONSHIP() );
#2229 = ITEM_DEFINED_TRANSFORMATION('','',#11,#43);
#2230 = PRODUCT_DEFINITION_SHAPE('Placement','Placement of an item',
  #2231);
#2231 = NEXT_ASSEMBLY_USAGE_OCCURRENCE('25','Lead_6','',#5,#1934,$);
#2232 = PRODUCT_RELATED_PRODUCT_CATEGORY('part',$,(#1936));
#2233 = MECHANICAL_DESIGN_GEOMETRIC_PRESENTATION_REPRESENTATION('',(
    #2234),#1018);
#2234 = STYLED_ITEM('color',(#2235),#736);
#2235 = PRESENTATION_STYLE_ASSIGNMENT((#2236,#2242));
#2236 = SURFACE_STYLE_USAGE(.BOTH.,#2237);
#2237 = SURFACE_SIDE_STYLE('',(#2238));
#2238 = SURFACE_STYLE_FILL_AREA(#2239);
#2239 = FILL_AREA_STYLE('',(#2240));
#2240 = FILL_AREA_STYLE_COLOUR('',#2241);
#2241 = COLOUR_RGB('',0.759999975995,0.779999965419,0.800000010877);
#2242 = CURVE_STYLE('',#2243,POSITIVE_LENGTH_MEASURE(0.1),#2241);
#2243 = DRAUGHTING_PRE_DEFINED_CURVE_FONT('continuous');
#2244 = MECHANICAL_DESIGN_GEOMETRIC_PRESENTATION_REPRESENTATION('',(
    #2245),#2222);
#2245 = STYLED_ITEM('color',(#2246),#1940);
#2246 = PRESENTATION_STYLE_ASSIGNMENT((#2247,#2252));
#2247 = SURFACE_STYLE_USAGE(.BOTH.,#2248);
#2248 = SURFACE_SIDE_STYLE('',(#2249));
#2249 = SURFACE_STYLE_FILL_AREA(#2250);
#2250 = FILL_AREA_STYLE('',(#2251));
#2251 = FILL_AREA_STYLE_COLOUR('',#2241);
#2252 = CURVE_STYLE('',#2253,POSITIVE_LENGTH_MEASURE(0.1),#2241);
#2253 = DRAUGHTING_PRE_DEFINED_CURVE_FONT('continuous');
#2254 = MECHANICAL_DESIGN_GEOMETRIC_PRESENTATION_REPRESENTATION('',(
    #2255),#114);
#2255 = STYLED_ITEM('color',(#2256),#61);
#2256 = PRESENTATION_STYLE_ASSIGNMENT((#2257,#2263));
#2257 = SURFACE_STYLE_USAGE(.BOTH.,#2258);
#2258 = SURFACE_SIDE_STYLE('',(#2259));
#2259 = SURFACE_STYLE_FILL_AREA(#2260);
#2260 = FILL_AREA_STYLE('',(#2261));
#2261 = FILL_AREA_STYLE_COLOUR('',#2262);
#2262 = COLOUR_RGB('',0.479999987737,0.490000003723,0.460000000054);
#2263 = CURVE_STYLE('',#2264,POSITIVE_LENGTH_MEASURE(0.1),#2262);
#2264 = DRAUGHTING_PRE_DEFINED_CURVE_FONT('continuous');
#2265 = MECHANICAL_DESIGN_GEOMETRIC_PRESENTATION_REPRESENTATION('',(
    #2266),#416);
#2266 = STYLED_ITEM('color',(#2267),#133);
#2267 = PRESENTATION_STYLE_ASSIGNMENT((#2268,#2274));
#2268 = SURFACE_STYLE_USAGE(.BOTH.,#2269);
#2269 = SURFACE_SIDE_STYLE('',(#2270));
#2270 = SURFACE_STYLE_FILL_AREA(#2271);
#2271 = FILL_AREA_STYLE('',(#2272));
#2272 = FILL_AREA_STYLE_COLOUR('',#2273);
#2273 = COLOUR_RGB('',0.104999995596,0.115000003281,0.125000001743);
#2274 = CURVE_STYLE('',#2275,POSITIVE_LENGTH_MEASURE(0.1),#2273);
#2275 = DRAUGHTING_PRE_DEFINED_CURVE_FONT('continuous');
#2276 = MECHANICAL_DESIGN_GEOMETRIC_PRESENTATION_REPRESENTATION('',(
    #2277),#1319);
#2277 = STYLED_ITEM('color',(#2278),#1037);
#2278 = PRESENTATION_STYLE_ASSIGNMENT((#2279,#2284));
#2279 = SURFACE_STYLE_USAGE(.BOTH.,#2280);
#2280 = SURFACE_SIDE_STYLE('',(#2281));
#2281 = SURFACE_STYLE_FILL_AREA(#2282);
#2282 = FILL_AREA_STYLE('',(#2283));
#2283 = FILL_AREA_STYLE_COLOUR('',#2241);
#2284 = CURVE_STYLE('',#2285,POSITIVE_LENGTH_MEASURE(0.1),#2241);
#2285 = DRAUGHTING_PRE_DEFINED_CURVE_FONT('continuous');
#2286 = MECHANICAL_DESIGN_GEOMETRIC_PRESENTATION_REPRESENTATION('',(
    #2287),#1620);
#2287 = STYLED_ITEM('color',(#2288),#1338);
#2288 = PRESENTATION_STYLE_ASSIGNMENT((#2289,#2294));
#2289 = SURFACE_STYLE_USAGE(.BOTH.,#2290);
#2290 = SURFACE_SIDE_STYLE('',(#2291));
#2291 = SURFACE_STYLE_FILL_AREA(#2292);
#2292 = FILL_AREA_STYLE('',(#2293));
#2293 = FILL_AREA_STYLE_COLOUR('',#2241);
#2294 = CURVE_STYLE('',#2295,POSITIVE_LENGTH_MEASURE(0.1),#2241);
#2295 = DRAUGHTING_PRE_DEFINED_CURVE_FONT('continuous');
#2296 = MECHANICAL_DESIGN_GEOMETRIC_PRESENTATION_REPRESENTATION('',(
    #2297),#1921);
#2297 = STYLED_ITEM('color',(#2298),#1639);
#2298 = PRESENTATION_STYLE_ASSIGNMENT((#2299,#2304));
#2299 = SURFACE_STYLE_USAGE(.BOTH.,#2300);
#2300 = SURFACE_SIDE_STYLE('',(#2301));
#2301 = SURFACE_STYLE_FILL_AREA(#2302);
#2302 = FILL_AREA_STYLE('',(#2303));
#2303 = FILL_AREA_STYLE_COLOUR('',#2241);
#2304 = CURVE_STYLE('',#2305,POSITIVE_LENGTH_MEASURE(0.1),#2241);
#2305 = DRAUGHTING_PRE_DEFINED_CURVE_FONT('continuous');
#2306 = MECHANICAL_DESIGN_GEOMETRIC_PRESENTATION_REPRESENTATION('',(
    #2307),#717);
#2307 = STYLED_ITEM('color',(#2308),#435);
#2308 = PRESENTATION_STYLE_ASSIGNMENT((#2309,#2314));
#2309 = SURFACE_STYLE_USAGE(.BOTH.,#2310);
#2310 = SURFACE_SIDE_STYLE('',(#2311));
#2311 = SURFACE_STYLE_FILL_AREA(#2312);
#2312 = FILL_AREA_STYLE('',(#2313));
#2313 = FILL_AREA_STYLE_COLOUR('',#2241);
#2314 = CURVE_STYLE('',#2315,POSITIVE_LENGTH_MEASURE(0.1),#2241);
#2315 = DRAUGHTING_PRE_DEFINED_CURVE_FONT('continuous');
ENDSEC;
END-ISO-10303-21;
