ISO-10303-21;
HEADER;
FILE_DESCRIPTION(('FreeCAD Model'),'2;1');
FILE_NAME('Open CASCADE Shape Model','2026-10-03T19:11:31',('Author'),(
    ''),'Open CASCADE STEP processor 7.8','FreeCAD','Unknown');
FILE_SCHEMA(('AUTOMOTIVE_DESIGN { 1 0 10303 214 1 1 1 1 }'));
ENDSEC;
DATA;
#1 = APPLICATION_PROTOCOL_DEFINITION('international standard',
  'automotive_design',2000,#2);
#2 = APPLICATION_CONTEXT(
  'core data for automotive mechanical design processes');
#3 = SHAPE_DEFINITION_REPRESENTATION(#4,#10);
#4 = PRODUCT_DEFINITION_SHAPE('','',#5);
#5 = PRODUCT_DEFINITION('design','',#6,#9);
#6 = PRODUCT_DEFINITION_FORMATION('','',#7);
#7 = PRODUCT('Passive17','Passive17','',(#8));
#8 = PRODUCT_CONTEXT('',#2,'mechanical');
#9 = PRODUCT_DEFINITION_CONTEXT('part definition',#2,'design');
#10 = SHAPE_REPRESENTATION('',(#11,#15,#19,#23,#27,#31,#35,#39),#43);
#11 = AXIS2_PLACEMENT_3D('',#12,#13,#14);
#12 = CARTESIAN_POINT('',(0.,0.,0.));
#13 = DIRECTION('',(0.,0.,1.));
#14 = DIRECTION('',(1.,0.,-0.));
#15 = AXIS2_PLACEMENT_3D('',#16,#17,#18);
#16 = CARTESIAN_POINT('',(0.,0.,0.));
#17 = DIRECTION('',(0.,0.,1.));
#18 = DIRECTION('',(1.,0.,0.));
#19 = AXIS2_PLACEMENT_3D('',#20,#21,#22);
#20 = CARTESIAN_POINT('',(0.,0.,0.));
#21 = DIRECTION('',(0.,0.,1.));
#22 = DIRECTION('',(1.,0.,0.));
#23 = AXIS2_PLACEMENT_3D('',#24,#25,#26);
#24 = CARTESIAN_POINT('',(0.,0.,0.));
#25 = DIRECTION('',(0.,0.,1.));
#26 = DIRECTION('',(1.,0.,0.));
#27 = AXIS2_PLACEMENT_3D('',#28,#29,#30);
#28 = CARTESIAN_POINT('',(0.,0.,0.));
#29 = DIRECTION('',(0.,0.,1.));
#30 = DIRECTION('',(1.,0.,0.));
#31 = AXIS2_PLACEMENT_3D('',#32,#33,#34);
#32 = CARTESIAN_POINT('',(0.,0.,0.));
#33 = DIRECTION('',(0.,0.,1.));
#34 = DIRECTION('',(1.,0.,0.));
#35 = AXIS2_PLACEMENT_3D('',#36,#37,#38);
#36 = CARTESIAN_POINT('',(0.,0.,0.));
#37 = DIRECTION('',(0.,0.,1.));
#38 = DIRECTION('',(1.,0.,0.));
#39 = AXIS2_PLACEMENT_3D('',#40,#41,#42);
#40 = CARTESIAN_POINT('',(0.,0.,0.));
#41 = DIRECTION('',(0.,0.,1.));
#42 = DIRECTION('',(1.,0.,0.));
#43 = ( GEOMETRIC_REPRESENTATION_CONTEXT(3) 
GLOBAL_UNCERTAINTY_ASSIGNED_CONTEXT((#47)) GLOBAL_UNIT_ASSIGNED_CONTEXT(
(#44,#45,#46)) REPRESENTATION_CONTEXT('Context #1',
  '3D Context with UNIT and UNCERTAINTY') );
#44 = ( LENGTH_UNIT() NAMED_UNIT(*) SI_UNIT(.MILLI.,.METRE.) );
#45 = ( NAMED_UNIT(*) PLANE_ANGLE_UNIT() SI_UNIT($,.RADIAN.) );
#46 = ( NAMED_UNIT(*) SI_UNIT($,.STERADIAN.) SOLID_ANGLE_UNIT() );
#47 = UNCERTAINTY_MEASURE_WITH_UNIT(LENGTH_MEASURE(1.E-07),#44,
  'distance_accuracy_value','confusion accuracy');
#48 = PRODUCT_RELATED_PRODUCT_CATEGORY('part',$,(#7));
#49 = SHAPE_DEFINITION_REPRESENTATION(#50,#56);
#50 = PRODUCT_DEFINITION_SHAPE('','',#51);
#51 = PRODUCT_DEFINITION('design','',#52,#55);
#52 = PRODUCT_DEFINITION_FORMATION('','',#53);
#53 = PRODUCT('Ceramic_base','Ceramic_base','',(#54));
#54 = PRODUCT_CONTEXT('',#2,'mechanical');
#55 = PRODUCT_DEFINITION_CONTEXT('part definition',#2,'design');
#56 = ADVANCED_BREP_SHAPE_REPRESENTATION('',(#11,#57),#675);
#57 = MANIFOLD_SOLID_BREP('',#58);
#58 = CLOSED_SHELL('',(#59,#99,#132,#165,#198,#231,#248,#265,#296,#327,
    #344,#375,#392,#423,#441,#459,#492,#510,#541,#559,#590,#619,#630,
    #641,#653,#664));
#59 = ADVANCED_FACE('',(#60),#94,.F.);
#60 = FACE_BOUND('',#61,.F.);
#61 = EDGE_LOOP('',(#62,#72,#80,#88));
#62 = ORIENTED_EDGE('',*,*,#63,.F.);
#63 = EDGE_CURVE('',#64,#66,#68,.T.);
#64 = VERTEX_POINT('',#65);
#65 = CARTESIAN_POINT('',(-2.5,-1.565,6.5E-02));
#66 = VERTEX_POINT('',#67);
#67 = CARTESIAN_POINT('',(-2.5,-1.565,0.365));
#68 = LINE('',#69,#70);
#69 = CARTESIAN_POINT('',(-2.5,-1.565,3.E-02));
#70 = VECTOR('',#71,1.);
#71 = DIRECTION('',(0.,0.,1.));
#72 = ORIENTED_EDGE('',*,*,#73,.T.);
#73 = EDGE_CURVE('',#64,#74,#76,.T.);
#74 = VERTEX_POINT('',#75);
#75 = CARTESIAN_POINT('',(-2.5,1.565,6.5E-02));
#76 = LINE('',#77,#78);
#77 = CARTESIAN_POINT('',(-2.5,-1.6,6.5E-02));
#78 = VECTOR('',#79,1.);
#79 = DIRECTION('',(-0.,1.,0.));
#80 = ORIENTED_EDGE('',*,*,#81,.T.);
#81 = EDGE_CURVE('',#74,#82,#84,.T.);
#82 = VERTEX_POINT('',#83);
#83 = CARTESIAN_POINT('',(-2.5,1.565,0.365));
#84 = LINE('',#85,#86);
#85 = CARTESIAN_POINT('',(-2.5,1.565,3.E-02));
#86 = VECTOR('',#87,1.);
#87 = DIRECTION('',(0.,0.,1.));
#88 = ORIENTED_EDGE('',*,*,#89,.F.);
#89 = EDGE_CURVE('',#66,#82,#90,.T.);
#90 = LINE('',#91,#92);
#91 = CARTESIAN_POINT('',(-2.5,-1.6,0.365));
#92 = VECTOR('',#93,1.);
#93 = DIRECTION('',(-0.,1.,0.));
#94 = PLANE('',#95);
#95 = AXIS2_PLACEMENT_3D('',#96,#97,#98);
#96 = CARTESIAN_POINT('',(-2.5,-1.6,3.E-02));
#97 = DIRECTION('',(1.,0.,-0.));
#98 = DIRECTION('',(0.,0.,1.));
#99 = ADVANCED_FACE('',(#100),#127,.T.);
#100 = FACE_BOUND('',#101,.T.);
#101 = EDGE_LOOP('',(#102,#103,#112,#120));
#102 = ORIENTED_EDGE('',*,*,#63,.F.);
#103 = ORIENTED_EDGE('',*,*,#104,.T.);
#104 = EDGE_CURVE('',#64,#105,#107,.T.);
#105 = VERTEX_POINT('',#106);
#106 = CARTESIAN_POINT('',(-2.465,-1.6,6.5E-02));
#107 = CIRCLE('',#108,3.5E-02);
#108 = AXIS2_PLACEMENT_3D('',#109,#110,#111);
#109 = CARTESIAN_POINT('',(-2.465,-1.565,6.5E-02));
#110 = DIRECTION('',(0.,0.,1.));
#111 = DIRECTION('',(-1.,0.,0.));
#112 = ORIENTED_EDGE('',*,*,#113,.T.);
#113 = EDGE_CURVE('',#105,#114,#116,.T.);
#114 = VERTEX_POINT('',#115);
#115 = CARTESIAN_POINT('',(-2.465,-1.6,0.365));
#116 = LINE('',#117,#118);
#117 = CARTESIAN_POINT('',(-2.465,-1.6,3.E-02));
#118 = VECTOR('',#119,1.);
#119 = DIRECTION('',(0.,0.,1.));
#120 = ORIENTED_EDGE('',*,*,#121,.F.);
#121 = EDGE_CURVE('',#66,#114,#122,.T.);
#122 = CIRCLE('',#123,3.5E-02);
#123 = AXIS2_PLACEMENT_3D('',#124,#125,#126);
#124 = CARTESIAN_POINT('',(-2.465,-1.565,0.365));
#125 = DIRECTION('',(0.,0.,1.));
#126 = DIRECTION('',(-1.,0.,0.));
#127 = CYLINDRICAL_SURFACE('',#128,3.5E-02);
#128 = AXIS2_PLACEMENT_3D('',#129,#130,#131);
#129 = CARTESIAN_POINT('',(-2.465,-1.565,3.E-02));
#130 = DIRECTION('',(0.,0.,1.));
#131 = DIRECTION('',(-1.,-0.,0.));
#132 = ADVANCED_FACE('',(#133),#160,.T.);
#133 = FACE_BOUND('',#134,.F.);
#134 = EDGE_LOOP('',(#135,#144,#152,#159));
#135 = ORIENTED_EDGE('',*,*,#136,.F.);
#136 = EDGE_CURVE('',#137,#64,#139,.T.);
#137 = VERTEX_POINT('',#138);
#138 = CARTESIAN_POINT('',(-2.465,-1.565,3.E-02));
#139 = CIRCLE('',#140,3.5E-02);
#140 = AXIS2_PLACEMENT_3D('',#141,#142,#143);
#141 = CARTESIAN_POINT('',(-2.465,-1.565,6.5E-02));
#142 = DIRECTION('',(0.,1.,-0.));
#143 = DIRECTION('',(-1.,0.,0.));
#144 = ORIENTED_EDGE('',*,*,#145,.T.);
#145 = EDGE_CURVE('',#137,#146,#148,.T.);
#146 = VERTEX_POINT('',#147);
#147 = CARTESIAN_POINT('',(-2.465,1.565,3.E-02));
#148 = LINE('',#149,#150);
#149 = CARTESIAN_POINT('',(-2.465,-1.6,3.E-02));
#150 = VECTOR('',#151,1.);
#151 = DIRECTION('',(-0.,1.,0.));
#152 = ORIENTED_EDGE('',*,*,#153,.T.);
#153 = EDGE_CURVE('',#146,#74,#154,.T.);
#154 = CIRCLE('',#155,3.5E-02);
#155 = AXIS2_PLACEMENT_3D('',#156,#157,#158);
#156 = CARTESIAN_POINT('',(-2.465,1.565,6.5E-02));
#157 = DIRECTION('',(6.344131569287E-15,1.,-0.));
#158 = DIRECTION('',(-1.,6.344131569287E-15,0.));
#159 = ORIENTED_EDGE('',*,*,#73,.F.);
#160 = CYLINDRICAL_SURFACE('',#161,3.5E-02);
#161 = AXIS2_PLACEMENT_3D('',#162,#163,#164);
#162 = CARTESIAN_POINT('',(-2.465,-1.6,6.5E-02));
#163 = DIRECTION('',(-0.,1.,0.));
#164 = DIRECTION('',(-1.,-0.,0.));
#165 = ADVANCED_FACE('',(#166),#193,.T.);
#166 = FACE_BOUND('',#167,.T.);
#167 = EDGE_LOOP('',(#168,#177,#185,#192));
#168 = ORIENTED_EDGE('',*,*,#169,.F.);
#169 = EDGE_CURVE('',#170,#66,#172,.T.);
#170 = VERTEX_POINT('',#171);
#171 = CARTESIAN_POINT('',(-2.465,-1.565,0.4));
#172 = CIRCLE('',#173,3.5E-02);
#173 = AXIS2_PLACEMENT_3D('',#174,#175,#176);
#174 = CARTESIAN_POINT('',(-2.465,-1.565,0.365));
#175 = DIRECTION('',(0.,-1.,0.));
#176 = DIRECTION('',(-1.,0.,0.));
#177 = ORIENTED_EDGE('',*,*,#178,.T.);
#178 = EDGE_CURVE('',#170,#179,#181,.T.);
#179 = VERTEX_POINT('',#180);
#180 = CARTESIAN_POINT('',(-2.465,1.565,0.4));
#181 = LINE('',#182,#183);
#182 = CARTESIAN_POINT('',(-2.465,-1.6,0.4));
#183 = VECTOR('',#184,1.);
#184 = DIRECTION('',(-0.,1.,0.));
#185 = ORIENTED_EDGE('',*,*,#186,.F.);
#186 = EDGE_CURVE('',#82,#179,#187,.T.);
#187 = CIRCLE('',#188,3.5E-02);
#188 = AXIS2_PLACEMENT_3D('',#189,#190,#191);
#189 = CARTESIAN_POINT('',(-2.465,1.565,0.365));
#190 = DIRECTION('',(0.,1.,0.));
#191 = DIRECTION('',(-1.,0.,-1.586032892322E-15));
#192 = ORIENTED_EDGE('',*,*,#89,.F.);
#193 = CYLINDRICAL_SURFACE('',#194,3.5E-02);
#194 = AXIS2_PLACEMENT_3D('',#195,#196,#197);
#195 = CARTESIAN_POINT('',(-2.465,-1.6,0.365));
#196 = DIRECTION('',(-0.,1.,0.));
#197 = DIRECTION('',(-1.,-0.,0.));
#198 = ADVANCED_FACE('',(#199),#226,.T.);
#199 = FACE_BOUND('',#200,.F.);
#200 = EDGE_LOOP('',(#201,#202,#211,#219));
#201 = ORIENTED_EDGE('',*,*,#81,.F.);
#202 = ORIENTED_EDGE('',*,*,#203,.T.);
#203 = EDGE_CURVE('',#74,#204,#206,.T.);
#204 = VERTEX_POINT('',#205);
#205 = CARTESIAN_POINT('',(-2.465,1.6,6.5E-02));
#206 = CIRCLE('',#207,3.5E-02);
#207 = AXIS2_PLACEMENT_3D('',#208,#209,#210);
#208 = CARTESIAN_POINT('',(-2.465,1.565,6.5E-02));
#209 = DIRECTION('',(-0.,0.,-1.));
#210 = DIRECTION('',(-1.,6.344131569287E-15,0.));
#211 = ORIENTED_EDGE('',*,*,#212,.T.);
#212 = EDGE_CURVE('',#204,#213,#215,.T.);
#213 = VERTEX_POINT('',#214);
#214 = CARTESIAN_POINT('',(-2.465,1.6,0.365));
#215 = LINE('',#216,#217);
#216 = CARTESIAN_POINT('',(-2.465,1.6,3.E-02));
#217 = VECTOR('',#218,1.);
#218 = DIRECTION('',(0.,0.,1.));
#219 = ORIENTED_EDGE('',*,*,#220,.T.);
#220 = EDGE_CURVE('',#213,#82,#221,.T.);
#221 = CIRCLE('',#222,3.5E-02);
#222 = AXIS2_PLACEMENT_3D('',#223,#224,#225);
#223 = CARTESIAN_POINT('',(-2.465,1.565,0.365));
#224 = DIRECTION('',(-1.586032892322E-15,-0.,1.));
#225 = DIRECTION('',(-1.,0.,-1.586032892322E-15));
#226 = CYLINDRICAL_SURFACE('',#227,3.5E-02);
#227 = AXIS2_PLACEMENT_3D('',#228,#229,#230);
#228 = CARTESIAN_POINT('',(-2.465,1.565,3.E-02));
#229 = DIRECTION('',(0.,0.,1.));
#230 = DIRECTION('',(-1.,-0.,0.));
#231 = ADVANCED_FACE('',(#232),#243,.T.);
#232 = FACE_BOUND('',#233,.T.);
#233 = EDGE_LOOP('',(#234,#235,#242));
#234 = ORIENTED_EDGE('',*,*,#136,.F.);
#235 = ORIENTED_EDGE('',*,*,#236,.T.);
#236 = EDGE_CURVE('',#137,#105,#237,.T.);
#237 = CIRCLE('',#238,3.5E-02);
#238 = AXIS2_PLACEMENT_3D('',#239,#240,#241);
#239 = CARTESIAN_POINT('',(-2.465,-1.565,6.5E-02));
#240 = DIRECTION('',(-1.,6.123233995737E-17,0.));
#241 = DIRECTION('',(-6.123233995737E-17,-1.,0.));
#242 = ORIENTED_EDGE('',*,*,#104,.F.);
#243 = SPHERICAL_SURFACE('',#244,3.5E-02);
#244 = AXIS2_PLACEMENT_3D('',#245,#246,#247);
#245 = CARTESIAN_POINT('',(-2.465,-1.565,6.5E-02));
#246 = DIRECTION('',(0.,0.,1.));
#247 = DIRECTION('',(-1.,0.,0.));
#248 = ADVANCED_FACE('',(#249),#260,.T.);
#249 = FACE_BOUND('',#250,.F.);
#250 = EDGE_LOOP('',(#251,#252,#259));
#251 = ORIENTED_EDGE('',*,*,#169,.F.);
#252 = ORIENTED_EDGE('',*,*,#253,.T.);
#253 = EDGE_CURVE('',#170,#114,#254,.T.);
#254 = CIRCLE('',#255,3.5E-02);
#255 = AXIS2_PLACEMENT_3D('',#256,#257,#258);
#256 = CARTESIAN_POINT('',(-2.465,-1.565,0.365));
#257 = DIRECTION('',(1.,-6.123233995737E-17,0.));
#258 = DIRECTION('',(-6.123233995737E-17,-1.,0.));
#259 = ORIENTED_EDGE('',*,*,#121,.F.);
#260 = SPHERICAL_SURFACE('',#261,3.5E-02);
#261 = AXIS2_PLACEMENT_3D('',#262,#263,#264);
#262 = CARTESIAN_POINT('',(-2.465,-1.565,0.365));
#263 = DIRECTION('',(-0.,-0.,-1.));
#264 = DIRECTION('',(-1.,0.,0.));
#265 = ADVANCED_FACE('',(#266),#291,.F.);
#266 = FACE_BOUND('',#267,.F.);
#267 = EDGE_LOOP('',(#268,#269,#277,#285));
#268 = ORIENTED_EDGE('',*,*,#113,.T.);
#269 = ORIENTED_EDGE('',*,*,#270,.T.);
#270 = EDGE_CURVE('',#114,#271,#273,.T.);
#271 = VERTEX_POINT('',#272);
#272 = CARTESIAN_POINT('',(2.465,-1.6,0.365));
#273 = LINE('',#274,#275);
#274 = CARTESIAN_POINT('',(-2.5,-1.6,0.365));
#275 = VECTOR('',#276,1.);
#276 = DIRECTION('',(1.,0.,-0.));
#277 = ORIENTED_EDGE('',*,*,#278,.F.);
#278 = EDGE_CURVE('',#279,#271,#281,.T.);
#279 = VERTEX_POINT('',#280);
#280 = CARTESIAN_POINT('',(2.465,-1.6,6.5E-02));
#281 = LINE('',#282,#283);
#282 = CARTESIAN_POINT('',(2.465,-1.6,3.E-02));
#283 = VECTOR('',#284,1.);
#284 = DIRECTION('',(0.,0.,1.));
#285 = ORIENTED_EDGE('',*,*,#286,.F.);
#286 = EDGE_CURVE('',#105,#279,#287,.T.);
#287 = LINE('',#288,#289);
#288 = CARTESIAN_POINT('',(-2.5,-1.6,6.5E-02));
#289 = VECTOR('',#290,1.);
#290 = DIRECTION('',(1.,0.,-0.));
#291 = PLANE('',#292);
#292 = AXIS2_PLACEMENT_3D('',#293,#294,#295);
#293 = CARTESIAN_POINT('',(-2.5,-1.6,3.E-02));
#294 = DIRECTION('',(-0.,1.,0.));
#295 = DIRECTION('',(0.,0.,1.));
#296 = ADVANCED_FACE('',(#297),#322,.F.);
#297 = FACE_BOUND('',#298,.F.);
#298 = EDGE_LOOP('',(#299,#300,#308,#316));
#299 = ORIENTED_EDGE('',*,*,#145,.F.);
#300 = ORIENTED_EDGE('',*,*,#301,.T.);
#301 = EDGE_CURVE('',#137,#302,#304,.T.);
#302 = VERTEX_POINT('',#303);
#303 = CARTESIAN_POINT('',(2.465,-1.565,3.E-02));
#304 = LINE('',#305,#306);
#305 = CARTESIAN_POINT('',(-2.5,-1.565,3.E-02));
#306 = VECTOR('',#307,1.);
#307 = DIRECTION('',(1.,0.,-0.));
#308 = ORIENTED_EDGE('',*,*,#309,.T.);
#309 = EDGE_CURVE('',#302,#310,#312,.T.);
#310 = VERTEX_POINT('',#311);
#311 = CARTESIAN_POINT('',(2.465,1.565,3.E-02));
#312 = LINE('',#313,#314);
#313 = CARTESIAN_POINT('',(2.465,-1.6,3.E-02));
#314 = VECTOR('',#315,1.);
#315 = DIRECTION('',(-0.,1.,0.));
#316 = ORIENTED_EDGE('',*,*,#317,.F.);
#317 = EDGE_CURVE('',#146,#310,#318,.T.);
#318 = LINE('',#319,#320);
#319 = CARTESIAN_POINT('',(-2.5,1.565,3.E-02));
#320 = VECTOR('',#321,1.);
#321 = DIRECTION('',(1.,0.,-0.));
#322 = PLANE('',#323);
#323 = AXIS2_PLACEMENT_3D('',#324,#325,#326);
#324 = CARTESIAN_POINT('',(-2.5,-1.6,3.E-02));
#325 = DIRECTION('',(0.,0.,1.));
#326 = DIRECTION('',(1.,0.,-0.));
#327 = ADVANCED_FACE('',(#328),#339,.T.);
#328 = FACE_BOUND('',#329,.F.);
#329 = EDGE_LOOP('',(#330,#331,#338));
#330 = ORIENTED_EDGE('',*,*,#153,.F.);
#331 = ORIENTED_EDGE('',*,*,#332,.T.);
#332 = EDGE_CURVE('',#146,#204,#333,.T.);
#333 = CIRCLE('',#334,3.5E-02);
#334 = AXIS2_PLACEMENT_3D('',#335,#336,#337);
#335 = CARTESIAN_POINT('',(-2.465,1.565,6.5E-02));
#336 = DIRECTION('',(1.,-6.565029142834E-17,0.));
#337 = DIRECTION('',(6.565029142834E-17,1.,0.));
#338 = ORIENTED_EDGE('',*,*,#203,.F.);
#339 = SPHERICAL_SURFACE('',#340,3.5E-02);
#340 = AXIS2_PLACEMENT_3D('',#341,#342,#343);
#341 = CARTESIAN_POINT('',(-2.465,1.565,6.5E-02));
#342 = DIRECTION('',(0.,0.,1.));
#343 = DIRECTION('',(-1.,6.344131569287E-15,0.));
#344 = ADVANCED_FACE('',(#345),#370,.T.);
#345 = FACE_BOUND('',#346,.T.);
#346 = EDGE_LOOP('',(#347,#348,#356,#364));
#347 = ORIENTED_EDGE('',*,*,#178,.F.);
#348 = ORIENTED_EDGE('',*,*,#349,.T.);
#349 = EDGE_CURVE('',#170,#350,#352,.T.);
#350 = VERTEX_POINT('',#351);
#351 = CARTESIAN_POINT('',(2.465,-1.565,0.4));
#352 = LINE('',#353,#354);
#353 = CARTESIAN_POINT('',(-2.5,-1.565,0.4));
#354 = VECTOR('',#355,1.);
#355 = DIRECTION('',(1.,0.,-0.));
#356 = ORIENTED_EDGE('',*,*,#357,.T.);
#357 = EDGE_CURVE('',#350,#358,#360,.T.);
#358 = VERTEX_POINT('',#359);
#359 = CARTESIAN_POINT('',(2.465,1.565,0.4));
#360 = LINE('',#361,#362);
#361 = CARTESIAN_POINT('',(2.465,-1.6,0.4));
#362 = VECTOR('',#363,1.);
#363 = DIRECTION('',(-0.,1.,0.));
#364 = ORIENTED_EDGE('',*,*,#365,.F.);
#365 = EDGE_CURVE('',#179,#358,#366,.T.);
#366 = LINE('',#367,#368);
#367 = CARTESIAN_POINT('',(-2.5,1.565,0.4));
#368 = VECTOR('',#369,1.);
#369 = DIRECTION('',(1.,0.,-0.));
#370 = PLANE('',#371);
#371 = AXIS2_PLACEMENT_3D('',#372,#373,#374);
#372 = CARTESIAN_POINT('',(-2.5,-1.6,0.4));
#373 = DIRECTION('',(0.,0.,1.));
#374 = DIRECTION('',(1.,0.,-0.));
#375 = ADVANCED_FACE('',(#376),#387,.T.);
#376 = FACE_BOUND('',#377,.F.);
#377 = EDGE_LOOP('',(#378,#379,#386));
#378 = ORIENTED_EDGE('',*,*,#220,.F.);
#379 = ORIENTED_EDGE('',*,*,#380,.T.);
#380 = EDGE_CURVE('',#213,#179,#381,.T.);
#381 = CIRCLE('',#382,3.5E-02);
#382 = AXIS2_PLACEMENT_3D('',#383,#384,#385);
#383 = CARTESIAN_POINT('',(-2.465,1.565,0.365));
#384 = DIRECTION('',(1.,0.,9.295299780379E-17));
#385 = DIRECTION('',(-9.295299780379E-17,-0.,1.));
#386 = ORIENTED_EDGE('',*,*,#186,.F.);
#387 = SPHERICAL_SURFACE('',#388,3.5E-02);
#388 = AXIS2_PLACEMENT_3D('',#389,#390,#391);
#389 = CARTESIAN_POINT('',(-2.465,1.565,0.365));
#390 = DIRECTION('',(0.,-1.,-0.));
#391 = DIRECTION('',(-1.,0.,-1.586032892322E-15));
#392 = ADVANCED_FACE('',(#393),#418,.T.);
#393 = FACE_BOUND('',#394,.T.);
#394 = EDGE_LOOP('',(#395,#396,#404,#412));
#395 = ORIENTED_EDGE('',*,*,#212,.T.);
#396 = ORIENTED_EDGE('',*,*,#397,.T.);
#397 = EDGE_CURVE('',#213,#398,#400,.T.);
#398 = VERTEX_POINT('',#399);
#399 = CARTESIAN_POINT('',(2.465,1.6,0.365));
#400 = LINE('',#401,#402);
#401 = CARTESIAN_POINT('',(-2.5,1.6,0.365));
#402 = VECTOR('',#403,1.);
#403 = DIRECTION('',(1.,0.,-0.));
#404 = ORIENTED_EDGE('',*,*,#405,.F.);
#405 = EDGE_CURVE('',#406,#398,#408,.T.);
#406 = VERTEX_POINT('',#407);
#407 = CARTESIAN_POINT('',(2.465,1.6,6.5E-02));
#408 = LINE('',#409,#410);
#409 = CARTESIAN_POINT('',(2.465,1.6,3.E-02));
#410 = VECTOR('',#411,1.);
#411 = DIRECTION('',(0.,0.,1.));
#412 = ORIENTED_EDGE('',*,*,#413,.F.);
#413 = EDGE_CURVE('',#204,#406,#414,.T.);
#414 = LINE('',#415,#416);
#415 = CARTESIAN_POINT('',(-2.5,1.6,6.5E-02));
#416 = VECTOR('',#417,1.);
#417 = DIRECTION('',(1.,0.,-0.));
#418 = PLANE('',#419);
#419 = AXIS2_PLACEMENT_3D('',#420,#421,#422);
#420 = CARTESIAN_POINT('',(-2.5,1.6,3.E-02));
#421 = DIRECTION('',(-0.,1.,0.));
#422 = DIRECTION('',(0.,0.,1.));
#423 = ADVANCED_FACE('',(#424),#436,.T.);
#424 = FACE_BOUND('',#425,.T.);
#425 = EDGE_LOOP('',(#426,#427,#428,#435));
#426 = ORIENTED_EDGE('',*,*,#236,.F.);
#427 = ORIENTED_EDGE('',*,*,#301,.T.);
#428 = ORIENTED_EDGE('',*,*,#429,.T.);
#429 = EDGE_CURVE('',#302,#279,#430,.T.);
#430 = CIRCLE('',#431,3.5E-02);
#431 = AXIS2_PLACEMENT_3D('',#432,#433,#434);
#432 = CARTESIAN_POINT('',(2.465,-1.565,6.5E-02));
#433 = DIRECTION('',(-1.,-6.123233995737E-17,0.));
#434 = DIRECTION('',(6.123233995737E-17,-1.,-0.));
#435 = ORIENTED_EDGE('',*,*,#286,.F.);
#436 = CYLINDRICAL_SURFACE('',#437,3.5E-02);
#437 = AXIS2_PLACEMENT_3D('',#438,#439,#440);
#438 = CARTESIAN_POINT('',(-2.5,-1.565,6.5E-02));
#439 = DIRECTION('',(1.,0.,-0.));
#440 = DIRECTION('',(0.,-1.,0.));
#441 = ADVANCED_FACE('',(#442),#454,.T.);
#442 = FACE_BOUND('',#443,.F.);
#443 = EDGE_LOOP('',(#444,#445,#446,#453));
#444 = ORIENTED_EDGE('',*,*,#253,.F.);
#445 = ORIENTED_EDGE('',*,*,#349,.T.);
#446 = ORIENTED_EDGE('',*,*,#447,.T.);
#447 = EDGE_CURVE('',#350,#271,#448,.T.);
#448 = CIRCLE('',#449,3.5E-02);
#449 = AXIS2_PLACEMENT_3D('',#450,#451,#452);
#450 = CARTESIAN_POINT('',(2.465,-1.565,0.365));
#451 = DIRECTION('',(1.,6.123233995737E-17,0.));
#452 = DIRECTION('',(6.123233995737E-17,-1.,0.));
#453 = ORIENTED_EDGE('',*,*,#270,.F.);
#454 = CYLINDRICAL_SURFACE('',#455,3.5E-02);
#455 = AXIS2_PLACEMENT_3D('',#456,#457,#458);
#456 = CARTESIAN_POINT('',(-2.5,-1.565,0.365));
#457 = DIRECTION('',(1.,0.,-0.));
#458 = DIRECTION('',(0.,-1.,0.));
#459 = ADVANCED_FACE('',(#460),#487,.T.);
#460 = FACE_BOUND('',#461,.F.);
#461 = EDGE_LOOP('',(#462,#472,#479,#480));
#462 = ORIENTED_EDGE('',*,*,#463,.F.);
#463 = EDGE_CURVE('',#464,#466,#468,.T.);
#464 = VERTEX_POINT('',#465);
#465 = CARTESIAN_POINT('',(2.5,-1.565,6.5E-02));
#466 = VERTEX_POINT('',#467);
#467 = CARTESIAN_POINT('',(2.5,-1.565,0.365));
#468 = LINE('',#469,#470);
#469 = CARTESIAN_POINT('',(2.5,-1.565,3.E-02));
#470 = VECTOR('',#471,1.);
#471 = DIRECTION('',(0.,0.,1.));
#472 = ORIENTED_EDGE('',*,*,#473,.T.);
#473 = EDGE_CURVE('',#464,#279,#474,.T.);
#474 = CIRCLE('',#475,3.5E-02);
#475 = AXIS2_PLACEMENT_3D('',#476,#477,#478);
#476 = CARTESIAN_POINT('',(2.465,-1.565,6.5E-02));
#477 = DIRECTION('',(0.,-0.,-1.));
#478 = DIRECTION('',(1.,0.,-0.));
#479 = ORIENTED_EDGE('',*,*,#278,.T.);
#480 = ORIENTED_EDGE('',*,*,#481,.F.);
#481 = EDGE_CURVE('',#466,#271,#482,.T.);
#482 = CIRCLE('',#483,3.5E-02);
#483 = AXIS2_PLACEMENT_3D('',#484,#485,#486);
#484 = CARTESIAN_POINT('',(2.465,-1.565,0.365));
#485 = DIRECTION('',(0.,0.,-1.));
#486 = DIRECTION('',(1.,0.,0.));
#487 = CYLINDRICAL_SURFACE('',#488,3.5E-02);
#488 = AXIS2_PLACEMENT_3D('',#489,#490,#491);
#489 = CARTESIAN_POINT('',(2.465,-1.565,3.E-02));
#490 = DIRECTION('',(0.,0.,1.));
#491 = DIRECTION('',(1.,0.,-0.));
#492 = ADVANCED_FACE('',(#493),#505,.T.);
#493 = FACE_BOUND('',#494,.F.);
#494 = EDGE_LOOP('',(#495,#496,#497,#504));
#495 = ORIENTED_EDGE('',*,*,#332,.F.);
#496 = ORIENTED_EDGE('',*,*,#317,.T.);
#497 = ORIENTED_EDGE('',*,*,#498,.T.);
#498 = EDGE_CURVE('',#310,#406,#499,.T.);
#499 = CIRCLE('',#500,3.5E-02);
#500 = AXIS2_PLACEMENT_3D('',#501,#502,#503);
#501 = CARTESIAN_POINT('',(2.465,1.565,6.5E-02));
#502 = DIRECTION('',(1.,6.565029142834E-17,-0.));
#503 = DIRECTION('',(-6.565029142834E-17,1.,0.));
#504 = ORIENTED_EDGE('',*,*,#413,.F.);
#505 = CYLINDRICAL_SURFACE('',#506,3.5E-02);
#506 = AXIS2_PLACEMENT_3D('',#507,#508,#509);
#507 = CARTESIAN_POINT('',(-2.5,1.565,6.5E-02));
#508 = DIRECTION('',(1.,0.,-0.));
#509 = DIRECTION('',(0.,1.,0.));
#510 = ADVANCED_FACE('',(#511),#536,.T.);
#511 = FACE_BOUND('',#512,.T.);
#512 = EDGE_LOOP('',(#513,#520,#521,#530));
#513 = ORIENTED_EDGE('',*,*,#514,.F.);
#514 = EDGE_CURVE('',#302,#464,#515,.T.);
#515 = CIRCLE('',#516,3.5E-02);
#516 = AXIS2_PLACEMENT_3D('',#517,#518,#519);
#517 = CARTESIAN_POINT('',(2.465,-1.565,6.5E-02));
#518 = DIRECTION('',(0.,-1.,0.));
#519 = DIRECTION('',(1.,0.,0.));
#520 = ORIENTED_EDGE('',*,*,#309,.T.);
#521 = ORIENTED_EDGE('',*,*,#522,.T.);
#522 = EDGE_CURVE('',#310,#523,#525,.T.);
#523 = VERTEX_POINT('',#524);
#524 = CARTESIAN_POINT('',(2.5,1.565,6.5E-02));
#525 = CIRCLE('',#526,3.5E-02);
#526 = AXIS2_PLACEMENT_3D('',#527,#528,#529);
#527 = CARTESIAN_POINT('',(2.465,1.565,6.5E-02));
#528 = DIRECTION('',(6.344131569287E-15,-1.,0.));
#529 = DIRECTION('',(1.,6.344131569287E-15,0.));
#530 = ORIENTED_EDGE('',*,*,#531,.F.);
#531 = EDGE_CURVE('',#464,#523,#532,.T.);
#532 = LINE('',#533,#534);
#533 = CARTESIAN_POINT('',(2.5,-1.6,6.5E-02));
#534 = VECTOR('',#535,1.);
#535 = DIRECTION('',(-0.,1.,0.));
#536 = CYLINDRICAL_SURFACE('',#537,3.5E-02);
#537 = AXIS2_PLACEMENT_3D('',#538,#539,#540);
#538 = CARTESIAN_POINT('',(2.465,-1.6,6.5E-02));
#539 = DIRECTION('',(-0.,1.,0.));
#540 = DIRECTION('',(1.,0.,-0.));
#541 = ADVANCED_FACE('',(#542),#554,.T.);
#542 = FACE_BOUND('',#543,.T.);
#543 = EDGE_LOOP('',(#544,#545,#546,#553));
#544 = ORIENTED_EDGE('',*,*,#380,.T.);
#545 = ORIENTED_EDGE('',*,*,#365,.T.);
#546 = ORIENTED_EDGE('',*,*,#547,.F.);
#547 = EDGE_CURVE('',#398,#358,#548,.T.);
#548 = CIRCLE('',#549,3.5E-02);
#549 = AXIS2_PLACEMENT_3D('',#550,#551,#552);
#550 = CARTESIAN_POINT('',(2.465,1.565,0.365));
#551 = DIRECTION('',(1.,0.,-9.295299780379E-17));
#552 = DIRECTION('',(9.295299780379E-17,0.,1.));
#553 = ORIENTED_EDGE('',*,*,#397,.F.);
#554 = CYLINDRICAL_SURFACE('',#555,3.5E-02);
#555 = AXIS2_PLACEMENT_3D('',#556,#557,#558);
#556 = CARTESIAN_POINT('',(-2.5,1.565,0.365));
#557 = DIRECTION('',(1.,0.,-0.));
#558 = DIRECTION('',(0.,1.,0.));
#559 = ADVANCED_FACE('',(#560),#585,.T.);
#560 = FACE_BOUND('',#561,.F.);
#561 = EDGE_LOOP('',(#562,#569,#570,#579));
#562 = ORIENTED_EDGE('',*,*,#563,.F.);
#563 = EDGE_CURVE('',#350,#466,#564,.T.);
#564 = CIRCLE('',#565,3.5E-02);
#565 = AXIS2_PLACEMENT_3D('',#566,#567,#568);
#566 = CARTESIAN_POINT('',(2.465,-1.565,0.365));
#567 = DIRECTION('',(-0.,1.,0.));
#568 = DIRECTION('',(1.,0.,0.));
#569 = ORIENTED_EDGE('',*,*,#357,.T.);
#570 = ORIENTED_EDGE('',*,*,#571,.F.);
#571 = EDGE_CURVE('',#572,#358,#574,.T.);
#572 = VERTEX_POINT('',#573);
#573 = CARTESIAN_POINT('',(2.5,1.565,0.365));
#574 = CIRCLE('',#575,3.5E-02);
#575 = AXIS2_PLACEMENT_3D('',#576,#577,#578);
#576 = CARTESIAN_POINT('',(2.465,1.565,0.365));
#577 = DIRECTION('',(0.,-1.,0.));
#578 = DIRECTION('',(1.,0.,-1.586032892322E-15));
#579 = ORIENTED_EDGE('',*,*,#580,.F.);
#580 = EDGE_CURVE('',#466,#572,#581,.T.);
#581 = LINE('',#582,#583);
#582 = CARTESIAN_POINT('',(2.5,-1.6,0.365));
#583 = VECTOR('',#584,1.);
#584 = DIRECTION('',(-0.,1.,0.));
#585 = CYLINDRICAL_SURFACE('',#586,3.5E-02);
#586 = AXIS2_PLACEMENT_3D('',#587,#588,#589);
#587 = CARTESIAN_POINT('',(2.465,-1.6,0.365));
#588 = DIRECTION('',(-0.,1.,0.));
#589 = DIRECTION('',(1.,0.,-0.));
#590 = ADVANCED_FACE('',(#591),#614,.T.);
#591 = FACE_BOUND('',#592,.T.);
#592 = EDGE_LOOP('',(#593,#599,#606,#607));
#593 = ORIENTED_EDGE('',*,*,#594,.F.);
#594 = EDGE_CURVE('',#523,#572,#595,.T.);
#595 = LINE('',#596,#597);
#596 = CARTESIAN_POINT('',(2.5,1.565,3.E-02));
#597 = VECTOR('',#598,1.);
#598 = DIRECTION('',(0.,0.,1.));
#599 = ORIENTED_EDGE('',*,*,#600,.T.);
#600 = EDGE_CURVE('',#523,#406,#601,.T.);
#601 = CIRCLE('',#602,3.5E-02);
#602 = AXIS2_PLACEMENT_3D('',#603,#604,#605);
#603 = CARTESIAN_POINT('',(2.465,1.565,6.5E-02));
#604 = DIRECTION('',(0.,0.,1.));
#605 = DIRECTION('',(1.,6.344131569287E-15,-0.));
#606 = ORIENTED_EDGE('',*,*,#405,.T.);
#607 = ORIENTED_EDGE('',*,*,#608,.T.);
#608 = EDGE_CURVE('',#398,#572,#609,.T.);
#609 = CIRCLE('',#610,3.5E-02);
#610 = AXIS2_PLACEMENT_3D('',#611,#612,#613);
#611 = CARTESIAN_POINT('',(2.465,1.565,0.365));
#612 = DIRECTION('',(-1.586032892322E-15,0.,-1.));
#613 = DIRECTION('',(1.,0.,-1.586032892322E-15));
#614 = CYLINDRICAL_SURFACE('',#615,3.5E-02);
#615 = AXIS2_PLACEMENT_3D('',#616,#617,#618);
#616 = CARTESIAN_POINT('',(2.465,1.565,3.E-02));
#617 = DIRECTION('',(0.,0.,1.));
#618 = DIRECTION('',(1.,0.,-0.));
#619 = ADVANCED_FACE('',(#620),#625,.T.);
#620 = FACE_BOUND('',#621,.F.);
#621 = EDGE_LOOP('',(#622,#623,#624));
#622 = ORIENTED_EDGE('',*,*,#514,.F.);
#623 = ORIENTED_EDGE('',*,*,#429,.T.);
#624 = ORIENTED_EDGE('',*,*,#473,.F.);
#625 = SPHERICAL_SURFACE('',#626,3.5E-02);
#626 = AXIS2_PLACEMENT_3D('',#627,#628,#629);
#627 = CARTESIAN_POINT('',(2.465,-1.565,6.5E-02));
#628 = DIRECTION('',(0.,0.,1.));
#629 = DIRECTION('',(1.,0.,-0.));
#630 = ADVANCED_FACE('',(#631),#636,.T.);
#631 = FACE_BOUND('',#632,.T.);
#632 = EDGE_LOOP('',(#633,#634,#635));
#633 = ORIENTED_EDGE('',*,*,#563,.F.);
#634 = ORIENTED_EDGE('',*,*,#447,.T.);
#635 = ORIENTED_EDGE('',*,*,#481,.F.);
#636 = SPHERICAL_SURFACE('',#637,3.5E-02);
#637 = AXIS2_PLACEMENT_3D('',#638,#639,#640);
#638 = CARTESIAN_POINT('',(2.465,-1.565,0.365));
#639 = DIRECTION('',(-0.,-0.,-1.));
#640 = DIRECTION('',(1.,0.,0.));
#641 = ADVANCED_FACE('',(#642),#648,.T.);
#642 = FACE_BOUND('',#643,.T.);
#643 = EDGE_LOOP('',(#644,#645,#646,#647));
#644 = ORIENTED_EDGE('',*,*,#463,.F.);
#645 = ORIENTED_EDGE('',*,*,#531,.T.);
#646 = ORIENTED_EDGE('',*,*,#594,.T.);
#647 = ORIENTED_EDGE('',*,*,#580,.F.);
#648 = PLANE('',#649);
#649 = AXIS2_PLACEMENT_3D('',#650,#651,#652);
#650 = CARTESIAN_POINT('',(2.5,-1.6,3.E-02));
#651 = DIRECTION('',(1.,0.,-0.));
#652 = DIRECTION('',(0.,0.,1.));
#653 = ADVANCED_FACE('',(#654),#659,.T.);
#654 = FACE_BOUND('',#655,.T.);
#655 = EDGE_LOOP('',(#656,#657,#658));
#656 = ORIENTED_EDGE('',*,*,#522,.F.);
#657 = ORIENTED_EDGE('',*,*,#498,.T.);
#658 = ORIENTED_EDGE('',*,*,#600,.F.);
#659 = SPHERICAL_SURFACE('',#660,3.5E-02);
#660 = AXIS2_PLACEMENT_3D('',#661,#662,#663);
#661 = CARTESIAN_POINT('',(2.465,1.565,6.5E-02));
#662 = DIRECTION('',(0.,0.,1.));
#663 = DIRECTION('',(1.,6.344131569287E-15,-0.));
#664 = ADVANCED_FACE('',(#665),#670,.T.);
#665 = FACE_BOUND('',#666,.T.);
#666 = EDGE_LOOP('',(#667,#668,#669));
#667 = ORIENTED_EDGE('',*,*,#608,.F.);
#668 = ORIENTED_EDGE('',*,*,#547,.T.);
#669 = ORIENTED_EDGE('',*,*,#571,.F.);
#670 = SPHERICAL_SURFACE('',#671,3.5E-02);
#671 = AXIS2_PLACEMENT_3D('',#672,#673,#674);
#672 = CARTESIAN_POINT('',(2.465,1.565,0.365));
#673 = DIRECTION('',(0.,-1.,-0.));
#674 = DIRECTION('',(1.,0.,-1.586032892322E-15));
#675 = ( GEOMETRIC_REPRESENTATION_CONTEXT(3) 
GLOBAL_UNCERTAINTY_ASSIGNED_CONTEXT((#679)) GLOBAL_UNIT_ASSIGNED_CONTEXT
((#676,#677,#678)) REPRESENTATION_CONTEXT('Context #1',
  '3D Context with UNIT and UNCERTAINTY') );
#676 = ( LENGTH_UNIT() NAMED_UNIT(*) SI_UNIT(.MILLI.,.METRE.) );
#677 = ( NAMED_UNIT(*) PLANE_ANGLE_UNIT() SI_UNIT($,.RADIAN.) );
#678 = ( NAMED_UNIT(*) SI_UNIT($,.STERADIAN.) SOLID_ANGLE_UNIT() );
#679 = UNCERTAINTY_MEASURE_WITH_UNIT(LENGTH_MEASURE(1.E-07),#676,
  'distance_accuracy_value','confusion accuracy');
#680 = CONTEXT_DEPENDENT_SHAPE_REPRESENTATION(#681,#683);
#681 = ( REPRESENTATION_RELATIONSHIP('','',#56,#10) 
REPRESENTATION_RELATIONSHIP_WITH_TRANSFORMATION(#682) 
SHAPE_REPRESENTATION_RELATIONSHIP() );
#682 = ITEM_DEFINED_TRANSFORMATION('','',#11,#15);
#683 = PRODUCT_DEFINITION_SHAPE('Placement','Placement of an item',#684
  );
#684 = NEXT_ASSEMBLY_USAGE_OCCURRENCE('67','Ceramic_base','',#5,#51,$);
#685 = PRODUCT_RELATED_PRODUCT_CATEGORY('part',$,(#53));
#686 = SHAPE_DEFINITION_REPRESENTATION(#687,#693);
#687 = PRODUCT_DEFINITION_SHAPE('','',#688);
#688 = PRODUCT_DEFINITION('design','',#689,#692);
#689 = PRODUCT_DEFINITION_FORMATION('','',#690);
#690 = PRODUCT('Metal_sealing_flange','Metal_sealing_flange','',(#691));
#691 = PRODUCT_CONTEXT('',#2,'mechanical');
#692 = PRODUCT_DEFINITION_CONTEXT('part definition',#2,'design');
#693 = ADVANCED_BREP_SHAPE_REPRESENTATION('',(#11,#694),#1312);
#694 = MANIFOLD_SOLID_BREP('',#695);
#695 = CLOSED_SHELL('',(#696,#736,#769,#802,#835,#868,#885,#902,#933,
    #964,#981,#1012,#1029,#1060,#1078,#1096,#1129,#1147,#1178,#1196,
    #1227,#1256,#1267,#1278,#1290,#1301));
#696 = ADVANCED_FACE('',(#697),#731,.F.);
#697 = FACE_BOUND('',#698,.F.);
#698 = EDGE_LOOP('',(#699,#709,#717,#725));
#699 = ORIENTED_EDGE('',*,*,#700,.F.);
#700 = EDGE_CURVE('',#701,#703,#705,.T.);
#701 = VERTEX_POINT('',#702);
#702 = CARTESIAN_POINT('',(-2.45,-1.518,0.432));
#703 = VERTEX_POINT('',#704);
#704 = CARTESIAN_POINT('',(-2.45,-1.518,0.448));
#705 = LINE('',#706,#707);
#706 = CARTESIAN_POINT('',(-2.45,-1.518,0.4));
#707 = VECTOR('',#708,1.);
#708 = DIRECTION('',(0.,0.,1.));
#709 = ORIENTED_EDGE('',*,*,#710,.T.);
#710 = EDGE_CURVE('',#701,#711,#713,.T.);
#711 = VERTEX_POINT('',#712);
#712 = CARTESIAN_POINT('',(-2.45,1.518,0.432));
#713 = LINE('',#714,#715);
#714 = CARTESIAN_POINT('',(-2.45,-1.55,0.432));
#715 = VECTOR('',#716,1.);
#716 = DIRECTION('',(-0.,1.,0.));
#717 = ORIENTED_EDGE('',*,*,#718,.T.);
#718 = EDGE_CURVE('',#711,#719,#721,.T.);
#719 = VERTEX_POINT('',#720);
#720 = CARTESIAN_POINT('',(-2.45,1.518,0.448));
#721 = LINE('',#722,#723);
#722 = CARTESIAN_POINT('',(-2.45,1.518,0.4));
#723 = VECTOR('',#724,1.);
#724 = DIRECTION('',(0.,0.,1.));
#725 = ORIENTED_EDGE('',*,*,#726,.F.);
#726 = EDGE_CURVE('',#703,#719,#727,.T.);
#727 = LINE('',#728,#729);
#728 = CARTESIAN_POINT('',(-2.45,-1.55,0.448));
#729 = VECTOR('',#730,1.);
#730 = DIRECTION('',(-0.,1.,0.));
#731 = PLANE('',#732);
#732 = AXIS2_PLACEMENT_3D('',#733,#734,#735);
#733 = CARTESIAN_POINT('',(-2.45,-1.55,0.4));
#734 = DIRECTION('',(1.,0.,-0.));
#735 = DIRECTION('',(0.,0.,1.));
#736 = ADVANCED_FACE('',(#737),#764,.T.);
#737 = FACE_BOUND('',#738,.T.);
#738 = EDGE_LOOP('',(#739,#740,#749,#757));
#739 = ORIENTED_EDGE('',*,*,#700,.F.);
#740 = ORIENTED_EDGE('',*,*,#741,.T.);
#741 = EDGE_CURVE('',#701,#742,#744,.T.);
#742 = VERTEX_POINT('',#743);
#743 = CARTESIAN_POINT('',(-2.418,-1.55,0.432));
#744 = CIRCLE('',#745,3.2E-02);
#745 = AXIS2_PLACEMENT_3D('',#746,#747,#748);
#746 = CARTESIAN_POINT('',(-2.418,-1.518,0.432));
#747 = DIRECTION('',(0.,0.,1.));
#748 = DIRECTION('',(-1.,0.,0.));
#749 = ORIENTED_EDGE('',*,*,#750,.T.);
#750 = EDGE_CURVE('',#742,#751,#753,.T.);
#751 = VERTEX_POINT('',#752);
#752 = CARTESIAN_POINT('',(-2.418,-1.55,0.448));
#753 = LINE('',#754,#755);
#754 = CARTESIAN_POINT('',(-2.418,-1.55,0.4));
#755 = VECTOR('',#756,1.);
#756 = DIRECTION('',(0.,0.,1.));
#757 = ORIENTED_EDGE('',*,*,#758,.F.);
#758 = EDGE_CURVE('',#703,#751,#759,.T.);
#759 = CIRCLE('',#760,3.2E-02);
#760 = AXIS2_PLACEMENT_3D('',#761,#762,#763);
#761 = CARTESIAN_POINT('',(-2.418,-1.518,0.448));
#762 = DIRECTION('',(0.,0.,1.));
#763 = DIRECTION('',(-1.,0.,0.));
#764 = CYLINDRICAL_SURFACE('',#765,3.2E-02);
#765 = AXIS2_PLACEMENT_3D('',#766,#767,#768);
#766 = CARTESIAN_POINT('',(-2.418,-1.518,0.4));
#767 = DIRECTION('',(0.,0.,1.));
#768 = DIRECTION('',(-1.,-0.,0.));
#769 = ADVANCED_FACE('',(#770),#797,.T.);
#770 = FACE_BOUND('',#771,.F.);
#771 = EDGE_LOOP('',(#772,#781,#789,#796));
#772 = ORIENTED_EDGE('',*,*,#773,.F.);
#773 = EDGE_CURVE('',#774,#701,#776,.T.);
#774 = VERTEX_POINT('',#775);
#775 = CARTESIAN_POINT('',(-2.418,-1.518,0.4));
#776 = CIRCLE('',#777,3.2E-02);
#777 = AXIS2_PLACEMENT_3D('',#778,#779,#780);
#778 = CARTESIAN_POINT('',(-2.418,-1.518,0.432));
#779 = DIRECTION('',(0.,1.,-0.));
#780 = DIRECTION('',(-1.,0.,0.));
#781 = ORIENTED_EDGE('',*,*,#782,.T.);
#782 = EDGE_CURVE('',#774,#783,#785,.T.);
#783 = VERTEX_POINT('',#784);
#784 = CARTESIAN_POINT('',(-2.418,1.518,0.4));
#785 = LINE('',#786,#787);
#786 = CARTESIAN_POINT('',(-2.418,-1.55,0.4));
#787 = VECTOR('',#788,1.);
#788 = DIRECTION('',(-0.,1.,0.));
#789 = ORIENTED_EDGE('',*,*,#790,.T.);
#790 = EDGE_CURVE('',#783,#711,#791,.T.);
#791 = CIRCLE('',#792,3.2E-02);
#792 = AXIS2_PLACEMENT_3D('',#793,#794,#795);
#793 = CARTESIAN_POINT('',(-2.418,1.518,0.432));
#794 = DIRECTION('',(0.,1.,-0.));
#795 = DIRECTION('',(-1.,0.,0.));
#796 = ORIENTED_EDGE('',*,*,#710,.F.);
#797 = CYLINDRICAL_SURFACE('',#798,3.2E-02);
#798 = AXIS2_PLACEMENT_3D('',#799,#800,#801);
#799 = CARTESIAN_POINT('',(-2.418,-1.55,0.432));
#800 = DIRECTION('',(-0.,1.,0.));
#801 = DIRECTION('',(-1.,-0.,0.));
#802 = ADVANCED_FACE('',(#803),#830,.T.);
#803 = FACE_BOUND('',#804,.T.);
#804 = EDGE_LOOP('',(#805,#814,#822,#829));
#805 = ORIENTED_EDGE('',*,*,#806,.F.);
#806 = EDGE_CURVE('',#807,#703,#809,.T.);
#807 = VERTEX_POINT('',#808);
#808 = CARTESIAN_POINT('',(-2.418,-1.518,0.48));
#809 = CIRCLE('',#810,3.2E-02);
#810 = AXIS2_PLACEMENT_3D('',#811,#812,#813);
#811 = CARTESIAN_POINT('',(-2.418,-1.518,0.448));
#812 = DIRECTION('',(0.,-1.,0.));
#813 = DIRECTION('',(-1.,0.,0.));
#814 = ORIENTED_EDGE('',*,*,#815,.T.);
#815 = EDGE_CURVE('',#807,#816,#818,.T.);
#816 = VERTEX_POINT('',#817);
#817 = CARTESIAN_POINT('',(-2.418,1.518,0.48));
#818 = LINE('',#819,#820);
#819 = CARTESIAN_POINT('',(-2.418,-1.55,0.48));
#820 = VECTOR('',#821,1.);
#821 = DIRECTION('',(-0.,1.,0.));
#822 = ORIENTED_EDGE('',*,*,#823,.F.);
#823 = EDGE_CURVE('',#719,#816,#824,.T.);
#824 = CIRCLE('',#825,3.2E-02);
#825 = AXIS2_PLACEMENT_3D('',#826,#827,#828);
#826 = CARTESIAN_POINT('',(-2.418,1.518,0.448));
#827 = DIRECTION('',(-0.,1.,0.));
#828 = DIRECTION('',(-1.,-0.,0.));
#829 = ORIENTED_EDGE('',*,*,#726,.F.);
#830 = CYLINDRICAL_SURFACE('',#831,3.2E-02);
#831 = AXIS2_PLACEMENT_3D('',#832,#833,#834);
#832 = CARTESIAN_POINT('',(-2.418,-1.55,0.448));
#833 = DIRECTION('',(-0.,1.,0.));
#834 = DIRECTION('',(-1.,-0.,0.));
#835 = ADVANCED_FACE('',(#836),#863,.T.);
#836 = FACE_BOUND('',#837,.F.);
#837 = EDGE_LOOP('',(#838,#839,#848,#856));
#838 = ORIENTED_EDGE('',*,*,#718,.F.);
#839 = ORIENTED_EDGE('',*,*,#840,.T.);
#840 = EDGE_CURVE('',#711,#841,#843,.T.);
#841 = VERTEX_POINT('',#842);
#842 = CARTESIAN_POINT('',(-2.418,1.55,0.432));
#843 = CIRCLE('',#844,3.2E-02);
#844 = AXIS2_PLACEMENT_3D('',#845,#846,#847);
#845 = CARTESIAN_POINT('',(-2.418,1.518,0.432));
#846 = DIRECTION('',(-0.,0.,-1.));
#847 = DIRECTION('',(-1.,0.,0.));
#848 = ORIENTED_EDGE('',*,*,#849,.T.);
#849 = EDGE_CURVE('',#841,#850,#852,.T.);
#850 = VERTEX_POINT('',#851);
#851 = CARTESIAN_POINT('',(-2.418,1.55,0.448));
#852 = LINE('',#853,#854);
#853 = CARTESIAN_POINT('',(-2.418,1.55,0.4));
#854 = VECTOR('',#855,1.);
#855 = DIRECTION('',(0.,0.,1.));
#856 = ORIENTED_EDGE('',*,*,#857,.T.);
#857 = EDGE_CURVE('',#850,#719,#858,.T.);
#858 = CIRCLE('',#859,3.2E-02);
#859 = AXIS2_PLACEMENT_3D('',#860,#861,#862);
#860 = CARTESIAN_POINT('',(-2.418,1.518,0.448));
#861 = DIRECTION('',(0.,0.,1.));
#862 = DIRECTION('',(-1.,-0.,0.));
#863 = CYLINDRICAL_SURFACE('',#864,3.2E-02);
#864 = AXIS2_PLACEMENT_3D('',#865,#866,#867);
#865 = CARTESIAN_POINT('',(-2.418,1.518,0.4));
#866 = DIRECTION('',(0.,0.,1.));
#867 = DIRECTION('',(-1.,-0.,0.));
#868 = ADVANCED_FACE('',(#869),#880,.T.);
#869 = FACE_BOUND('',#870,.T.);
#870 = EDGE_LOOP('',(#871,#872,#879));
#871 = ORIENTED_EDGE('',*,*,#773,.F.);
#872 = ORIENTED_EDGE('',*,*,#873,.T.);
#873 = EDGE_CURVE('',#774,#742,#874,.T.);
#874 = CIRCLE('',#875,3.2E-02);
#875 = AXIS2_PLACEMENT_3D('',#876,#877,#878);
#876 = CARTESIAN_POINT('',(-2.418,-1.518,0.432));
#877 = DIRECTION('',(-1.,6.123233995737E-17,0.));
#878 = DIRECTION('',(-6.123233995737E-17,-1.,0.));
#879 = ORIENTED_EDGE('',*,*,#741,.F.);
#880 = SPHERICAL_SURFACE('',#881,3.2E-02);
#881 = AXIS2_PLACEMENT_3D('',#882,#883,#884);
#882 = CARTESIAN_POINT('',(-2.418,-1.518,0.432));
#883 = DIRECTION('',(0.,0.,1.));
#884 = DIRECTION('',(-1.,0.,0.));
#885 = ADVANCED_FACE('',(#886),#897,.T.);
#886 = FACE_BOUND('',#887,.F.);
#887 = EDGE_LOOP('',(#888,#889,#896));
#888 = ORIENTED_EDGE('',*,*,#806,.F.);
#889 = ORIENTED_EDGE('',*,*,#890,.T.);
#890 = EDGE_CURVE('',#807,#751,#891,.T.);
#891 = CIRCLE('',#892,3.2E-02);
#892 = AXIS2_PLACEMENT_3D('',#893,#894,#895);
#893 = CARTESIAN_POINT('',(-2.418,-1.518,0.448));
#894 = DIRECTION('',(1.,-6.123233995737E-17,0.));
#895 = DIRECTION('',(-6.123233995737E-17,-1.,0.));
#896 = ORIENTED_EDGE('',*,*,#758,.F.);
#897 = SPHERICAL_SURFACE('',#898,3.2E-02);
#898 = AXIS2_PLACEMENT_3D('',#899,#900,#901);
#899 = CARTESIAN_POINT('',(-2.418,-1.518,0.448));
#900 = DIRECTION('',(-0.,-0.,-1.));
#901 = DIRECTION('',(-1.,0.,0.));
#902 = ADVANCED_FACE('',(#903),#928,.F.);
#903 = FACE_BOUND('',#904,.F.);
#904 = EDGE_LOOP('',(#905,#906,#914,#922));
#905 = ORIENTED_EDGE('',*,*,#750,.T.);
#906 = ORIENTED_EDGE('',*,*,#907,.T.);
#907 = EDGE_CURVE('',#751,#908,#910,.T.);
#908 = VERTEX_POINT('',#909);
#909 = CARTESIAN_POINT('',(2.418,-1.55,0.448));
#910 = LINE('',#911,#912);
#911 = CARTESIAN_POINT('',(-2.45,-1.55,0.448));
#912 = VECTOR('',#913,1.);
#913 = DIRECTION('',(1.,0.,-0.));
#914 = ORIENTED_EDGE('',*,*,#915,.F.);
#915 = EDGE_CURVE('',#916,#908,#918,.T.);
#916 = VERTEX_POINT('',#917);
#917 = CARTESIAN_POINT('',(2.418,-1.55,0.432));
#918 = LINE('',#919,#920);
#919 = CARTESIAN_POINT('',(2.418,-1.55,0.4));
#920 = VECTOR('',#921,1.);
#921 = DIRECTION('',(0.,0.,1.));
#922 = ORIENTED_EDGE('',*,*,#923,.F.);
#923 = EDGE_CURVE('',#742,#916,#924,.T.);
#924 = LINE('',#925,#926);
#925 = CARTESIAN_POINT('',(-2.45,-1.55,0.432));
#926 = VECTOR('',#927,1.);
#927 = DIRECTION('',(1.,0.,-0.));
#928 = PLANE('',#929);
#929 = AXIS2_PLACEMENT_3D('',#930,#931,#932);
#930 = CARTESIAN_POINT('',(-2.45,-1.55,0.4));
#931 = DIRECTION('',(-0.,1.,0.));
#932 = DIRECTION('',(0.,0.,1.));
#933 = ADVANCED_FACE('',(#934),#959,.F.);
#934 = FACE_BOUND('',#935,.F.);
#935 = EDGE_LOOP('',(#936,#937,#945,#953));
#936 = ORIENTED_EDGE('',*,*,#782,.F.);
#937 = ORIENTED_EDGE('',*,*,#938,.T.);
#938 = EDGE_CURVE('',#774,#939,#941,.T.);
#939 = VERTEX_POINT('',#940);
#940 = CARTESIAN_POINT('',(2.418,-1.518,0.4));
#941 = LINE('',#942,#943);
#942 = CARTESIAN_POINT('',(-2.45,-1.518,0.4));
#943 = VECTOR('',#944,1.);
#944 = DIRECTION('',(1.,0.,-0.));
#945 = ORIENTED_EDGE('',*,*,#946,.T.);
#946 = EDGE_CURVE('',#939,#947,#949,.T.);
#947 = VERTEX_POINT('',#948);
#948 = CARTESIAN_POINT('',(2.418,1.518,0.4));
#949 = LINE('',#950,#951);
#950 = CARTESIAN_POINT('',(2.418,-1.55,0.4));
#951 = VECTOR('',#952,1.);
#952 = DIRECTION('',(-0.,1.,0.));
#953 = ORIENTED_EDGE('',*,*,#954,.F.);
#954 = EDGE_CURVE('',#783,#947,#955,.T.);
#955 = LINE('',#956,#957);
#956 = CARTESIAN_POINT('',(-2.45,1.518,0.4));
#957 = VECTOR('',#958,1.);
#958 = DIRECTION('',(1.,0.,-0.));
#959 = PLANE('',#960);
#960 = AXIS2_PLACEMENT_3D('',#961,#962,#963);
#961 = CARTESIAN_POINT('',(-2.45,-1.55,0.4));
#962 = DIRECTION('',(0.,0.,1.));
#963 = DIRECTION('',(1.,0.,-0.));
#964 = ADVANCED_FACE('',(#965),#976,.T.);
#965 = FACE_BOUND('',#966,.F.);
#966 = EDGE_LOOP('',(#967,#968,#975));
#967 = ORIENTED_EDGE('',*,*,#790,.F.);
#968 = ORIENTED_EDGE('',*,*,#969,.T.);
#969 = EDGE_CURVE('',#783,#841,#970,.T.);
#970 = CIRCLE('',#971,3.2E-02);
#971 = AXIS2_PLACEMENT_3D('',#972,#973,#974);
#972 = CARTESIAN_POINT('',(-2.418,1.518,0.432));
#973 = DIRECTION('',(1.,6.123233995737E-17,-0.));
#974 = DIRECTION('',(-6.123233995737E-17,1.,0.));
#975 = ORIENTED_EDGE('',*,*,#840,.F.);
#976 = SPHERICAL_SURFACE('',#977,3.2E-02);
#977 = AXIS2_PLACEMENT_3D('',#978,#979,#980);
#978 = CARTESIAN_POINT('',(-2.418,1.518,0.432));
#979 = DIRECTION('',(0.,0.,1.));
#980 = DIRECTION('',(-1.,0.,0.));
#981 = ADVANCED_FACE('',(#982),#1007,.T.);
#982 = FACE_BOUND('',#983,.T.);
#983 = EDGE_LOOP('',(#984,#985,#993,#1001));
#984 = ORIENTED_EDGE('',*,*,#815,.F.);
#985 = ORIENTED_EDGE('',*,*,#986,.T.);
#986 = EDGE_CURVE('',#807,#987,#989,.T.);
#987 = VERTEX_POINT('',#988);
#988 = CARTESIAN_POINT('',(2.418,-1.518,0.48));
#989 = LINE('',#990,#991);
#990 = CARTESIAN_POINT('',(-2.45,-1.518,0.48));
#991 = VECTOR('',#992,1.);
#992 = DIRECTION('',(1.,0.,-0.));
#993 = ORIENTED_EDGE('',*,*,#994,.T.);
#994 = EDGE_CURVE('',#987,#995,#997,.T.);
#995 = VERTEX_POINT('',#996);
#996 = CARTESIAN_POINT('',(2.418,1.518,0.48));
#997 = LINE('',#998,#999);
#998 = CARTESIAN_POINT('',(2.418,-1.55,0.48));
#999 = VECTOR('',#1000,1.);
#1000 = DIRECTION('',(-0.,1.,0.));
#1001 = ORIENTED_EDGE('',*,*,#1002,.F.);
#1002 = EDGE_CURVE('',#816,#995,#1003,.T.);
#1003 = LINE('',#1004,#1005);
#1004 = CARTESIAN_POINT('',(-2.45,1.518,0.48));
#1005 = VECTOR('',#1006,1.);
#1006 = DIRECTION('',(1.,0.,-0.));
#1007 = PLANE('',#1008);
#1008 = AXIS2_PLACEMENT_3D('',#1009,#1010,#1011);
#1009 = CARTESIAN_POINT('',(-2.45,-1.55,0.48));
#1010 = DIRECTION('',(0.,0.,1.));
#1011 = DIRECTION('',(1.,0.,-0.));
#1012 = ADVANCED_FACE('',(#1013),#1024,.T.);
#1013 = FACE_BOUND('',#1014,.F.);
#1014 = EDGE_LOOP('',(#1015,#1016,#1023));
#1015 = ORIENTED_EDGE('',*,*,#857,.F.);
#1016 = ORIENTED_EDGE('',*,*,#1017,.T.);
#1017 = EDGE_CURVE('',#850,#816,#1018,.T.);
#1018 = CIRCLE('',#1019,3.2E-02);
#1019 = AXIS2_PLACEMENT_3D('',#1020,#1021,#1022);
#1020 = CARTESIAN_POINT('',(-2.418,1.518,0.448));
#1021 = DIRECTION('',(1.,0.,6.123233995737E-17));
#1022 = DIRECTION('',(-6.123233995737E-17,-0.,1.));
#1023 = ORIENTED_EDGE('',*,*,#823,.F.);
#1024 = SPHERICAL_SURFACE('',#1025,3.2E-02);
#1025 = AXIS2_PLACEMENT_3D('',#1026,#1027,#1028);
#1026 = CARTESIAN_POINT('',(-2.418,1.518,0.448));
#1027 = DIRECTION('',(0.,-1.,-0.));
#1028 = DIRECTION('',(-1.,-0.,0.));
#1029 = ADVANCED_FACE('',(#1030),#1055,.T.);
#1030 = FACE_BOUND('',#1031,.T.);
#1031 = EDGE_LOOP('',(#1032,#1033,#1041,#1049));
#1032 = ORIENTED_EDGE('',*,*,#849,.T.);
#1033 = ORIENTED_EDGE('',*,*,#1034,.T.);
#1034 = EDGE_CURVE('',#850,#1035,#1037,.T.);
#1035 = VERTEX_POINT('',#1036);
#1036 = CARTESIAN_POINT('',(2.418,1.55,0.448));
#1037 = LINE('',#1038,#1039);
#1038 = CARTESIAN_POINT('',(-2.45,1.55,0.448));
#1039 = VECTOR('',#1040,1.);
#1040 = DIRECTION('',(1.,0.,-0.));
#1041 = ORIENTED_EDGE('',*,*,#1042,.F.);
#1042 = EDGE_CURVE('',#1043,#1035,#1045,.T.);
#1043 = VERTEX_POINT('',#1044);
#1044 = CARTESIAN_POINT('',(2.418,1.55,0.432));
#1045 = LINE('',#1046,#1047);
#1046 = CARTESIAN_POINT('',(2.418,1.55,0.4));
#1047 = VECTOR('',#1048,1.);
#1048 = DIRECTION('',(0.,0.,1.));
#1049 = ORIENTED_EDGE('',*,*,#1050,.F.);
#1050 = EDGE_CURVE('',#841,#1043,#1051,.T.);
#1051 = LINE('',#1052,#1053);
#1052 = CARTESIAN_POINT('',(-2.45,1.55,0.432));
#1053 = VECTOR('',#1054,1.);
#1054 = DIRECTION('',(1.,0.,-0.));
#1055 = PLANE('',#1056);
#1056 = AXIS2_PLACEMENT_3D('',#1057,#1058,#1059);
#1057 = CARTESIAN_POINT('',(-2.45,1.55,0.4));
#1058 = DIRECTION('',(-0.,1.,0.));
#1059 = DIRECTION('',(0.,0.,1.));
#1060 = ADVANCED_FACE('',(#1061),#1073,.T.);
#1061 = FACE_BOUND('',#1062,.T.);
#1062 = EDGE_LOOP('',(#1063,#1064,#1065,#1072));
#1063 = ORIENTED_EDGE('',*,*,#873,.F.);
#1064 = ORIENTED_EDGE('',*,*,#938,.T.);
#1065 = ORIENTED_EDGE('',*,*,#1066,.T.);
#1066 = EDGE_CURVE('',#939,#916,#1067,.T.);
#1067 = CIRCLE('',#1068,3.2E-02);
#1068 = AXIS2_PLACEMENT_3D('',#1069,#1070,#1071);
#1069 = CARTESIAN_POINT('',(2.418,-1.518,0.432));
#1070 = DIRECTION('',(-1.,-6.123233995737E-17,0.));
#1071 = DIRECTION('',(6.123233995737E-17,-1.,-0.));
#1072 = ORIENTED_EDGE('',*,*,#923,.F.);
#1073 = CYLINDRICAL_SURFACE('',#1074,3.2E-02);
#1074 = AXIS2_PLACEMENT_3D('',#1075,#1076,#1077);
#1075 = CARTESIAN_POINT('',(-2.45,-1.518,0.432));
#1076 = DIRECTION('',(1.,0.,-0.));
#1077 = DIRECTION('',(0.,-1.,0.));
#1078 = ADVANCED_FACE('',(#1079),#1091,.T.);
#1079 = FACE_BOUND('',#1080,.F.);
#1080 = EDGE_LOOP('',(#1081,#1082,#1083,#1090));
#1081 = ORIENTED_EDGE('',*,*,#890,.F.);
#1082 = ORIENTED_EDGE('',*,*,#986,.T.);
#1083 = ORIENTED_EDGE('',*,*,#1084,.T.);
#1084 = EDGE_CURVE('',#987,#908,#1085,.T.);
#1085 = CIRCLE('',#1086,3.2E-02);
#1086 = AXIS2_PLACEMENT_3D('',#1087,#1088,#1089);
#1087 = CARTESIAN_POINT('',(2.418,-1.518,0.448));
#1088 = DIRECTION('',(1.,6.123233995737E-17,0.));
#1089 = DIRECTION('',(6.123233995737E-17,-1.,0.));
#1090 = ORIENTED_EDGE('',*,*,#907,.F.);
#1091 = CYLINDRICAL_SURFACE('',#1092,3.2E-02);
#1092 = AXIS2_PLACEMENT_3D('',#1093,#1094,#1095);
#1093 = CARTESIAN_POINT('',(-2.45,-1.518,0.448));
#1094 = DIRECTION('',(1.,0.,-0.));
#1095 = DIRECTION('',(0.,-1.,0.));
#1096 = ADVANCED_FACE('',(#1097),#1124,.T.);
#1097 = FACE_BOUND('',#1098,.F.);
#1098 = EDGE_LOOP('',(#1099,#1109,#1116,#1117));
#1099 = ORIENTED_EDGE('',*,*,#1100,.F.);
#1100 = EDGE_CURVE('',#1101,#1103,#1105,.T.);
#1101 = VERTEX_POINT('',#1102);
#1102 = CARTESIAN_POINT('',(2.45,-1.518,0.432));
#1103 = VERTEX_POINT('',#1104);
#1104 = CARTESIAN_POINT('',(2.45,-1.518,0.448));
#1105 = LINE('',#1106,#1107);
#1106 = CARTESIAN_POINT('',(2.45,-1.518,0.4));
#1107 = VECTOR('',#1108,1.);
#1108 = DIRECTION('',(0.,0.,1.));
#1109 = ORIENTED_EDGE('',*,*,#1110,.T.);
#1110 = EDGE_CURVE('',#1101,#916,#1111,.T.);
#1111 = CIRCLE('',#1112,3.2E-02);
#1112 = AXIS2_PLACEMENT_3D('',#1113,#1114,#1115);
#1113 = CARTESIAN_POINT('',(2.418,-1.518,0.432));
#1114 = DIRECTION('',(0.,-0.,-1.));
#1115 = DIRECTION('',(1.,0.,-0.));
#1116 = ORIENTED_EDGE('',*,*,#915,.T.);
#1117 = ORIENTED_EDGE('',*,*,#1118,.F.);
#1118 = EDGE_CURVE('',#1103,#908,#1119,.T.);
#1119 = CIRCLE('',#1120,3.2E-02);
#1120 = AXIS2_PLACEMENT_3D('',#1121,#1122,#1123);
#1121 = CARTESIAN_POINT('',(2.418,-1.518,0.448));
#1122 = DIRECTION('',(0.,0.,-1.));
#1123 = DIRECTION('',(1.,0.,0.));
#1124 = CYLINDRICAL_SURFACE('',#1125,3.2E-02);
#1125 = AXIS2_PLACEMENT_3D('',#1126,#1127,#1128);
#1126 = CARTESIAN_POINT('',(2.418,-1.518,0.4));
#1127 = DIRECTION('',(0.,0.,1.));
#1128 = DIRECTION('',(1.,0.,-0.));
#1129 = ADVANCED_FACE('',(#1130),#1142,.T.);
#1130 = FACE_BOUND('',#1131,.F.);
#1131 = EDGE_LOOP('',(#1132,#1133,#1134,#1141));
#1132 = ORIENTED_EDGE('',*,*,#969,.F.);
#1133 = ORIENTED_EDGE('',*,*,#954,.T.);
#1134 = ORIENTED_EDGE('',*,*,#1135,.T.);
#1135 = EDGE_CURVE('',#947,#1043,#1136,.T.);
#1136 = CIRCLE('',#1137,3.2E-02);
#1137 = AXIS2_PLACEMENT_3D('',#1138,#1139,#1140);
#1138 = CARTESIAN_POINT('',(2.418,1.518,0.432));
#1139 = DIRECTION('',(1.,-6.123233995737E-17,0.));
#1140 = DIRECTION('',(6.123233995737E-17,1.,0.));
#1141 = ORIENTED_EDGE('',*,*,#1050,.F.);
#1142 = CYLINDRICAL_SURFACE('',#1143,3.2E-02);
#1143 = AXIS2_PLACEMENT_3D('',#1144,#1145,#1146);
#1144 = CARTESIAN_POINT('',(-2.45,1.518,0.432));
#1145 = DIRECTION('',(1.,0.,-0.));
#1146 = DIRECTION('',(0.,1.,0.));
#1147 = ADVANCED_FACE('',(#1148),#1173,.T.);
#1148 = FACE_BOUND('',#1149,.T.);
#1149 = EDGE_LOOP('',(#1150,#1157,#1158,#1167));
#1150 = ORIENTED_EDGE('',*,*,#1151,.F.);
#1151 = EDGE_CURVE('',#939,#1101,#1152,.T.);
#1152 = CIRCLE('',#1153,3.2E-02);
#1153 = AXIS2_PLACEMENT_3D('',#1154,#1155,#1156);
#1154 = CARTESIAN_POINT('',(2.418,-1.518,0.432));
#1155 = DIRECTION('',(0.,-1.,0.));
#1156 = DIRECTION('',(1.,0.,0.));
#1157 = ORIENTED_EDGE('',*,*,#946,.T.);
#1158 = ORIENTED_EDGE('',*,*,#1159,.T.);
#1159 = EDGE_CURVE('',#947,#1160,#1162,.T.);
#1160 = VERTEX_POINT('',#1161);
#1161 = CARTESIAN_POINT('',(2.45,1.518,0.432));
#1162 = CIRCLE('',#1163,3.2E-02);
#1163 = AXIS2_PLACEMENT_3D('',#1164,#1165,#1166);
#1164 = CARTESIAN_POINT('',(2.418,1.518,0.432));
#1165 = DIRECTION('',(0.,-1.,0.));
#1166 = DIRECTION('',(1.,0.,0.));
#1167 = ORIENTED_EDGE('',*,*,#1168,.F.);
#1168 = EDGE_CURVE('',#1101,#1160,#1169,.T.);
#1169 = LINE('',#1170,#1171);
#1170 = CARTESIAN_POINT('',(2.45,-1.55,0.432));
#1171 = VECTOR('',#1172,1.);
#1172 = DIRECTION('',(-0.,1.,0.));
#1173 = CYLINDRICAL_SURFACE('',#1174,3.2E-02);
#1174 = AXIS2_PLACEMENT_3D('',#1175,#1176,#1177);
#1175 = CARTESIAN_POINT('',(2.418,-1.55,0.432));
#1176 = DIRECTION('',(-0.,1.,0.));
#1177 = DIRECTION('',(1.,0.,-0.));
#1178 = ADVANCED_FACE('',(#1179),#1191,.T.);
#1179 = FACE_BOUND('',#1180,.T.);
#1180 = EDGE_LOOP('',(#1181,#1182,#1183,#1190));
#1181 = ORIENTED_EDGE('',*,*,#1017,.T.);
#1182 = ORIENTED_EDGE('',*,*,#1002,.T.);
#1183 = ORIENTED_EDGE('',*,*,#1184,.F.);
#1184 = EDGE_CURVE('',#1035,#995,#1185,.T.);
#1185 = CIRCLE('',#1186,3.2E-02);
#1186 = AXIS2_PLACEMENT_3D('',#1187,#1188,#1189);
#1187 = CARTESIAN_POINT('',(2.418,1.518,0.448));
#1188 = DIRECTION('',(1.,0.,-6.123233995737E-17));
#1189 = DIRECTION('',(6.123233995737E-17,0.,1.));
#1190 = ORIENTED_EDGE('',*,*,#1034,.F.);
#1191 = CYLINDRICAL_SURFACE('',#1192,3.2E-02);
#1192 = AXIS2_PLACEMENT_3D('',#1193,#1194,#1195);
#1193 = CARTESIAN_POINT('',(-2.45,1.518,0.448));
#1194 = DIRECTION('',(1.,0.,-0.));
#1195 = DIRECTION('',(0.,1.,0.));
#1196 = ADVANCED_FACE('',(#1197),#1222,.T.);
#1197 = FACE_BOUND('',#1198,.F.);
#1198 = EDGE_LOOP('',(#1199,#1206,#1207,#1216));
#1199 = ORIENTED_EDGE('',*,*,#1200,.F.);
#1200 = EDGE_CURVE('',#987,#1103,#1201,.T.);
#1201 = CIRCLE('',#1202,3.2E-02);
#1202 = AXIS2_PLACEMENT_3D('',#1203,#1204,#1205);
#1203 = CARTESIAN_POINT('',(2.418,-1.518,0.448));
#1204 = DIRECTION('',(-0.,1.,0.));
#1205 = DIRECTION('',(1.,0.,0.));
#1206 = ORIENTED_EDGE('',*,*,#994,.T.);
#1207 = ORIENTED_EDGE('',*,*,#1208,.F.);
#1208 = EDGE_CURVE('',#1209,#995,#1211,.T.);
#1209 = VERTEX_POINT('',#1210);
#1210 = CARTESIAN_POINT('',(2.45,1.518,0.448));
#1211 = CIRCLE('',#1212,3.2E-02);
#1212 = AXIS2_PLACEMENT_3D('',#1213,#1214,#1215);
#1213 = CARTESIAN_POINT('',(2.418,1.518,0.448));
#1214 = DIRECTION('',(0.,-1.,-0.));
#1215 = DIRECTION('',(1.,0.,0.));
#1216 = ORIENTED_EDGE('',*,*,#1217,.F.);
#1217 = EDGE_CURVE('',#1103,#1209,#1218,.T.);
#1218 = LINE('',#1219,#1220);
#1219 = CARTESIAN_POINT('',(2.45,-1.55,0.448));
#1220 = VECTOR('',#1221,1.);
#1221 = DIRECTION('',(-0.,1.,0.));
#1222 = CYLINDRICAL_SURFACE('',#1223,3.2E-02);
#1223 = AXIS2_PLACEMENT_3D('',#1224,#1225,#1226);
#1224 = CARTESIAN_POINT('',(2.418,-1.55,0.448));
#1225 = DIRECTION('',(-0.,1.,0.));
#1226 = DIRECTION('',(1.,0.,-0.));
#1227 = ADVANCED_FACE('',(#1228),#1251,.T.);
#1228 = FACE_BOUND('',#1229,.T.);
#1229 = EDGE_LOOP('',(#1230,#1236,#1243,#1244));
#1230 = ORIENTED_EDGE('',*,*,#1231,.F.);
#1231 = EDGE_CURVE('',#1160,#1209,#1232,.T.);
#1232 = LINE('',#1233,#1234);
#1233 = CARTESIAN_POINT('',(2.45,1.518,0.4));
#1234 = VECTOR('',#1235,1.);
#1235 = DIRECTION('',(0.,0.,1.));
#1236 = ORIENTED_EDGE('',*,*,#1237,.T.);
#1237 = EDGE_CURVE('',#1160,#1043,#1238,.T.);
#1238 = CIRCLE('',#1239,3.2E-02);
#1239 = AXIS2_PLACEMENT_3D('',#1240,#1241,#1242);
#1240 = CARTESIAN_POINT('',(2.418,1.518,0.432));
#1241 = DIRECTION('',(0.,0.,1.));
#1242 = DIRECTION('',(1.,0.,-0.));
#1243 = ORIENTED_EDGE('',*,*,#1042,.T.);
#1244 = ORIENTED_EDGE('',*,*,#1245,.T.);
#1245 = EDGE_CURVE('',#1035,#1209,#1246,.T.);
#1246 = CIRCLE('',#1247,3.2E-02);
#1247 = AXIS2_PLACEMENT_3D('',#1248,#1249,#1250);
#1248 = CARTESIAN_POINT('',(2.418,1.518,0.448));
#1249 = DIRECTION('',(0.,0.,-1.));
#1250 = DIRECTION('',(1.,0.,0.));
#1251 = CYLINDRICAL_SURFACE('',#1252,3.2E-02);
#1252 = AXIS2_PLACEMENT_3D('',#1253,#1254,#1255);
#1253 = CARTESIAN_POINT('',(2.418,1.518,0.4));
#1254 = DIRECTION('',(0.,0.,1.));
#1255 = DIRECTION('',(1.,0.,-0.));
#1256 = ADVANCED_FACE('',(#1257),#1262,.T.);
#1257 = FACE_BOUND('',#1258,.F.);
#1258 = EDGE_LOOP('',(#1259,#1260,#1261));
#1259 = ORIENTED_EDGE('',*,*,#1151,.F.);
#1260 = ORIENTED_EDGE('',*,*,#1066,.T.);
#1261 = ORIENTED_EDGE('',*,*,#1110,.F.);
#1262 = SPHERICAL_SURFACE('',#1263,3.2E-02);
#1263 = AXIS2_PLACEMENT_3D('',#1264,#1265,#1266);
#1264 = CARTESIAN_POINT('',(2.418,-1.518,0.432));
#1265 = DIRECTION('',(0.,0.,1.));
#1266 = DIRECTION('',(1.,0.,-0.));
#1267 = ADVANCED_FACE('',(#1268),#1273,.T.);
#1268 = FACE_BOUND('',#1269,.T.);
#1269 = EDGE_LOOP('',(#1270,#1271,#1272));
#1270 = ORIENTED_EDGE('',*,*,#1200,.F.);
#1271 = ORIENTED_EDGE('',*,*,#1084,.T.);
#1272 = ORIENTED_EDGE('',*,*,#1118,.F.);
#1273 = SPHERICAL_SURFACE('',#1274,3.2E-02);
#1274 = AXIS2_PLACEMENT_3D('',#1275,#1276,#1277);
#1275 = CARTESIAN_POINT('',(2.418,-1.518,0.448));
#1276 = DIRECTION('',(-0.,-0.,-1.));
#1277 = DIRECTION('',(1.,0.,0.));
#1278 = ADVANCED_FACE('',(#1279),#1285,.T.);
#1279 = FACE_BOUND('',#1280,.T.);
#1280 = EDGE_LOOP('',(#1281,#1282,#1283,#1284));
#1281 = ORIENTED_EDGE('',*,*,#1100,.F.);
#1282 = ORIENTED_EDGE('',*,*,#1168,.T.);
#1283 = ORIENTED_EDGE('',*,*,#1231,.T.);
#1284 = ORIENTED_EDGE('',*,*,#1217,.F.);
#1285 = PLANE('',#1286);
#1286 = AXIS2_PLACEMENT_3D('',#1287,#1288,#1289);
#1287 = CARTESIAN_POINT('',(2.45,-1.55,0.4));
#1288 = DIRECTION('',(1.,0.,-0.));
#1289 = DIRECTION('',(0.,0.,1.));
#1290 = ADVANCED_FACE('',(#1291),#1296,.T.);
#1291 = FACE_BOUND('',#1292,.T.);
#1292 = EDGE_LOOP('',(#1293,#1294,#1295));
#1293 = ORIENTED_EDGE('',*,*,#1159,.F.);
#1294 = ORIENTED_EDGE('',*,*,#1135,.T.);
#1295 = ORIENTED_EDGE('',*,*,#1237,.F.);
#1296 = SPHERICAL_SURFACE('',#1297,3.2E-02);
#1297 = AXIS2_PLACEMENT_3D('',#1298,#1299,#1300);
#1298 = CARTESIAN_POINT('',(2.418,1.518,0.432));
#1299 = DIRECTION('',(0.,0.,1.));
#1300 = DIRECTION('',(1.,0.,-0.));
#1301 = ADVANCED_FACE('',(#1302),#1307,.T.);
#1302 = FACE_BOUND('',#1303,.T.);
#1303 = EDGE_LOOP('',(#1304,#1305,#1306));
#1304 = ORIENTED_EDGE('',*,*,#1245,.F.);
#1305 = ORIENTED_EDGE('',*,*,#1184,.T.);
#1306 = ORIENTED_EDGE('',*,*,#1208,.F.);
#1307 = SPHERICAL_SURFACE('',#1308,3.2E-02);
#1308 = AXIS2_PLACEMENT_3D('',#1309,#1310,#1311);
#1309 = CARTESIAN_POINT('',(2.418,1.518,0.448));
#1310 = DIRECTION('',(0.,-1.,-0.));
#1311 = DIRECTION('',(1.,0.,0.));
#1312 = ( GEOMETRIC_REPRESENTATION_CONTEXT(3) 
GLOBAL_UNCERTAINTY_ASSIGNED_CONTEXT((#1316)) 
GLOBAL_UNIT_ASSIGNED_CONTEXT((#1313,#1314,#1315)) REPRESENTATION_CONTEXT
('Context #1','3D Context with UNIT and UNCERTAINTY') );
#1313 = ( LENGTH_UNIT() NAMED_UNIT(*) SI_UNIT(.MILLI.,.METRE.) );
#1314 = ( NAMED_UNIT(*) PLANE_ANGLE_UNIT() SI_UNIT($,.RADIAN.) );
#1315 = ( NAMED_UNIT(*) SI_UNIT($,.STERADIAN.) SOLID_ANGLE_UNIT() );
#1316 = UNCERTAINTY_MEASURE_WITH_UNIT(LENGTH_MEASURE(1.E-07),#1313,
  'distance_accuracy_value','confusion accuracy');
#1317 = CONTEXT_DEPENDENT_SHAPE_REPRESENTATION(#1318,#1320);
#1318 = ( REPRESENTATION_RELATIONSHIP('','',#693,#10) 
REPRESENTATION_RELATIONSHIP_WITH_TRANSFORMATION(#1319) 
SHAPE_REPRESENTATION_RELATIONSHIP() );
#1319 = ITEM_DEFINED_TRANSFORMATION('','',#11,#19);
#1320 = PRODUCT_DEFINITION_SHAPE('Placement','Placement of an item',
  #1321);
#1321 = NEXT_ASSEMBLY_USAGE_OCCURRENCE('68','Metal_sealing_flange','',#5
  ,#688,$);
#1322 = PRODUCT_RELATED_PRODUCT_CATEGORY('part',$,(#690));
#1323 = SHAPE_DEFINITION_REPRESENTATION(#1324,#1330);
#1324 = PRODUCT_DEFINITION_SHAPE('','',#1325);
#1325 = PRODUCT_DEFINITION('design','',#1326,#1329);
#1326 = PRODUCT_DEFINITION_FORMATION('','',#1327);
#1327 = PRODUCT('Metal_lid_no_text','Metal_lid_no_text','',(#1328));
#1328 = PRODUCT_CONTEXT('',#2,'mechanical');
#1329 = PRODUCT_DEFINITION_CONTEXT('part definition',#2,'design');
#1330 = ADVANCED_BREP_SHAPE_REPRESENTATION('',(#11,#1331),#1949);
#1331 = MANIFOLD_SOLID_BREP('',#1332);
#1332 = CLOSED_SHELL('',(#1333,#1373,#1406,#1439,#1472,#1505,#1522,#1539
    ,#1570,#1601,#1618,#1649,#1666,#1697,#1715,#1733,#1766,#1784,#1815,
    #1833,#1864,#1893,#1904,#1915,#1927,#1938));
#1333 = ADVANCED_FACE('',(#1334),#1368,.F.);
#1334 = FACE_BOUND('',#1335,.F.);
#1335 = EDGE_LOOP('',(#1336,#1346,#1354,#1362));
#1336 = ORIENTED_EDGE('',*,*,#1337,.F.);
#1337 = EDGE_CURVE('',#1338,#1340,#1342,.T.);
#1338 = VERTEX_POINT('',#1339);
#1339 = CARTESIAN_POINT('',(-2.39,-1.39,0.58));
#1340 = VERTEX_POINT('',#1341);
#1341 = CARTESIAN_POINT('',(-2.39,-1.39,0.8));
#1342 = LINE('',#1343,#1344);
#1343 = CARTESIAN_POINT('',(-2.39,-1.39,0.48));
#1344 = VECTOR('',#1345,1.);
#1345 = DIRECTION('',(0.,0.,1.));
#1346 = ORIENTED_EDGE('',*,*,#1347,.T.);
#1347 = EDGE_CURVE('',#1338,#1348,#1350,.T.);
#1348 = VERTEX_POINT('',#1349);
#1349 = CARTESIAN_POINT('',(-2.39,1.39,0.58));
#1350 = LINE('',#1351,#1352);
#1351 = CARTESIAN_POINT('',(-2.39,-1.49,0.58));
#1352 = VECTOR('',#1353,1.);
#1353 = DIRECTION('',(-0.,1.,0.));
#1354 = ORIENTED_EDGE('',*,*,#1355,.T.);
#1355 = EDGE_CURVE('',#1348,#1356,#1358,.T.);
#1356 = VERTEX_POINT('',#1357);
#1357 = CARTESIAN_POINT('',(-2.39,1.39,0.8));
#1358 = LINE('',#1359,#1360);
#1359 = CARTESIAN_POINT('',(-2.39,1.39,0.48));
#1360 = VECTOR('',#1361,1.);
#1361 = DIRECTION('',(0.,0.,1.));
#1362 = ORIENTED_EDGE('',*,*,#1363,.F.);
#1363 = EDGE_CURVE('',#1340,#1356,#1364,.T.);
#1364 = LINE('',#1365,#1366);
#1365 = CARTESIAN_POINT('',(-2.39,-1.49,0.8));
#1366 = VECTOR('',#1367,1.);
#1367 = DIRECTION('',(-0.,1.,0.));
#1368 = PLANE('',#1369);
#1369 = AXIS2_PLACEMENT_3D('',#1370,#1371,#1372);
#1370 = CARTESIAN_POINT('',(-2.39,-1.49,0.48));
#1371 = DIRECTION('',(1.,0.,-0.));
#1372 = DIRECTION('',(0.,0.,1.));
#1373 = ADVANCED_FACE('',(#1374),#1401,.T.);
#1374 = FACE_BOUND('',#1375,.T.);
#1375 = EDGE_LOOP('',(#1376,#1377,#1386,#1394));
#1376 = ORIENTED_EDGE('',*,*,#1337,.F.);
#1377 = ORIENTED_EDGE('',*,*,#1378,.T.);
#1378 = EDGE_CURVE('',#1338,#1379,#1381,.T.);
#1379 = VERTEX_POINT('',#1380);
#1380 = CARTESIAN_POINT('',(-2.29,-1.49,0.58));
#1381 = CIRCLE('',#1382,0.1);
#1382 = AXIS2_PLACEMENT_3D('',#1383,#1384,#1385);
#1383 = CARTESIAN_POINT('',(-2.29,-1.39,0.58));
#1384 = DIRECTION('',(0.,0.,1.));
#1385 = DIRECTION('',(-1.,0.,0.));
#1386 = ORIENTED_EDGE('',*,*,#1387,.T.);
#1387 = EDGE_CURVE('',#1379,#1388,#1390,.T.);
#1388 = VERTEX_POINT('',#1389);
#1389 = CARTESIAN_POINT('',(-2.29,-1.49,0.8));
#1390 = LINE('',#1391,#1392);
#1391 = CARTESIAN_POINT('',(-2.29,-1.49,0.48));
#1392 = VECTOR('',#1393,1.);
#1393 = DIRECTION('',(0.,0.,1.));
#1394 = ORIENTED_EDGE('',*,*,#1395,.F.);
#1395 = EDGE_CURVE('',#1340,#1388,#1396,.T.);
#1396 = CIRCLE('',#1397,0.1);
#1397 = AXIS2_PLACEMENT_3D('',#1398,#1399,#1400);
#1398 = CARTESIAN_POINT('',(-2.29,-1.39,0.8));
#1399 = DIRECTION('',(0.,0.,1.));
#1400 = DIRECTION('',(-1.,0.,0.));
#1401 = CYLINDRICAL_SURFACE('',#1402,0.1);
#1402 = AXIS2_PLACEMENT_3D('',#1403,#1404,#1405);
#1403 = CARTESIAN_POINT('',(-2.29,-1.39,0.48));
#1404 = DIRECTION('',(0.,0.,1.));
#1405 = DIRECTION('',(-1.,-0.,0.));
#1406 = ADVANCED_FACE('',(#1407),#1434,.T.);
#1407 = FACE_BOUND('',#1408,.F.);
#1408 = EDGE_LOOP('',(#1409,#1418,#1426,#1433));
#1409 = ORIENTED_EDGE('',*,*,#1410,.F.);
#1410 = EDGE_CURVE('',#1411,#1338,#1413,.T.);
#1411 = VERTEX_POINT('',#1412);
#1412 = CARTESIAN_POINT('',(-2.29,-1.39,0.48));
#1413 = CIRCLE('',#1414,0.1);
#1414 = AXIS2_PLACEMENT_3D('',#1415,#1416,#1417);
#1415 = CARTESIAN_POINT('',(-2.29,-1.39,0.58));
#1416 = DIRECTION('',(0.,1.,-0.));
#1417 = DIRECTION('',(-1.,0.,0.));
#1418 = ORIENTED_EDGE('',*,*,#1419,.T.);
#1419 = EDGE_CURVE('',#1411,#1420,#1422,.T.);
#1420 = VERTEX_POINT('',#1421);
#1421 = CARTESIAN_POINT('',(-2.29,1.39,0.48));
#1422 = LINE('',#1423,#1424);
#1423 = CARTESIAN_POINT('',(-2.29,-1.49,0.48));
#1424 = VECTOR('',#1425,1.);
#1425 = DIRECTION('',(-0.,1.,0.));
#1426 = ORIENTED_EDGE('',*,*,#1427,.T.);
#1427 = EDGE_CURVE('',#1420,#1348,#1428,.T.);
#1428 = CIRCLE('',#1429,0.1);
#1429 = AXIS2_PLACEMENT_3D('',#1430,#1431,#1432);
#1430 = CARTESIAN_POINT('',(-2.29,1.39,0.58));
#1431 = DIRECTION('',(0.,1.,-0.));
#1432 = DIRECTION('',(-1.,0.,0.));
#1433 = ORIENTED_EDGE('',*,*,#1347,.F.);
#1434 = CYLINDRICAL_SURFACE('',#1435,0.1);
#1435 = AXIS2_PLACEMENT_3D('',#1436,#1437,#1438);
#1436 = CARTESIAN_POINT('',(-2.29,-1.49,0.58));
#1437 = DIRECTION('',(-0.,1.,0.));
#1438 = DIRECTION('',(-1.,-0.,0.));
#1439 = ADVANCED_FACE('',(#1440),#1467,.T.);
#1440 = FACE_BOUND('',#1441,.T.);
#1441 = EDGE_LOOP('',(#1442,#1451,#1459,#1466));
#1442 = ORIENTED_EDGE('',*,*,#1443,.F.);
#1443 = EDGE_CURVE('',#1444,#1340,#1446,.T.);
#1444 = VERTEX_POINT('',#1445);
#1445 = CARTESIAN_POINT('',(-2.29,-1.39,0.9));
#1446 = CIRCLE('',#1447,0.1);
#1447 = AXIS2_PLACEMENT_3D('',#1448,#1449,#1450);
#1448 = CARTESIAN_POINT('',(-2.29,-1.39,0.8));
#1449 = DIRECTION('',(0.,-1.,0.));
#1450 = DIRECTION('',(-1.,0.,0.));
#1451 = ORIENTED_EDGE('',*,*,#1452,.T.);
#1452 = EDGE_CURVE('',#1444,#1453,#1455,.T.);
#1453 = VERTEX_POINT('',#1454);
#1454 = CARTESIAN_POINT('',(-2.29,1.39,0.9));
#1455 = LINE('',#1456,#1457);
#1456 = CARTESIAN_POINT('',(-2.29,-1.49,0.9));
#1457 = VECTOR('',#1458,1.);
#1458 = DIRECTION('',(-0.,1.,0.));
#1459 = ORIENTED_EDGE('',*,*,#1460,.F.);
#1460 = EDGE_CURVE('',#1356,#1453,#1461,.T.);
#1461 = CIRCLE('',#1462,0.1);
#1462 = AXIS2_PLACEMENT_3D('',#1463,#1464,#1465);
#1463 = CARTESIAN_POINT('',(-2.29,1.39,0.8));
#1464 = DIRECTION('',(-0.,1.,0.));
#1465 = DIRECTION('',(-1.,-0.,0.));
#1466 = ORIENTED_EDGE('',*,*,#1363,.F.);
#1467 = CYLINDRICAL_SURFACE('',#1468,0.1);
#1468 = AXIS2_PLACEMENT_3D('',#1469,#1470,#1471);
#1469 = CARTESIAN_POINT('',(-2.29,-1.49,0.8));
#1470 = DIRECTION('',(-0.,1.,0.));
#1471 = DIRECTION('',(-1.,-0.,0.));
#1472 = ADVANCED_FACE('',(#1473),#1500,.T.);
#1473 = FACE_BOUND('',#1474,.F.);
#1474 = EDGE_LOOP('',(#1475,#1476,#1485,#1493));
#1475 = ORIENTED_EDGE('',*,*,#1355,.F.);
#1476 = ORIENTED_EDGE('',*,*,#1477,.T.);
#1477 = EDGE_CURVE('',#1348,#1478,#1480,.T.);
#1478 = VERTEX_POINT('',#1479);
#1479 = CARTESIAN_POINT('',(-2.29,1.49,0.58));
#1480 = CIRCLE('',#1481,0.1);
#1481 = AXIS2_PLACEMENT_3D('',#1482,#1483,#1484);
#1482 = CARTESIAN_POINT('',(-2.29,1.39,0.58));
#1483 = DIRECTION('',(-0.,0.,-1.));
#1484 = DIRECTION('',(-1.,0.,0.));
#1485 = ORIENTED_EDGE('',*,*,#1486,.T.);
#1486 = EDGE_CURVE('',#1478,#1487,#1489,.T.);
#1487 = VERTEX_POINT('',#1488);
#1488 = CARTESIAN_POINT('',(-2.29,1.49,0.8));
#1489 = LINE('',#1490,#1491);
#1490 = CARTESIAN_POINT('',(-2.29,1.49,0.48));
#1491 = VECTOR('',#1492,1.);
#1492 = DIRECTION('',(0.,0.,1.));
#1493 = ORIENTED_EDGE('',*,*,#1494,.T.);
#1494 = EDGE_CURVE('',#1487,#1356,#1495,.T.);
#1495 = CIRCLE('',#1496,0.1);
#1496 = AXIS2_PLACEMENT_3D('',#1497,#1498,#1499);
#1497 = CARTESIAN_POINT('',(-2.29,1.39,0.8));
#1498 = DIRECTION('',(0.,0.,1.));
#1499 = DIRECTION('',(-1.,-0.,0.));
#1500 = CYLINDRICAL_SURFACE('',#1501,0.1);
#1501 = AXIS2_PLACEMENT_3D('',#1502,#1503,#1504);
#1502 = CARTESIAN_POINT('',(-2.29,1.39,0.48));
#1503 = DIRECTION('',(0.,0.,1.));
#1504 = DIRECTION('',(-1.,-0.,0.));
#1505 = ADVANCED_FACE('',(#1506),#1517,.T.);
#1506 = FACE_BOUND('',#1507,.T.);
#1507 = EDGE_LOOP('',(#1508,#1509,#1516));
#1508 = ORIENTED_EDGE('',*,*,#1410,.F.);
#1509 = ORIENTED_EDGE('',*,*,#1510,.T.);
#1510 = EDGE_CURVE('',#1411,#1379,#1511,.T.);
#1511 = CIRCLE('',#1512,0.1);
#1512 = AXIS2_PLACEMENT_3D('',#1513,#1514,#1515);
#1513 = CARTESIAN_POINT('',(-2.29,-1.39,0.58));
#1514 = DIRECTION('',(-1.,6.123233995737E-17,0.));
#1515 = DIRECTION('',(-6.123233995737E-17,-1.,0.));
#1516 = ORIENTED_EDGE('',*,*,#1378,.F.);
#1517 = SPHERICAL_SURFACE('',#1518,0.1);
#1518 = AXIS2_PLACEMENT_3D('',#1519,#1520,#1521);
#1519 = CARTESIAN_POINT('',(-2.29,-1.39,0.58));
#1520 = DIRECTION('',(0.,0.,1.));
#1521 = DIRECTION('',(-1.,0.,0.));
#1522 = ADVANCED_FACE('',(#1523),#1534,.T.);
#1523 = FACE_BOUND('',#1524,.F.);
#1524 = EDGE_LOOP('',(#1525,#1526,#1533));
#1525 = ORIENTED_EDGE('',*,*,#1443,.F.);
#1526 = ORIENTED_EDGE('',*,*,#1527,.T.);
#1527 = EDGE_CURVE('',#1444,#1388,#1528,.T.);
#1528 = CIRCLE('',#1529,0.1);
#1529 = AXIS2_PLACEMENT_3D('',#1530,#1531,#1532);
#1530 = CARTESIAN_POINT('',(-2.29,-1.39,0.8));
#1531 = DIRECTION('',(1.,-6.123233995737E-17,0.));
#1532 = DIRECTION('',(-6.123233995737E-17,-1.,0.));
#1533 = ORIENTED_EDGE('',*,*,#1395,.F.);
#1534 = SPHERICAL_SURFACE('',#1535,0.1);
#1535 = AXIS2_PLACEMENT_3D('',#1536,#1537,#1538);
#1536 = CARTESIAN_POINT('',(-2.29,-1.39,0.8));
#1537 = DIRECTION('',(-0.,-0.,-1.));
#1538 = DIRECTION('',(-1.,0.,0.));
#1539 = ADVANCED_FACE('',(#1540),#1565,.F.);
#1540 = FACE_BOUND('',#1541,.F.);
#1541 = EDGE_LOOP('',(#1542,#1543,#1551,#1559));
#1542 = ORIENTED_EDGE('',*,*,#1387,.T.);
#1543 = ORIENTED_EDGE('',*,*,#1544,.T.);
#1544 = EDGE_CURVE('',#1388,#1545,#1547,.T.);
#1545 = VERTEX_POINT('',#1546);
#1546 = CARTESIAN_POINT('',(2.29,-1.49,0.8));
#1547 = LINE('',#1548,#1549);
#1548 = CARTESIAN_POINT('',(-2.39,-1.49,0.8));
#1549 = VECTOR('',#1550,1.);
#1550 = DIRECTION('',(1.,0.,-0.));
#1551 = ORIENTED_EDGE('',*,*,#1552,.F.);
#1552 = EDGE_CURVE('',#1553,#1545,#1555,.T.);
#1553 = VERTEX_POINT('',#1554);
#1554 = CARTESIAN_POINT('',(2.29,-1.49,0.58));
#1555 = LINE('',#1556,#1557);
#1556 = CARTESIAN_POINT('',(2.29,-1.49,0.48));
#1557 = VECTOR('',#1558,1.);
#1558 = DIRECTION('',(0.,0.,1.));
#1559 = ORIENTED_EDGE('',*,*,#1560,.F.);
#1560 = EDGE_CURVE('',#1379,#1553,#1561,.T.);
#1561 = LINE('',#1562,#1563);
#1562 = CARTESIAN_POINT('',(-2.39,-1.49,0.58));
#1563 = VECTOR('',#1564,1.);
#1564 = DIRECTION('',(1.,0.,-0.));
#1565 = PLANE('',#1566);
#1566 = AXIS2_PLACEMENT_3D('',#1567,#1568,#1569);
#1567 = CARTESIAN_POINT('',(-2.39,-1.49,0.48));
#1568 = DIRECTION('',(-0.,1.,0.));
#1569 = DIRECTION('',(0.,0.,1.));
#1570 = ADVANCED_FACE('',(#1571),#1596,.F.);
#1571 = FACE_BOUND('',#1572,.F.);
#1572 = EDGE_LOOP('',(#1573,#1574,#1582,#1590));
#1573 = ORIENTED_EDGE('',*,*,#1419,.F.);
#1574 = ORIENTED_EDGE('',*,*,#1575,.T.);
#1575 = EDGE_CURVE('',#1411,#1576,#1578,.T.);
#1576 = VERTEX_POINT('',#1577);
#1577 = CARTESIAN_POINT('',(2.29,-1.39,0.48));
#1578 = LINE('',#1579,#1580);
#1579 = CARTESIAN_POINT('',(-2.39,-1.39,0.48));
#1580 = VECTOR('',#1581,1.);
#1581 = DIRECTION('',(1.,0.,-0.));
#1582 = ORIENTED_EDGE('',*,*,#1583,.T.);
#1583 = EDGE_CURVE('',#1576,#1584,#1586,.T.);
#1584 = VERTEX_POINT('',#1585);
#1585 = CARTESIAN_POINT('',(2.29,1.39,0.48));
#1586 = LINE('',#1587,#1588);
#1587 = CARTESIAN_POINT('',(2.29,-1.49,0.48));
#1588 = VECTOR('',#1589,1.);
#1589 = DIRECTION('',(-0.,1.,0.));
#1590 = ORIENTED_EDGE('',*,*,#1591,.F.);
#1591 = EDGE_CURVE('',#1420,#1584,#1592,.T.);
#1592 = LINE('',#1593,#1594);
#1593 = CARTESIAN_POINT('',(-2.39,1.39,0.48));
#1594 = VECTOR('',#1595,1.);
#1595 = DIRECTION('',(1.,0.,-0.));
#1596 = PLANE('',#1597);
#1597 = AXIS2_PLACEMENT_3D('',#1598,#1599,#1600);
#1598 = CARTESIAN_POINT('',(-2.39,-1.49,0.48));
#1599 = DIRECTION('',(0.,0.,1.));
#1600 = DIRECTION('',(1.,0.,-0.));
#1601 = ADVANCED_FACE('',(#1602),#1613,.T.);
#1602 = FACE_BOUND('',#1603,.F.);
#1603 = EDGE_LOOP('',(#1604,#1605,#1612));
#1604 = ORIENTED_EDGE('',*,*,#1427,.F.);
#1605 = ORIENTED_EDGE('',*,*,#1606,.T.);
#1606 = EDGE_CURVE('',#1420,#1478,#1607,.T.);
#1607 = CIRCLE('',#1608,0.1);
#1608 = AXIS2_PLACEMENT_3D('',#1609,#1610,#1611);
#1609 = CARTESIAN_POINT('',(-2.29,1.39,0.58));
#1610 = DIRECTION('',(1.,6.123233995737E-17,-0.));
#1611 = DIRECTION('',(-6.123233995737E-17,1.,0.));
#1612 = ORIENTED_EDGE('',*,*,#1477,.F.);
#1613 = SPHERICAL_SURFACE('',#1614,0.1);
#1614 = AXIS2_PLACEMENT_3D('',#1615,#1616,#1617);
#1615 = CARTESIAN_POINT('',(-2.29,1.39,0.58));
#1616 = DIRECTION('',(0.,0.,1.));
#1617 = DIRECTION('',(-1.,0.,0.));
#1618 = ADVANCED_FACE('',(#1619),#1644,.T.);
#1619 = FACE_BOUND('',#1620,.T.);
#1620 = EDGE_LOOP('',(#1621,#1622,#1630,#1638));
#1621 = ORIENTED_EDGE('',*,*,#1452,.F.);
#1622 = ORIENTED_EDGE('',*,*,#1623,.T.);
#1623 = EDGE_CURVE('',#1444,#1624,#1626,.T.);
#1624 = VERTEX_POINT('',#1625);
#1625 = CARTESIAN_POINT('',(2.29,-1.39,0.9));
#1626 = LINE('',#1627,#1628);
#1627 = CARTESIAN_POINT('',(-2.39,-1.39,0.9));
#1628 = VECTOR('',#1629,1.);
#1629 = DIRECTION('',(1.,0.,-0.));
#1630 = ORIENTED_EDGE('',*,*,#1631,.T.);
#1631 = EDGE_CURVE('',#1624,#1632,#1634,.T.);
#1632 = VERTEX_POINT('',#1633);
#1633 = CARTESIAN_POINT('',(2.29,1.39,0.9));
#1634 = LINE('',#1635,#1636);
#1635 = CARTESIAN_POINT('',(2.29,-1.49,0.9));
#1636 = VECTOR('',#1637,1.);
#1637 = DIRECTION('',(-0.,1.,0.));
#1638 = ORIENTED_EDGE('',*,*,#1639,.F.);
#1639 = EDGE_CURVE('',#1453,#1632,#1640,.T.);
#1640 = LINE('',#1641,#1642);
#1641 = CARTESIAN_POINT('',(-2.39,1.39,0.9));
#1642 = VECTOR('',#1643,1.);
#1643 = DIRECTION('',(1.,0.,-0.));
#1644 = PLANE('',#1645);
#1645 = AXIS2_PLACEMENT_3D('',#1646,#1647,#1648);
#1646 = CARTESIAN_POINT('',(-2.39,-1.49,0.9));
#1647 = DIRECTION('',(0.,0.,1.));
#1648 = DIRECTION('',(1.,0.,-0.));
#1649 = ADVANCED_FACE('',(#1650),#1661,.T.);
#1650 = FACE_BOUND('',#1651,.F.);
#1651 = EDGE_LOOP('',(#1652,#1653,#1660));
#1652 = ORIENTED_EDGE('',*,*,#1494,.F.);
#1653 = ORIENTED_EDGE('',*,*,#1654,.T.);
#1654 = EDGE_CURVE('',#1487,#1453,#1655,.T.);
#1655 = CIRCLE('',#1656,0.1);
#1656 = AXIS2_PLACEMENT_3D('',#1657,#1658,#1659);
#1657 = CARTESIAN_POINT('',(-2.29,1.39,0.8));
#1658 = DIRECTION('',(1.,0.,6.123233995737E-17));
#1659 = DIRECTION('',(-6.123233995737E-17,-0.,1.));
#1660 = ORIENTED_EDGE('',*,*,#1460,.F.);
#1661 = SPHERICAL_SURFACE('',#1662,0.1);
#1662 = AXIS2_PLACEMENT_3D('',#1663,#1664,#1665);
#1663 = CARTESIAN_POINT('',(-2.29,1.39,0.8));
#1664 = DIRECTION('',(0.,-1.,-0.));
#1665 = DIRECTION('',(-1.,-0.,0.));
#1666 = ADVANCED_FACE('',(#1667),#1692,.T.);
#1667 = FACE_BOUND('',#1668,.T.);
#1668 = EDGE_LOOP('',(#1669,#1670,#1678,#1686));
#1669 = ORIENTED_EDGE('',*,*,#1486,.T.);
#1670 = ORIENTED_EDGE('',*,*,#1671,.T.);
#1671 = EDGE_CURVE('',#1487,#1672,#1674,.T.);
#1672 = VERTEX_POINT('',#1673);
#1673 = CARTESIAN_POINT('',(2.29,1.49,0.8));
#1674 = LINE('',#1675,#1676);
#1675 = CARTESIAN_POINT('',(-2.39,1.49,0.8));
#1676 = VECTOR('',#1677,1.);
#1677 = DIRECTION('',(1.,0.,-0.));
#1678 = ORIENTED_EDGE('',*,*,#1679,.F.);
#1679 = EDGE_CURVE('',#1680,#1672,#1682,.T.);
#1680 = VERTEX_POINT('',#1681);
#1681 = CARTESIAN_POINT('',(2.29,1.49,0.58));
#1682 = LINE('',#1683,#1684);
#1683 = CARTESIAN_POINT('',(2.29,1.49,0.48));
#1684 = VECTOR('',#1685,1.);
#1685 = DIRECTION('',(0.,0.,1.));
#1686 = ORIENTED_EDGE('',*,*,#1687,.F.);
#1687 = EDGE_CURVE('',#1478,#1680,#1688,.T.);
#1688 = LINE('',#1689,#1690);
#1689 = CARTESIAN_POINT('',(-2.39,1.49,0.58));
#1690 = VECTOR('',#1691,1.);
#1691 = DIRECTION('',(1.,0.,-0.));
#1692 = PLANE('',#1693);
#1693 = AXIS2_PLACEMENT_3D('',#1694,#1695,#1696);
#1694 = CARTESIAN_POINT('',(-2.39,1.49,0.48));
#1695 = DIRECTION('',(-0.,1.,0.));
#1696 = DIRECTION('',(0.,0.,1.));
#1697 = ADVANCED_FACE('',(#1698),#1710,.T.);
#1698 = FACE_BOUND('',#1699,.T.);
#1699 = EDGE_LOOP('',(#1700,#1701,#1702,#1709));
#1700 = ORIENTED_EDGE('',*,*,#1510,.F.);
#1701 = ORIENTED_EDGE('',*,*,#1575,.T.);
#1702 = ORIENTED_EDGE('',*,*,#1703,.T.);
#1703 = EDGE_CURVE('',#1576,#1553,#1704,.T.);
#1704 = CIRCLE('',#1705,0.1);
#1705 = AXIS2_PLACEMENT_3D('',#1706,#1707,#1708);
#1706 = CARTESIAN_POINT('',(2.29,-1.39,0.58));
#1707 = DIRECTION('',(-1.,-6.123233995737E-17,0.));
#1708 = DIRECTION('',(6.123233995737E-17,-1.,-0.));
#1709 = ORIENTED_EDGE('',*,*,#1560,.F.);
#1710 = CYLINDRICAL_SURFACE('',#1711,0.1);
#1711 = AXIS2_PLACEMENT_3D('',#1712,#1713,#1714);
#1712 = CARTESIAN_POINT('',(-2.39,-1.39,0.58));
#1713 = DIRECTION('',(1.,0.,-0.));
#1714 = DIRECTION('',(0.,-1.,0.));
#1715 = ADVANCED_FACE('',(#1716),#1728,.T.);
#1716 = FACE_BOUND('',#1717,.F.);
#1717 = EDGE_LOOP('',(#1718,#1719,#1720,#1727));
#1718 = ORIENTED_EDGE('',*,*,#1527,.F.);
#1719 = ORIENTED_EDGE('',*,*,#1623,.T.);
#1720 = ORIENTED_EDGE('',*,*,#1721,.T.);
#1721 = EDGE_CURVE('',#1624,#1545,#1722,.T.);
#1722 = CIRCLE('',#1723,0.1);
#1723 = AXIS2_PLACEMENT_3D('',#1724,#1725,#1726);
#1724 = CARTESIAN_POINT('',(2.29,-1.39,0.8));
#1725 = DIRECTION('',(1.,6.123233995737E-17,0.));
#1726 = DIRECTION('',(6.123233995737E-17,-1.,0.));
#1727 = ORIENTED_EDGE('',*,*,#1544,.F.);
#1728 = CYLINDRICAL_SURFACE('',#1729,0.1);
#1729 = AXIS2_PLACEMENT_3D('',#1730,#1731,#1732);
#1730 = CARTESIAN_POINT('',(-2.39,-1.39,0.8));
#1731 = DIRECTION('',(1.,0.,-0.));
#1732 = DIRECTION('',(0.,-1.,0.));
#1733 = ADVANCED_FACE('',(#1734),#1761,.T.);
#1734 = FACE_BOUND('',#1735,.F.);
#1735 = EDGE_LOOP('',(#1736,#1746,#1753,#1754));
#1736 = ORIENTED_EDGE('',*,*,#1737,.F.);
#1737 = EDGE_CURVE('',#1738,#1740,#1742,.T.);
#1738 = VERTEX_POINT('',#1739);
#1739 = CARTESIAN_POINT('',(2.39,-1.39,0.58));
#1740 = VERTEX_POINT('',#1741);
#1741 = CARTESIAN_POINT('',(2.39,-1.39,0.8));
#1742 = LINE('',#1743,#1744);
#1743 = CARTESIAN_POINT('',(2.39,-1.39,0.48));
#1744 = VECTOR('',#1745,1.);
#1745 = DIRECTION('',(0.,0.,1.));
#1746 = ORIENTED_EDGE('',*,*,#1747,.T.);
#1747 = EDGE_CURVE('',#1738,#1553,#1748,.T.);
#1748 = CIRCLE('',#1749,0.1);
#1749 = AXIS2_PLACEMENT_3D('',#1750,#1751,#1752);
#1750 = CARTESIAN_POINT('',(2.29,-1.39,0.58));
#1751 = DIRECTION('',(0.,-0.,-1.));
#1752 = DIRECTION('',(1.,0.,-0.));
#1753 = ORIENTED_EDGE('',*,*,#1552,.T.);
#1754 = ORIENTED_EDGE('',*,*,#1755,.F.);
#1755 = EDGE_CURVE('',#1740,#1545,#1756,.T.);
#1756 = CIRCLE('',#1757,0.1);
#1757 = AXIS2_PLACEMENT_3D('',#1758,#1759,#1760);
#1758 = CARTESIAN_POINT('',(2.29,-1.39,0.8));
#1759 = DIRECTION('',(0.,0.,-1.));
#1760 = DIRECTION('',(1.,0.,0.));
#1761 = CYLINDRICAL_SURFACE('',#1762,0.1);
#1762 = AXIS2_PLACEMENT_3D('',#1763,#1764,#1765);
#1763 = CARTESIAN_POINT('',(2.29,-1.39,0.48));
#1764 = DIRECTION('',(0.,0.,1.));
#1765 = DIRECTION('',(1.,0.,-0.));
#1766 = ADVANCED_FACE('',(#1767),#1779,.T.);
#1767 = FACE_BOUND('',#1768,.F.);
#1768 = EDGE_LOOP('',(#1769,#1770,#1771,#1778));
#1769 = ORIENTED_EDGE('',*,*,#1606,.F.);
#1770 = ORIENTED_EDGE('',*,*,#1591,.T.);
#1771 = ORIENTED_EDGE('',*,*,#1772,.T.);
#1772 = EDGE_CURVE('',#1584,#1680,#1773,.T.);
#1773 = CIRCLE('',#1774,0.1);
#1774 = AXIS2_PLACEMENT_3D('',#1775,#1776,#1777);
#1775 = CARTESIAN_POINT('',(2.29,1.39,0.58));
#1776 = DIRECTION('',(1.,-6.123233995737E-17,0.));
#1777 = DIRECTION('',(6.123233995737E-17,1.,0.));
#1778 = ORIENTED_EDGE('',*,*,#1687,.F.);
#1779 = CYLINDRICAL_SURFACE('',#1780,0.1);
#1780 = AXIS2_PLACEMENT_3D('',#1781,#1782,#1783);
#1781 = CARTESIAN_POINT('',(-2.39,1.39,0.58));
#1782 = DIRECTION('',(1.,0.,-0.));
#1783 = DIRECTION('',(0.,1.,0.));
#1784 = ADVANCED_FACE('',(#1785),#1810,.T.);
#1785 = FACE_BOUND('',#1786,.T.);
#1786 = EDGE_LOOP('',(#1787,#1794,#1795,#1804));
#1787 = ORIENTED_EDGE('',*,*,#1788,.F.);
#1788 = EDGE_CURVE('',#1576,#1738,#1789,.T.);
#1789 = CIRCLE('',#1790,0.1);
#1790 = AXIS2_PLACEMENT_3D('',#1791,#1792,#1793);
#1791 = CARTESIAN_POINT('',(2.29,-1.39,0.58));
#1792 = DIRECTION('',(0.,-1.,0.));
#1793 = DIRECTION('',(1.,0.,0.));
#1794 = ORIENTED_EDGE('',*,*,#1583,.T.);
#1795 = ORIENTED_EDGE('',*,*,#1796,.T.);
#1796 = EDGE_CURVE('',#1584,#1797,#1799,.T.);
#1797 = VERTEX_POINT('',#1798);
#1798 = CARTESIAN_POINT('',(2.39,1.39,0.58));
#1799 = CIRCLE('',#1800,0.1);
#1800 = AXIS2_PLACEMENT_3D('',#1801,#1802,#1803);
#1801 = CARTESIAN_POINT('',(2.29,1.39,0.58));
#1802 = DIRECTION('',(0.,-1.,0.));
#1803 = DIRECTION('',(1.,0.,0.));
#1804 = ORIENTED_EDGE('',*,*,#1805,.F.);
#1805 = EDGE_CURVE('',#1738,#1797,#1806,.T.);
#1806 = LINE('',#1807,#1808);
#1807 = CARTESIAN_POINT('',(2.39,-1.49,0.58));
#1808 = VECTOR('',#1809,1.);
#1809 = DIRECTION('',(-0.,1.,0.));
#1810 = CYLINDRICAL_SURFACE('',#1811,0.1);
#1811 = AXIS2_PLACEMENT_3D('',#1812,#1813,#1814);
#1812 = CARTESIAN_POINT('',(2.29,-1.49,0.58));
#1813 = DIRECTION('',(-0.,1.,0.));
#1814 = DIRECTION('',(1.,0.,-0.));
#1815 = ADVANCED_FACE('',(#1816),#1828,.T.);
#1816 = FACE_BOUND('',#1817,.T.);
#1817 = EDGE_LOOP('',(#1818,#1819,#1820,#1827));
#1818 = ORIENTED_EDGE('',*,*,#1654,.T.);
#1819 = ORIENTED_EDGE('',*,*,#1639,.T.);
#1820 = ORIENTED_EDGE('',*,*,#1821,.F.);
#1821 = EDGE_CURVE('',#1672,#1632,#1822,.T.);
#1822 = CIRCLE('',#1823,0.1);
#1823 = AXIS2_PLACEMENT_3D('',#1824,#1825,#1826);
#1824 = CARTESIAN_POINT('',(2.29,1.39,0.8));
#1825 = DIRECTION('',(1.,0.,-6.123233995737E-17));
#1826 = DIRECTION('',(6.123233995737E-17,0.,1.));
#1827 = ORIENTED_EDGE('',*,*,#1671,.F.);
#1828 = CYLINDRICAL_SURFACE('',#1829,0.1);
#1829 = AXIS2_PLACEMENT_3D('',#1830,#1831,#1832);
#1830 = CARTESIAN_POINT('',(-2.39,1.39,0.8));
#1831 = DIRECTION('',(1.,0.,-0.));
#1832 = DIRECTION('',(0.,1.,0.));
#1833 = ADVANCED_FACE('',(#1834),#1859,.T.);
#1834 = FACE_BOUND('',#1835,.F.);
#1835 = EDGE_LOOP('',(#1836,#1843,#1844,#1853));
#1836 = ORIENTED_EDGE('',*,*,#1837,.F.);
#1837 = EDGE_CURVE('',#1624,#1740,#1838,.T.);
#1838 = CIRCLE('',#1839,0.1);
#1839 = AXIS2_PLACEMENT_3D('',#1840,#1841,#1842);
#1840 = CARTESIAN_POINT('',(2.29,-1.39,0.8));
#1841 = DIRECTION('',(-0.,1.,0.));
#1842 = DIRECTION('',(1.,0.,0.));
#1843 = ORIENTED_EDGE('',*,*,#1631,.T.);
#1844 = ORIENTED_EDGE('',*,*,#1845,.F.);
#1845 = EDGE_CURVE('',#1846,#1632,#1848,.T.);
#1846 = VERTEX_POINT('',#1847);
#1847 = CARTESIAN_POINT('',(2.39,1.39,0.8));
#1848 = CIRCLE('',#1849,0.1);
#1849 = AXIS2_PLACEMENT_3D('',#1850,#1851,#1852);
#1850 = CARTESIAN_POINT('',(2.29,1.39,0.8));
#1851 = DIRECTION('',(0.,-1.,-0.));
#1852 = DIRECTION('',(1.,0.,0.));
#1853 = ORIENTED_EDGE('',*,*,#1854,.F.);
#1854 = EDGE_CURVE('',#1740,#1846,#1855,.T.);
#1855 = LINE('',#1856,#1857);
#1856 = CARTESIAN_POINT('',(2.39,-1.49,0.8));
#1857 = VECTOR('',#1858,1.);
#1858 = DIRECTION('',(-0.,1.,0.));
#1859 = CYLINDRICAL_SURFACE('',#1860,0.1);
#1860 = AXIS2_PLACEMENT_3D('',#1861,#1862,#1863);
#1861 = CARTESIAN_POINT('',(2.29,-1.49,0.8));
#1862 = DIRECTION('',(-0.,1.,0.));
#1863 = DIRECTION('',(1.,0.,-0.));
#1864 = ADVANCED_FACE('',(#1865),#1888,.T.);
#1865 = FACE_BOUND('',#1866,.T.);
#1866 = EDGE_LOOP('',(#1867,#1873,#1880,#1881));
#1867 = ORIENTED_EDGE('',*,*,#1868,.F.);
#1868 = EDGE_CURVE('',#1797,#1846,#1869,.T.);
#1869 = LINE('',#1870,#1871);
#1870 = CARTESIAN_POINT('',(2.39,1.39,0.48));
#1871 = VECTOR('',#1872,1.);
#1872 = DIRECTION('',(0.,0.,1.));
#1873 = ORIENTED_EDGE('',*,*,#1874,.T.);
#1874 = EDGE_CURVE('',#1797,#1680,#1875,.T.);
#1875 = CIRCLE('',#1876,0.1);
#1876 = AXIS2_PLACEMENT_3D('',#1877,#1878,#1879);
#1877 = CARTESIAN_POINT('',(2.29,1.39,0.58));
#1878 = DIRECTION('',(0.,0.,1.));
#1879 = DIRECTION('',(1.,0.,-0.));
#1880 = ORIENTED_EDGE('',*,*,#1679,.T.);
#1881 = ORIENTED_EDGE('',*,*,#1882,.T.);
#1882 = EDGE_CURVE('',#1672,#1846,#1883,.T.);
#1883 = CIRCLE('',#1884,0.1);
#1884 = AXIS2_PLACEMENT_3D('',#1885,#1886,#1887);
#1885 = CARTESIAN_POINT('',(2.29,1.39,0.8));
#1886 = DIRECTION('',(0.,0.,-1.));
#1887 = DIRECTION('',(1.,0.,0.));
#1888 = CYLINDRICAL_SURFACE('',#1889,0.1);
#1889 = AXIS2_PLACEMENT_3D('',#1890,#1891,#1892);
#1890 = CARTESIAN_POINT('',(2.29,1.39,0.48));
#1891 = DIRECTION('',(0.,0.,1.));
#1892 = DIRECTION('',(1.,0.,-0.));
#1893 = ADVANCED_FACE('',(#1894),#1899,.T.);
#1894 = FACE_BOUND('',#1895,.F.);
#1895 = EDGE_LOOP('',(#1896,#1897,#1898));
#1896 = ORIENTED_EDGE('',*,*,#1788,.F.);
#1897 = ORIENTED_EDGE('',*,*,#1703,.T.);
#1898 = ORIENTED_EDGE('',*,*,#1747,.F.);
#1899 = SPHERICAL_SURFACE('',#1900,0.1);
#1900 = AXIS2_PLACEMENT_3D('',#1901,#1902,#1903);
#1901 = CARTESIAN_POINT('',(2.29,-1.39,0.58));
#1902 = DIRECTION('',(0.,0.,1.));
#1903 = DIRECTION('',(1.,0.,-0.));
#1904 = ADVANCED_FACE('',(#1905),#1910,.T.);
#1905 = FACE_BOUND('',#1906,.T.);
#1906 = EDGE_LOOP('',(#1907,#1908,#1909));
#1907 = ORIENTED_EDGE('',*,*,#1837,.F.);
#1908 = ORIENTED_EDGE('',*,*,#1721,.T.);
#1909 = ORIENTED_EDGE('',*,*,#1755,.F.);
#1910 = SPHERICAL_SURFACE('',#1911,0.1);
#1911 = AXIS2_PLACEMENT_3D('',#1912,#1913,#1914);
#1912 = CARTESIAN_POINT('',(2.29,-1.39,0.8));
#1913 = DIRECTION('',(-0.,-0.,-1.));
#1914 = DIRECTION('',(1.,0.,0.));
#1915 = ADVANCED_FACE('',(#1916),#1922,.T.);
#1916 = FACE_BOUND('',#1917,.T.);
#1917 = EDGE_LOOP('',(#1918,#1919,#1920,#1921));
#1918 = ORIENTED_EDGE('',*,*,#1737,.F.);
#1919 = ORIENTED_EDGE('',*,*,#1805,.T.);
#1920 = ORIENTED_EDGE('',*,*,#1868,.T.);
#1921 = ORIENTED_EDGE('',*,*,#1854,.F.);
#1922 = PLANE('',#1923);
#1923 = AXIS2_PLACEMENT_3D('',#1924,#1925,#1926);
#1924 = CARTESIAN_POINT('',(2.39,-1.49,0.48));
#1925 = DIRECTION('',(1.,0.,-0.));
#1926 = DIRECTION('',(0.,0.,1.));
#1927 = ADVANCED_FACE('',(#1928),#1933,.T.);
#1928 = FACE_BOUND('',#1929,.T.);
#1929 = EDGE_LOOP('',(#1930,#1931,#1932));
#1930 = ORIENTED_EDGE('',*,*,#1796,.F.);
#1931 = ORIENTED_EDGE('',*,*,#1772,.T.);
#1932 = ORIENTED_EDGE('',*,*,#1874,.F.);
#1933 = SPHERICAL_SURFACE('',#1934,0.1);
#1934 = AXIS2_PLACEMENT_3D('',#1935,#1936,#1937);
#1935 = CARTESIAN_POINT('',(2.29,1.39,0.58));
#1936 = DIRECTION('',(0.,0.,1.));
#1937 = DIRECTION('',(1.,0.,-0.));
#1938 = ADVANCED_FACE('',(#1939),#1944,.T.);
#1939 = FACE_BOUND('',#1940,.T.);
#1940 = EDGE_LOOP('',(#1941,#1942,#1943));
#1941 = ORIENTED_EDGE('',*,*,#1882,.F.);
#1942 = ORIENTED_EDGE('',*,*,#1821,.T.);
#1943 = ORIENTED_EDGE('',*,*,#1845,.F.);
#1944 = SPHERICAL_SURFACE('',#1945,0.1);
#1945 = AXIS2_PLACEMENT_3D('',#1946,#1947,#1948);
#1946 = CARTESIAN_POINT('',(2.29,1.39,0.8));
#1947 = DIRECTION('',(0.,-1.,-0.));
#1948 = DIRECTION('',(1.,0.,0.));
#1949 = ( GEOMETRIC_REPRESENTATION_CONTEXT(3) 
GLOBAL_UNCERTAINTY_ASSIGNED_CONTEXT((#1953)) 
GLOBAL_UNIT_ASSIGNED_CONTEXT((#1950,#1951,#1952)) REPRESENTATION_CONTEXT
('Context #1','3D Context with UNIT and UNCERTAINTY') );
#1950 = ( LENGTH_UNIT() NAMED_UNIT(*) SI_UNIT(.MILLI.,.METRE.) );
#1951 = ( NAMED_UNIT(*) PLANE_ANGLE_UNIT() SI_UNIT($,.RADIAN.) );
#1952 = ( NAMED_UNIT(*) SI_UNIT($,.STERADIAN.) SOLID_ANGLE_UNIT() );
#1953 = UNCERTAINTY_MEASURE_WITH_UNIT(LENGTH_MEASURE(1.E-07),#1950,
  'distance_accuracy_value','confusion accuracy');
#1954 = CONTEXT_DEPENDENT_SHAPE_REPRESENTATION(#1955,#1957);
#1955 = ( REPRESENTATION_RELATIONSHIP('','',#1330,#10) 
REPRESENTATION_RELATIONSHIP_WITH_TRANSFORMATION(#1956) 
SHAPE_REPRESENTATION_RELATIONSHIP() );
#1956 = ITEM_DEFINED_TRANSFORMATION('','',#11,#23);
#1957 = PRODUCT_DEFINITION_SHAPE('Placement','Placement of an item',
  #1958);
#1958 = NEXT_ASSEMBLY_USAGE_OCCURRENCE('69','Metal_lid_no_text','',#5,
  #1325,$);
#1959 = PRODUCT_RELATED_PRODUCT_CATEGORY('part',$,(#1327));
#1960 = SHAPE_DEFINITION_REPRESENTATION(#1961,#1967);
#1961 = PRODUCT_DEFINITION_SHAPE('','',#1962);
#1962 = PRODUCT_DEFINITION('design','',#1963,#1966);
#1963 = PRODUCT_DEFINITION_FORMATION('','',#1964);
#1964 = PRODUCT('Gold_terminal_1','Gold_terminal_1','',(#1965));
#1965 = PRODUCT_CONTEXT('',#2,'mechanical');
#1966 = PRODUCT_DEFINITION_CONTEXT('part definition',#2,'design');
#1967 = ADVANCED_BREP_SHAPE_REPRESENTATION('',(#11,#1968),#2151);
#1968 = MANIFOLD_SOLID_BREP('',#1969);
#1969 = CLOSED_SHELL('',(#1970,#2010,#2041,#2072,#2103,#2125,#2138));
#1970 = ADVANCED_FACE('',(#1971),#2005,.F.);
#1971 = FACE_BOUND('',#1972,.F.);
#1972 = EDGE_LOOP('',(#1973,#1983,#1991,#1999));
#1973 = ORIENTED_EDGE('',*,*,#1974,.T.);
#1974 = EDGE_CURVE('',#1975,#1977,#1979,.T.);
#1975 = VERTEX_POINT('',#1976);
#1976 = CARTESIAN_POINT('',(-2.4,-1.5,0.));
#1977 = VERTEX_POINT('',#1978);
#1978 = CARTESIAN_POINT('',(-2.4,-1.5,3.E-02));
#1979 = LINE('',#1980,#1981);
#1980 = CARTESIAN_POINT('',(-2.4,-1.5,0.));
#1981 = VECTOR('',#1982,1.);
#1982 = DIRECTION('',(0.,0.,1.));
#1983 = ORIENTED_EDGE('',*,*,#1984,.T.);
#1984 = EDGE_CURVE('',#1977,#1985,#1987,.T.);
#1985 = VERTEX_POINT('',#1986);
#1986 = CARTESIAN_POINT('',(-1.3,-1.5,3.E-02));
#1987 = LINE('',#1988,#1989);
#1988 = CARTESIAN_POINT('',(-2.4,-1.5,3.E-02));
#1989 = VECTOR('',#1990,1.);
#1990 = DIRECTION('',(1.,0.,0.));
#1991 = ORIENTED_EDGE('',*,*,#1992,.F.);
#1992 = EDGE_CURVE('',#1993,#1985,#1995,.T.);
#1993 = VERTEX_POINT('',#1994);
#1994 = CARTESIAN_POINT('',(-1.3,-1.5,0.));
#1995 = LINE('',#1996,#1997);
#1996 = CARTESIAN_POINT('',(-1.3,-1.5,0.));
#1997 = VECTOR('',#1998,1.);
#1998 = DIRECTION('',(0.,0.,1.));
#1999 = ORIENTED_EDGE('',*,*,#2000,.F.);
#2000 = EDGE_CURVE('',#1975,#1993,#2001,.T.);
#2001 = LINE('',#2002,#2003);
#2002 = CARTESIAN_POINT('',(-2.4,-1.5,0.));
#2003 = VECTOR('',#2004,1.);
#2004 = DIRECTION('',(1.,0.,0.));
#2005 = PLANE('',#2006);
#2006 = AXIS2_PLACEMENT_3D('',#2007,#2008,#2009);
#2007 = CARTESIAN_POINT('',(-2.4,-1.5,0.));
#2008 = DIRECTION('',(0.,1.,0.));
#2009 = DIRECTION('',(1.,0.,0.));
#2010 = ADVANCED_FACE('',(#2011),#2036,.F.);
#2011 = FACE_BOUND('',#2012,.F.);
#2012 = EDGE_LOOP('',(#2013,#2014,#2022,#2030));
#2013 = ORIENTED_EDGE('',*,*,#1992,.T.);
#2014 = ORIENTED_EDGE('',*,*,#2015,.T.);
#2015 = EDGE_CURVE('',#1985,#2016,#2018,.T.);
#2016 = VERTEX_POINT('',#2017);
#2017 = CARTESIAN_POINT('',(-1.3,-0.92,3.E-02));
#2018 = LINE('',#2019,#2020);
#2019 = CARTESIAN_POINT('',(-1.3,-1.5,3.E-02));
#2020 = VECTOR('',#2021,1.);
#2021 = DIRECTION('',(0.,1.,0.));
#2022 = ORIENTED_EDGE('',*,*,#2023,.F.);
#2023 = EDGE_CURVE('',#2024,#2016,#2026,.T.);
#2024 = VERTEX_POINT('',#2025);
#2025 = CARTESIAN_POINT('',(-1.3,-0.92,0.));
#2026 = LINE('',#2027,#2028);
#2027 = CARTESIAN_POINT('',(-1.3,-0.92,0.));
#2028 = VECTOR('',#2029,1.);
#2029 = DIRECTION('',(0.,0.,1.));
#2030 = ORIENTED_EDGE('',*,*,#2031,.F.);
#2031 = EDGE_CURVE('',#1993,#2024,#2032,.T.);
#2032 = LINE('',#2033,#2034);
#2033 = CARTESIAN_POINT('',(-1.3,-1.5,0.));
#2034 = VECTOR('',#2035,1.);
#2035 = DIRECTION('',(0.,1.,0.));
#2036 = PLANE('',#2037);
#2037 = AXIS2_PLACEMENT_3D('',#2038,#2039,#2040);
#2038 = CARTESIAN_POINT('',(-1.3,-1.5,0.));
#2039 = DIRECTION('',(-1.,0.,0.));
#2040 = DIRECTION('',(0.,1.,0.));
#2041 = ADVANCED_FACE('',(#2042),#2067,.F.);
#2042 = FACE_BOUND('',#2043,.F.);
#2043 = EDGE_LOOP('',(#2044,#2045,#2053,#2061));
#2044 = ORIENTED_EDGE('',*,*,#2023,.T.);
#2045 = ORIENTED_EDGE('',*,*,#2046,.T.);
#2046 = EDGE_CURVE('',#2016,#2047,#2049,.T.);
#2047 = VERTEX_POINT('',#2048);
#2048 = CARTESIAN_POINT('',(-1.52,-0.7,3.E-02));
#2049 = LINE('',#2050,#2051);
#2050 = CARTESIAN_POINT('',(-1.3,-0.92,3.E-02));
#2051 = VECTOR('',#2052,1.);
#2052 = DIRECTION('',(-0.707106781187,0.707106781187,0.));
#2053 = ORIENTED_EDGE('',*,*,#2054,.F.);
#2054 = EDGE_CURVE('',#2055,#2047,#2057,.T.);
#2055 = VERTEX_POINT('',#2056);
#2056 = CARTESIAN_POINT('',(-1.52,-0.7,0.));
#2057 = LINE('',#2058,#2059);
#2058 = CARTESIAN_POINT('',(-1.52,-0.7,0.));
#2059 = VECTOR('',#2060,1.);
#2060 = DIRECTION('',(0.,0.,1.));
#2061 = ORIENTED_EDGE('',*,*,#2062,.F.);
#2062 = EDGE_CURVE('',#2024,#2055,#2063,.T.);
#2063 = LINE('',#2064,#2065);
#2064 = CARTESIAN_POINT('',(-1.3,-0.92,0.));
#2065 = VECTOR('',#2066,1.);
#2066 = DIRECTION('',(-0.707106781187,0.707106781187,0.));
#2067 = PLANE('',#2068);
#2068 = AXIS2_PLACEMENT_3D('',#2069,#2070,#2071);
#2069 = CARTESIAN_POINT('',(-1.3,-0.92,0.));
#2070 = DIRECTION('',(-0.707106781187,-0.707106781187,0.));
#2071 = DIRECTION('',(-0.707106781187,0.707106781187,0.));
#2072 = ADVANCED_FACE('',(#2073),#2098,.F.);
#2073 = FACE_BOUND('',#2074,.F.);
#2074 = EDGE_LOOP('',(#2075,#2076,#2084,#2092));
#2075 = ORIENTED_EDGE('',*,*,#2054,.T.);
#2076 = ORIENTED_EDGE('',*,*,#2077,.T.);
#2077 = EDGE_CURVE('',#2047,#2078,#2080,.T.);
#2078 = VERTEX_POINT('',#2079);
#2079 = CARTESIAN_POINT('',(-2.4,-0.7,3.E-02));
#2080 = LINE('',#2081,#2082);
#2081 = CARTESIAN_POINT('',(-1.52,-0.7,3.E-02));
#2082 = VECTOR('',#2083,1.);
#2083 = DIRECTION('',(-1.,0.,0.));
#2084 = ORIENTED_EDGE('',*,*,#2085,.F.);
#2085 = EDGE_CURVE('',#2086,#2078,#2088,.T.);
#2086 = VERTEX_POINT('',#2087);
#2087 = CARTESIAN_POINT('',(-2.4,-0.7,0.));
#2088 = LINE('',#2089,#2090);
#2089 = CARTESIAN_POINT('',(-2.4,-0.7,0.));
#2090 = VECTOR('',#2091,1.);
#2091 = DIRECTION('',(0.,0.,1.));
#2092 = ORIENTED_EDGE('',*,*,#2093,.F.);
#2093 = EDGE_CURVE('',#2055,#2086,#2094,.T.);
#2094 = LINE('',#2095,#2096);
#2095 = CARTESIAN_POINT('',(-1.52,-0.7,0.));
#2096 = VECTOR('',#2097,1.);
#2097 = DIRECTION('',(-1.,0.,0.));
#2098 = PLANE('',#2099);
#2099 = AXIS2_PLACEMENT_3D('',#2100,#2101,#2102);
#2100 = CARTESIAN_POINT('',(-1.52,-0.7,0.));
#2101 = DIRECTION('',(0.,-1.,0.));
#2102 = DIRECTION('',(-1.,0.,0.));
#2103 = ADVANCED_FACE('',(#2104),#2120,.F.);
#2104 = FACE_BOUND('',#2105,.F.);
#2105 = EDGE_LOOP('',(#2106,#2107,#2113,#2114));
#2106 = ORIENTED_EDGE('',*,*,#2085,.T.);
#2107 = ORIENTED_EDGE('',*,*,#2108,.T.);
#2108 = EDGE_CURVE('',#2078,#1977,#2109,.T.);
#2109 = LINE('',#2110,#2111);
#2110 = CARTESIAN_POINT('',(-2.4,-0.7,3.E-02));
#2111 = VECTOR('',#2112,1.);
#2112 = DIRECTION('',(0.,-1.,0.));
#2113 = ORIENTED_EDGE('',*,*,#1974,.F.);
#2114 = ORIENTED_EDGE('',*,*,#2115,.F.);
#2115 = EDGE_CURVE('',#2086,#1975,#2116,.T.);
#2116 = LINE('',#2117,#2118);
#2117 = CARTESIAN_POINT('',(-2.4,-0.7,0.));
#2118 = VECTOR('',#2119,1.);
#2119 = DIRECTION('',(0.,-1.,0.));
#2120 = PLANE('',#2121);
#2121 = AXIS2_PLACEMENT_3D('',#2122,#2123,#2124);
#2122 = CARTESIAN_POINT('',(-2.4,-0.7,0.));
#2123 = DIRECTION('',(1.,0.,-0.));
#2124 = DIRECTION('',(0.,-1.,0.));
#2125 = ADVANCED_FACE('',(#2126),#2133,.F.);
#2126 = FACE_BOUND('',#2127,.F.);
#2127 = EDGE_LOOP('',(#2128,#2129,#2130,#2131,#2132));
#2128 = ORIENTED_EDGE('',*,*,#2000,.T.);
#2129 = ORIENTED_EDGE('',*,*,#2031,.T.);
#2130 = ORIENTED_EDGE('',*,*,#2062,.T.);
#2131 = ORIENTED_EDGE('',*,*,#2093,.T.);
#2132 = ORIENTED_EDGE('',*,*,#2115,.T.);
#2133 = PLANE('',#2134);
#2134 = AXIS2_PLACEMENT_3D('',#2135,#2136,#2137);
#2135 = CARTESIAN_POINT('',(-1.872037953882,-1.116772281371,0.));
#2136 = DIRECTION('',(0.,0.,1.));
#2137 = DIRECTION('',(1.,0.,-0.));
#2138 = ADVANCED_FACE('',(#2139),#2146,.T.);
#2139 = FACE_BOUND('',#2140,.T.);
#2140 = EDGE_LOOP('',(#2141,#2142,#2143,#2144,#2145));
#2141 = ORIENTED_EDGE('',*,*,#1984,.T.);
#2142 = ORIENTED_EDGE('',*,*,#2015,.T.);
#2143 = ORIENTED_EDGE('',*,*,#2046,.T.);
#2144 = ORIENTED_EDGE('',*,*,#2077,.T.);
#2145 = ORIENTED_EDGE('',*,*,#2108,.T.);
#2146 = PLANE('',#2147);
#2147 = AXIS2_PLACEMENT_3D('',#2148,#2149,#2150);
#2148 = CARTESIAN_POINT('',(-1.872037953882,-1.116772281371,3.E-02));
#2149 = DIRECTION('',(0.,0.,1.));
#2150 = DIRECTION('',(1.,0.,-0.));
#2151 = ( GEOMETRIC_REPRESENTATION_CONTEXT(3) 
GLOBAL_UNCERTAINTY_ASSIGNED_CONTEXT((#2155)) 
GLOBAL_UNIT_ASSIGNED_CONTEXT((#2152,#2153,#2154)) REPRESENTATION_CONTEXT
('Context #1','3D Context with UNIT and UNCERTAINTY') );
#2152 = ( LENGTH_UNIT() NAMED_UNIT(*) SI_UNIT(.MILLI.,.METRE.) );
#2153 = ( NAMED_UNIT(*) PLANE_ANGLE_UNIT() SI_UNIT($,.RADIAN.) );
#2154 = ( NAMED_UNIT(*) SI_UNIT($,.STERADIAN.) SOLID_ANGLE_UNIT() );
#2155 = UNCERTAINTY_MEASURE_WITH_UNIT(LENGTH_MEASURE(1.E-07),#2152,
  'distance_accuracy_value','confusion accuracy');
#2156 = CONTEXT_DEPENDENT_SHAPE_REPRESENTATION(#2157,#2159);
#2157 = ( REPRESENTATION_RELATIONSHIP('','',#1967,#10) 
REPRESENTATION_RELATIONSHIP_WITH_TRANSFORMATION(#2158) 
SHAPE_REPRESENTATION_RELATIONSHIP() );
#2158 = ITEM_DEFINED_TRANSFORMATION('','',#11,#27);
#2159 = PRODUCT_DEFINITION_SHAPE('Placement','Placement of an item',
  #2160);
#2160 = NEXT_ASSEMBLY_USAGE_OCCURRENCE('70','Gold_terminal_1','',#5,
  #1962,$);
#2161 = PRODUCT_RELATED_PRODUCT_CATEGORY('part',$,(#1964));
#2162 = SHAPE_DEFINITION_REPRESENTATION(#2163,#2169);
#2163 = PRODUCT_DEFINITION_SHAPE('','',#2164);
#2164 = PRODUCT_DEFINITION('design','',#2165,#2168);
#2165 = PRODUCT_DEFINITION_FORMATION('','',#2166);
#2166 = PRODUCT('Gold_terminal_2','Gold_terminal_2','',(#2167));
#2167 = PRODUCT_CONTEXT('',#2,'mechanical');
#2168 = PRODUCT_DEFINITION_CONTEXT('part definition',#2,'design');
#2169 = ADVANCED_BREP_SHAPE_REPRESENTATION('',(#11,#2170),#2320);
#2170 = MANIFOLD_SOLID_BREP('',#2171);
#2171 = CLOSED_SHELL('',(#2172,#2212,#2252,#2274,#2296,#2308));
#2172 = ADVANCED_FACE('',(#2173),#2207,.F.);
#2173 = FACE_BOUND('',#2174,.F.);
#2174 = EDGE_LOOP('',(#2175,#2185,#2193,#2201));
#2175 = ORIENTED_EDGE('',*,*,#2176,.F.);
#2176 = EDGE_CURVE('',#2177,#2179,#2181,.T.);
#2177 = VERTEX_POINT('',#2178);
#2178 = CARTESIAN_POINT('',(1.3,-1.5,0.));
#2179 = VERTEX_POINT('',#2180);
#2180 = CARTESIAN_POINT('',(1.3,-1.5,3.E-02));
#2181 = LINE('',#2182,#2183);
#2182 = CARTESIAN_POINT('',(1.3,-1.5,0.));
#2183 = VECTOR('',#2184,1.);
#2184 = DIRECTION('',(0.,0.,1.));
#2185 = ORIENTED_EDGE('',*,*,#2186,.T.);
#2186 = EDGE_CURVE('',#2177,#2187,#2189,.T.);
#2187 = VERTEX_POINT('',#2188);
#2188 = CARTESIAN_POINT('',(1.3,-0.7,0.));
#2189 = LINE('',#2190,#2191);
#2190 = CARTESIAN_POINT('',(1.3,-1.5,0.));
#2191 = VECTOR('',#2192,1.);
#2192 = DIRECTION('',(-0.,1.,0.));
#2193 = ORIENTED_EDGE('',*,*,#2194,.T.);
#2194 = EDGE_CURVE('',#2187,#2195,#2197,.T.);
#2195 = VERTEX_POINT('',#2196);
#2196 = CARTESIAN_POINT('',(1.3,-0.7,3.E-02));
#2197 = LINE('',#2198,#2199);
#2198 = CARTESIAN_POINT('',(1.3,-0.7,0.));
#2199 = VECTOR('',#2200,1.);
#2200 = DIRECTION('',(0.,0.,1.));
#2201 = ORIENTED_EDGE('',*,*,#2202,.F.);
#2202 = EDGE_CURVE('',#2179,#2195,#2203,.T.);
#2203 = LINE('',#2204,#2205);
#2204 = CARTESIAN_POINT('',(1.3,-1.5,3.E-02));
#2205 = VECTOR('',#2206,1.);
#2206 = DIRECTION('',(-0.,1.,0.));
#2207 = PLANE('',#2208);
#2208 = AXIS2_PLACEMENT_3D('',#2209,#2210,#2211);
#2209 = CARTESIAN_POINT('',(1.3,-1.5,0.));
#2210 = DIRECTION('',(1.,0.,-0.));
#2211 = DIRECTION('',(0.,0.,1.));
#2212 = ADVANCED_FACE('',(#2213),#2247,.T.);
#2213 = FACE_BOUND('',#2214,.T.);
#2214 = EDGE_LOOP('',(#2215,#2225,#2233,#2241));
#2215 = ORIENTED_EDGE('',*,*,#2216,.F.);
#2216 = EDGE_CURVE('',#2217,#2219,#2221,.T.);
#2217 = VERTEX_POINT('',#2218);
#2218 = CARTESIAN_POINT('',(2.4,-1.5,0.));
#2219 = VERTEX_POINT('',#2220);
#2220 = CARTESIAN_POINT('',(2.4,-1.5,3.E-02));
#2221 = LINE('',#2222,#2223);
#2222 = CARTESIAN_POINT('',(2.4,-1.5,0.));
#2223 = VECTOR('',#2224,1.);
#2224 = DIRECTION('',(0.,0.,1.));
#2225 = ORIENTED_EDGE('',*,*,#2226,.T.);
#2226 = EDGE_CURVE('',#2217,#2227,#2229,.T.);
#2227 = VERTEX_POINT('',#2228);
#2228 = CARTESIAN_POINT('',(2.4,-0.7,0.));
#2229 = LINE('',#2230,#2231);
#2230 = CARTESIAN_POINT('',(2.4,-1.5,0.));
#2231 = VECTOR('',#2232,1.);
#2232 = DIRECTION('',(-0.,1.,0.));
#2233 = ORIENTED_EDGE('',*,*,#2234,.T.);
#2234 = EDGE_CURVE('',#2227,#2235,#2237,.T.);
#2235 = VERTEX_POINT('',#2236);
#2236 = CARTESIAN_POINT('',(2.4,-0.7,3.E-02));
#2237 = LINE('',#2238,#2239);
#2238 = CARTESIAN_POINT('',(2.4,-0.7,0.));
#2239 = VECTOR('',#2240,1.);
#2240 = DIRECTION('',(0.,0.,1.));
#2241 = ORIENTED_EDGE('',*,*,#2242,.F.);
#2242 = EDGE_CURVE('',#2219,#2235,#2243,.T.);
#2243 = LINE('',#2244,#2245);
#2244 = CARTESIAN_POINT('',(2.4,-1.5,3.E-02));
#2245 = VECTOR('',#2246,1.);
#2246 = DIRECTION('',(-0.,1.,0.));
#2247 = PLANE('',#2248);
#2248 = AXIS2_PLACEMENT_3D('',#2249,#2250,#2251);
#2249 = CARTESIAN_POINT('',(2.4,-1.5,0.));
#2250 = DIRECTION('',(1.,0.,-0.));
#2251 = DIRECTION('',(0.,0.,1.));
#2252 = ADVANCED_FACE('',(#2253),#2269,.F.);
#2253 = FACE_BOUND('',#2254,.F.);
#2254 = EDGE_LOOP('',(#2255,#2261,#2262,#2268));
#2255 = ORIENTED_EDGE('',*,*,#2256,.F.);
#2256 = EDGE_CURVE('',#2177,#2217,#2257,.T.);
#2257 = LINE('',#2258,#2259);
#2258 = CARTESIAN_POINT('',(1.3,-1.5,0.));
#2259 = VECTOR('',#2260,1.);
#2260 = DIRECTION('',(1.,0.,-0.));
#2261 = ORIENTED_EDGE('',*,*,#2176,.T.);
#2262 = ORIENTED_EDGE('',*,*,#2263,.T.);
#2263 = EDGE_CURVE('',#2179,#2219,#2264,.T.);
#2264 = LINE('',#2265,#2266);
#2265 = CARTESIAN_POINT('',(1.3,-1.5,3.E-02));
#2266 = VECTOR('',#2267,1.);
#2267 = DIRECTION('',(1.,0.,-0.));
#2268 = ORIENTED_EDGE('',*,*,#2216,.F.);
#2269 = PLANE('',#2270);
#2270 = AXIS2_PLACEMENT_3D('',#2271,#2272,#2273);
#2271 = CARTESIAN_POINT('',(1.3,-1.5,0.));
#2272 = DIRECTION('',(-0.,1.,0.));
#2273 = DIRECTION('',(0.,0.,1.));
#2274 = ADVANCED_FACE('',(#2275),#2291,.T.);
#2275 = FACE_BOUND('',#2276,.T.);
#2276 = EDGE_LOOP('',(#2277,#2283,#2284,#2290));
#2277 = ORIENTED_EDGE('',*,*,#2278,.F.);
#2278 = EDGE_CURVE('',#2187,#2227,#2279,.T.);
#2279 = LINE('',#2280,#2281);
#2280 = CARTESIAN_POINT('',(1.3,-0.7,0.));
#2281 = VECTOR('',#2282,1.);
#2282 = DIRECTION('',(1.,0.,-0.));
#2283 = ORIENTED_EDGE('',*,*,#2194,.T.);
#2284 = ORIENTED_EDGE('',*,*,#2285,.T.);
#2285 = EDGE_CURVE('',#2195,#2235,#2286,.T.);
#2286 = LINE('',#2287,#2288);
#2287 = CARTESIAN_POINT('',(1.3,-0.7,3.E-02));
#2288 = VECTOR('',#2289,1.);
#2289 = DIRECTION('',(1.,0.,-0.));
#2290 = ORIENTED_EDGE('',*,*,#2234,.F.);
#2291 = PLANE('',#2292);
#2292 = AXIS2_PLACEMENT_3D('',#2293,#2294,#2295);
#2293 = CARTESIAN_POINT('',(1.3,-0.7,0.));
#2294 = DIRECTION('',(-0.,1.,0.));
#2295 = DIRECTION('',(0.,0.,1.));
#2296 = ADVANCED_FACE('',(#2297),#2303,.F.);
#2297 = FACE_BOUND('',#2298,.F.);
#2298 = EDGE_LOOP('',(#2299,#2300,#2301,#2302));
#2299 = ORIENTED_EDGE('',*,*,#2186,.F.);
#2300 = ORIENTED_EDGE('',*,*,#2256,.T.);
#2301 = ORIENTED_EDGE('',*,*,#2226,.T.);
#2302 = ORIENTED_EDGE('',*,*,#2278,.F.);
#2303 = PLANE('',#2304);
#2304 = AXIS2_PLACEMENT_3D('',#2305,#2306,#2307);
#2305 = CARTESIAN_POINT('',(1.3,-1.5,0.));
#2306 = DIRECTION('',(0.,0.,1.));
#2307 = DIRECTION('',(1.,0.,-0.));
#2308 = ADVANCED_FACE('',(#2309),#2315,.T.);
#2309 = FACE_BOUND('',#2310,.T.);
#2310 = EDGE_LOOP('',(#2311,#2312,#2313,#2314));
#2311 = ORIENTED_EDGE('',*,*,#2202,.F.);
#2312 = ORIENTED_EDGE('',*,*,#2263,.T.);
#2313 = ORIENTED_EDGE('',*,*,#2242,.T.);
#2314 = ORIENTED_EDGE('',*,*,#2285,.F.);
#2315 = PLANE('',#2316);
#2316 = AXIS2_PLACEMENT_3D('',#2317,#2318,#2319);
#2317 = CARTESIAN_POINT('',(1.3,-1.5,3.E-02));
#2318 = DIRECTION('',(0.,0.,1.));
#2319 = DIRECTION('',(1.,0.,-0.));
#2320 = ( GEOMETRIC_REPRESENTATION_CONTEXT(3) 
GLOBAL_UNCERTAINTY_ASSIGNED_CONTEXT((#2324)) 
GLOBAL_UNIT_ASSIGNED_CONTEXT((#2321,#2322,#2323)) REPRESENTATION_CONTEXT
('Context #1','3D Context with UNIT and UNCERTAINTY') );
#2321 = ( LENGTH_UNIT() NAMED_UNIT(*) SI_UNIT(.MILLI.,.METRE.) );
#2322 = ( NAMED_UNIT(*) PLANE_ANGLE_UNIT() SI_UNIT($,.RADIAN.) );
#2323 = ( NAMED_UNIT(*) SI_UNIT($,.STERADIAN.) SOLID_ANGLE_UNIT() );
#2324 = UNCERTAINTY_MEASURE_WITH_UNIT(LENGTH_MEASURE(1.E-07),#2321,
  'distance_accuracy_value','confusion accuracy');
#2325 = CONTEXT_DEPENDENT_SHAPE_REPRESENTATION(#2326,#2328);
#2326 = ( REPRESENTATION_RELATIONSHIP('','',#2169,#10) 
REPRESENTATION_RELATIONSHIP_WITH_TRANSFORMATION(#2327) 
SHAPE_REPRESENTATION_RELATIONSHIP() );
#2327 = ITEM_DEFINED_TRANSFORMATION('','',#11,#31);
#2328 = PRODUCT_DEFINITION_SHAPE('Placement','Placement of an item',
  #2329);
#2329 = NEXT_ASSEMBLY_USAGE_OCCURRENCE('71','Gold_terminal_2','',#5,
  #2164,$);
#2330 = PRODUCT_RELATED_PRODUCT_CATEGORY('part',$,(#2166));
#2331 = SHAPE_DEFINITION_REPRESENTATION(#2332,#2338);
#2332 = PRODUCT_DEFINITION_SHAPE('','',#2333);
#2333 = PRODUCT_DEFINITION('design','',#2334,#2337);
#2334 = PRODUCT_DEFINITION_FORMATION('','',#2335);
#2335 = PRODUCT('Gold_terminal_3','Gold_terminal_3','',(#2336));
#2336 = PRODUCT_CONTEXT('',#2,'mechanical');
#2337 = PRODUCT_DEFINITION_CONTEXT('part definition',#2,'design');
#2338 = ADVANCED_BREP_SHAPE_REPRESENTATION('',(#11,#2339),#2489);
#2339 = MANIFOLD_SOLID_BREP('',#2340);
#2340 = CLOSED_SHELL('',(#2341,#2381,#2421,#2443,#2465,#2477));
#2341 = ADVANCED_FACE('',(#2342),#2376,.F.);
#2342 = FACE_BOUND('',#2343,.F.);
#2343 = EDGE_LOOP('',(#2344,#2354,#2362,#2370));
#2344 = ORIENTED_EDGE('',*,*,#2345,.F.);
#2345 = EDGE_CURVE('',#2346,#2348,#2350,.T.);
#2346 = VERTEX_POINT('',#2347);
#2347 = CARTESIAN_POINT('',(1.3,0.7,0.));
#2348 = VERTEX_POINT('',#2349);
#2349 = CARTESIAN_POINT('',(1.3,0.7,3.E-02));
#2350 = LINE('',#2351,#2352);
#2351 = CARTESIAN_POINT('',(1.3,0.7,0.));
#2352 = VECTOR('',#2353,1.);
#2353 = DIRECTION('',(0.,0.,1.));
#2354 = ORIENTED_EDGE('',*,*,#2355,.T.);
#2355 = EDGE_CURVE('',#2346,#2356,#2358,.T.);
#2356 = VERTEX_POINT('',#2357);
#2357 = CARTESIAN_POINT('',(1.3,1.5,0.));
#2358 = LINE('',#2359,#2360);
#2359 = CARTESIAN_POINT('',(1.3,0.7,0.));
#2360 = VECTOR('',#2361,1.);
#2361 = DIRECTION('',(-0.,1.,0.));
#2362 = ORIENTED_EDGE('',*,*,#2363,.T.);
#2363 = EDGE_CURVE('',#2356,#2364,#2366,.T.);
#2364 = VERTEX_POINT('',#2365);
#2365 = CARTESIAN_POINT('',(1.3,1.5,3.E-02));
#2366 = LINE('',#2367,#2368);
#2367 = CARTESIAN_POINT('',(1.3,1.5,0.));
#2368 = VECTOR('',#2369,1.);
#2369 = DIRECTION('',(0.,0.,1.));
#2370 = ORIENTED_EDGE('',*,*,#2371,.F.);
#2371 = EDGE_CURVE('',#2348,#2364,#2372,.T.);
#2372 = LINE('',#2373,#2374);
#2373 = CARTESIAN_POINT('',(1.3,0.7,3.E-02));
#2374 = VECTOR('',#2375,1.);
#2375 = DIRECTION('',(-0.,1.,0.));
#2376 = PLANE('',#2377);
#2377 = AXIS2_PLACEMENT_3D('',#2378,#2379,#2380);
#2378 = CARTESIAN_POINT('',(1.3,0.7,0.));
#2379 = DIRECTION('',(1.,0.,-0.));
#2380 = DIRECTION('',(0.,0.,1.));
#2381 = ADVANCED_FACE('',(#2382),#2416,.T.);
#2382 = FACE_BOUND('',#2383,.T.);
#2383 = EDGE_LOOP('',(#2384,#2394,#2402,#2410));
#2384 = ORIENTED_EDGE('',*,*,#2385,.F.);
#2385 = EDGE_CURVE('',#2386,#2388,#2390,.T.);
#2386 = VERTEX_POINT('',#2387);
#2387 = CARTESIAN_POINT('',(2.4,0.7,0.));
#2388 = VERTEX_POINT('',#2389);
#2389 = CARTESIAN_POINT('',(2.4,0.7,3.E-02));
#2390 = LINE('',#2391,#2392);
#2391 = CARTESIAN_POINT('',(2.4,0.7,0.));
#2392 = VECTOR('',#2393,1.);
#2393 = DIRECTION('',(0.,0.,1.));
#2394 = ORIENTED_EDGE('',*,*,#2395,.T.);
#2395 = EDGE_CURVE('',#2386,#2396,#2398,.T.);
#2396 = VERTEX_POINT('',#2397);
#2397 = CARTESIAN_POINT('',(2.4,1.5,0.));
#2398 = LINE('',#2399,#2400);
#2399 = CARTESIAN_POINT('',(2.4,0.7,0.));
#2400 = VECTOR('',#2401,1.);
#2401 = DIRECTION('',(-0.,1.,0.));
#2402 = ORIENTED_EDGE('',*,*,#2403,.T.);
#2403 = EDGE_CURVE('',#2396,#2404,#2406,.T.);
#2404 = VERTEX_POINT('',#2405);
#2405 = CARTESIAN_POINT('',(2.4,1.5,3.E-02));
#2406 = LINE('',#2407,#2408);
#2407 = CARTESIAN_POINT('',(2.4,1.5,0.));
#2408 = VECTOR('',#2409,1.);
#2409 = DIRECTION('',(0.,0.,1.));
#2410 = ORIENTED_EDGE('',*,*,#2411,.F.);
#2411 = EDGE_CURVE('',#2388,#2404,#2412,.T.);
#2412 = LINE('',#2413,#2414);
#2413 = CARTESIAN_POINT('',(2.4,0.7,3.E-02));
#2414 = VECTOR('',#2415,1.);
#2415 = DIRECTION('',(-0.,1.,0.));
#2416 = PLANE('',#2417);
#2417 = AXIS2_PLACEMENT_3D('',#2418,#2419,#2420);
#2418 = CARTESIAN_POINT('',(2.4,0.7,0.));
#2419 = DIRECTION('',(1.,0.,-0.));
#2420 = DIRECTION('',(0.,0.,1.));
#2421 = ADVANCED_FACE('',(#2422),#2438,.F.);
#2422 = FACE_BOUND('',#2423,.F.);
#2423 = EDGE_LOOP('',(#2424,#2430,#2431,#2437));
#2424 = ORIENTED_EDGE('',*,*,#2425,.F.);
#2425 = EDGE_CURVE('',#2346,#2386,#2426,.T.);
#2426 = LINE('',#2427,#2428);
#2427 = CARTESIAN_POINT('',(1.3,0.7,0.));
#2428 = VECTOR('',#2429,1.);
#2429 = DIRECTION('',(1.,0.,-0.));
#2430 = ORIENTED_EDGE('',*,*,#2345,.T.);
#2431 = ORIENTED_EDGE('',*,*,#2432,.T.);
#2432 = EDGE_CURVE('',#2348,#2388,#2433,.T.);
#2433 = LINE('',#2434,#2435);
#2434 = CARTESIAN_POINT('',(1.3,0.7,3.E-02));
#2435 = VECTOR('',#2436,1.);
#2436 = DIRECTION('',(1.,0.,-0.));
#2437 = ORIENTED_EDGE('',*,*,#2385,.F.);
#2438 = PLANE('',#2439);
#2439 = AXIS2_PLACEMENT_3D('',#2440,#2441,#2442);
#2440 = CARTESIAN_POINT('',(1.3,0.7,0.));
#2441 = DIRECTION('',(-0.,1.,0.));
#2442 = DIRECTION('',(0.,0.,1.));
#2443 = ADVANCED_FACE('',(#2444),#2460,.T.);
#2444 = FACE_BOUND('',#2445,.T.);
#2445 = EDGE_LOOP('',(#2446,#2452,#2453,#2459));
#2446 = ORIENTED_EDGE('',*,*,#2447,.F.);
#2447 = EDGE_CURVE('',#2356,#2396,#2448,.T.);
#2448 = LINE('',#2449,#2450);
#2449 = CARTESIAN_POINT('',(1.3,1.5,0.));
#2450 = VECTOR('',#2451,1.);
#2451 = DIRECTION('',(1.,0.,-0.));
#2452 = ORIENTED_EDGE('',*,*,#2363,.T.);
#2453 = ORIENTED_EDGE('',*,*,#2454,.T.);
#2454 = EDGE_CURVE('',#2364,#2404,#2455,.T.);
#2455 = LINE('',#2456,#2457);
#2456 = CARTESIAN_POINT('',(1.3,1.5,3.E-02));
#2457 = VECTOR('',#2458,1.);
#2458 = DIRECTION('',(1.,0.,-0.));
#2459 = ORIENTED_EDGE('',*,*,#2403,.F.);
#2460 = PLANE('',#2461);
#2461 = AXIS2_PLACEMENT_3D('',#2462,#2463,#2464);
#2462 = CARTESIAN_POINT('',(1.3,1.5,0.));
#2463 = DIRECTION('',(-0.,1.,0.));
#2464 = DIRECTION('',(0.,0.,1.));
#2465 = ADVANCED_FACE('',(#2466),#2472,.F.);
#2466 = FACE_BOUND('',#2467,.F.);
#2467 = EDGE_LOOP('',(#2468,#2469,#2470,#2471));
#2468 = ORIENTED_EDGE('',*,*,#2355,.F.);
#2469 = ORIENTED_EDGE('',*,*,#2425,.T.);
#2470 = ORIENTED_EDGE('',*,*,#2395,.T.);
#2471 = ORIENTED_EDGE('',*,*,#2447,.F.);
#2472 = PLANE('',#2473);
#2473 = AXIS2_PLACEMENT_3D('',#2474,#2475,#2476);
#2474 = CARTESIAN_POINT('',(1.3,0.7,0.));
#2475 = DIRECTION('',(0.,0.,1.));
#2476 = DIRECTION('',(1.,0.,-0.));
#2477 = ADVANCED_FACE('',(#2478),#2484,.T.);
#2478 = FACE_BOUND('',#2479,.T.);
#2479 = EDGE_LOOP('',(#2480,#2481,#2482,#2483));
#2480 = ORIENTED_EDGE('',*,*,#2371,.F.);
#2481 = ORIENTED_EDGE('',*,*,#2432,.T.);
#2482 = ORIENTED_EDGE('',*,*,#2411,.T.);
#2483 = ORIENTED_EDGE('',*,*,#2454,.F.);
#2484 = PLANE('',#2485);
#2485 = AXIS2_PLACEMENT_3D('',#2486,#2487,#2488);
#2486 = CARTESIAN_POINT('',(1.3,0.7,3.E-02));
#2487 = DIRECTION('',(0.,0.,1.));
#2488 = DIRECTION('',(1.,0.,-0.));
#2489 = ( GEOMETRIC_REPRESENTATION_CONTEXT(3) 
GLOBAL_UNCERTAINTY_ASSIGNED_CONTEXT((#2493)) 
GLOBAL_UNIT_ASSIGNED_CONTEXT((#2490,#2491,#2492)) REPRESENTATION_CONTEXT
('Context #1','3D Context with UNIT and UNCERTAINTY') );
#2490 = ( LENGTH_UNIT() NAMED_UNIT(*) SI_UNIT(.MILLI.,.METRE.) );
#2491 = ( NAMED_UNIT(*) PLANE_ANGLE_UNIT() SI_UNIT($,.RADIAN.) );
#2492 = ( NAMED_UNIT(*) SI_UNIT($,.STERADIAN.) SOLID_ANGLE_UNIT() );
#2493 = UNCERTAINTY_MEASURE_WITH_UNIT(LENGTH_MEASURE(1.E-07),#2490,
  'distance_accuracy_value','confusion accuracy');
#2494 = CONTEXT_DEPENDENT_SHAPE_REPRESENTATION(#2495,#2497);
#2495 = ( REPRESENTATION_RELATIONSHIP('','',#2338,#10) 
REPRESENTATION_RELATIONSHIP_WITH_TRANSFORMATION(#2496) 
SHAPE_REPRESENTATION_RELATIONSHIP() );
#2496 = ITEM_DEFINED_TRANSFORMATION('','',#11,#35);
#2497 = PRODUCT_DEFINITION_SHAPE('Placement','Placement of an item',
  #2498);
#2498 = NEXT_ASSEMBLY_USAGE_OCCURRENCE('72','Gold_terminal_3','',#5,
  #2333,$);
#2499 = PRODUCT_RELATED_PRODUCT_CATEGORY('part',$,(#2335));
#2500 = SHAPE_DEFINITION_REPRESENTATION(#2501,#2507);
#2501 = PRODUCT_DEFINITION_SHAPE('','',#2502);
#2502 = PRODUCT_DEFINITION('design','',#2503,#2506);
#2503 = PRODUCT_DEFINITION_FORMATION('','',#2504);
#2504 = PRODUCT('Gold_terminal_4','Gold_terminal_4','',(#2505));
#2505 = PRODUCT_CONTEXT('',#2,'mechanical');
#2506 = PRODUCT_DEFINITION_CONTEXT('part definition',#2,'design');
#2507 = ADVANCED_BREP_SHAPE_REPRESENTATION('',(#11,#2508),#2658);
#2508 = MANIFOLD_SOLID_BREP('',#2509);
#2509 = CLOSED_SHELL('',(#2510,#2550,#2590,#2612,#2634,#2646));
#2510 = ADVANCED_FACE('',(#2511),#2545,.F.);
#2511 = FACE_BOUND('',#2512,.F.);
#2512 = EDGE_LOOP('',(#2513,#2523,#2531,#2539));
#2513 = ORIENTED_EDGE('',*,*,#2514,.F.);
#2514 = EDGE_CURVE('',#2515,#2517,#2519,.T.);
#2515 = VERTEX_POINT('',#2516);
#2516 = CARTESIAN_POINT('',(-2.4,0.7,0.));
#2517 = VERTEX_POINT('',#2518);
#2518 = CARTESIAN_POINT('',(-2.4,0.7,3.E-02));
#2519 = LINE('',#2520,#2521);
#2520 = CARTESIAN_POINT('',(-2.4,0.7,0.));
#2521 = VECTOR('',#2522,1.);
#2522 = DIRECTION('',(0.,0.,1.));
#2523 = ORIENTED_EDGE('',*,*,#2524,.T.);
#2524 = EDGE_CURVE('',#2515,#2525,#2527,.T.);
#2525 = VERTEX_POINT('',#2526);
#2526 = CARTESIAN_POINT('',(-2.4,1.5,0.));
#2527 = LINE('',#2528,#2529);
#2528 = CARTESIAN_POINT('',(-2.4,0.7,0.));
#2529 = VECTOR('',#2530,1.);
#2530 = DIRECTION('',(-0.,1.,0.));
#2531 = ORIENTED_EDGE('',*,*,#2532,.T.);
#2532 = EDGE_CURVE('',#2525,#2533,#2535,.T.);
#2533 = VERTEX_POINT('',#2534);
#2534 = CARTESIAN_POINT('',(-2.4,1.5,3.E-02));
#2535 = LINE('',#2536,#2537);
#2536 = CARTESIAN_POINT('',(-2.4,1.5,0.));
#2537 = VECTOR('',#2538,1.);
#2538 = DIRECTION('',(0.,0.,1.));
#2539 = ORIENTED_EDGE('',*,*,#2540,.F.);
#2540 = EDGE_CURVE('',#2517,#2533,#2541,.T.);
#2541 = LINE('',#2542,#2543);
#2542 = CARTESIAN_POINT('',(-2.4,0.7,3.E-02));
#2543 = VECTOR('',#2544,1.);
#2544 = DIRECTION('',(-0.,1.,0.));
#2545 = PLANE('',#2546);
#2546 = AXIS2_PLACEMENT_3D('',#2547,#2548,#2549);
#2547 = CARTESIAN_POINT('',(-2.4,0.7,0.));
#2548 = DIRECTION('',(1.,0.,-0.));
#2549 = DIRECTION('',(0.,0.,1.));
#2550 = ADVANCED_FACE('',(#2551),#2585,.T.);
#2551 = FACE_BOUND('',#2552,.T.);
#2552 = EDGE_LOOP('',(#2553,#2563,#2571,#2579));
#2553 = ORIENTED_EDGE('',*,*,#2554,.F.);
#2554 = EDGE_CURVE('',#2555,#2557,#2559,.T.);
#2555 = VERTEX_POINT('',#2556);
#2556 = CARTESIAN_POINT('',(-1.3,0.7,0.));
#2557 = VERTEX_POINT('',#2558);
#2558 = CARTESIAN_POINT('',(-1.3,0.7,3.E-02));
#2559 = LINE('',#2560,#2561);
#2560 = CARTESIAN_POINT('',(-1.3,0.7,0.));
#2561 = VECTOR('',#2562,1.);
#2562 = DIRECTION('',(0.,0.,1.));
#2563 = ORIENTED_EDGE('',*,*,#2564,.T.);
#2564 = EDGE_CURVE('',#2555,#2565,#2567,.T.);
#2565 = VERTEX_POINT('',#2566);
#2566 = CARTESIAN_POINT('',(-1.3,1.5,0.));
#2567 = LINE('',#2568,#2569);
#2568 = CARTESIAN_POINT('',(-1.3,0.7,0.));
#2569 = VECTOR('',#2570,1.);
#2570 = DIRECTION('',(-0.,1.,0.));
#2571 = ORIENTED_EDGE('',*,*,#2572,.T.);
#2572 = EDGE_CURVE('',#2565,#2573,#2575,.T.);
#2573 = VERTEX_POINT('',#2574);
#2574 = CARTESIAN_POINT('',(-1.3,1.5,3.E-02));
#2575 = LINE('',#2576,#2577);
#2576 = CARTESIAN_POINT('',(-1.3,1.5,0.));
#2577 = VECTOR('',#2578,1.);
#2578 = DIRECTION('',(0.,0.,1.));
#2579 = ORIENTED_EDGE('',*,*,#2580,.F.);
#2580 = EDGE_CURVE('',#2557,#2573,#2581,.T.);
#2581 = LINE('',#2582,#2583);
#2582 = CARTESIAN_POINT('',(-1.3,0.7,3.E-02));
#2583 = VECTOR('',#2584,1.);
#2584 = DIRECTION('',(-0.,1.,0.));
#2585 = PLANE('',#2586);
#2586 = AXIS2_PLACEMENT_3D('',#2587,#2588,#2589);
#2587 = CARTESIAN_POINT('',(-1.3,0.7,0.));
#2588 = DIRECTION('',(1.,0.,-0.));
#2589 = DIRECTION('',(0.,0.,1.));
#2590 = ADVANCED_FACE('',(#2591),#2607,.F.);
#2591 = FACE_BOUND('',#2592,.F.);
#2592 = EDGE_LOOP('',(#2593,#2599,#2600,#2606));
#2593 = ORIENTED_EDGE('',*,*,#2594,.F.);
#2594 = EDGE_CURVE('',#2515,#2555,#2595,.T.);
#2595 = LINE('',#2596,#2597);
#2596 = CARTESIAN_POINT('',(-2.4,0.7,0.));
#2597 = VECTOR('',#2598,1.);
#2598 = DIRECTION('',(1.,0.,-0.));
#2599 = ORIENTED_EDGE('',*,*,#2514,.T.);
#2600 = ORIENTED_EDGE('',*,*,#2601,.T.);
#2601 = EDGE_CURVE('',#2517,#2557,#2602,.T.);
#2602 = LINE('',#2603,#2604);
#2603 = CARTESIAN_POINT('',(-2.4,0.7,3.E-02));
#2604 = VECTOR('',#2605,1.);
#2605 = DIRECTION('',(1.,0.,-0.));
#2606 = ORIENTED_EDGE('',*,*,#2554,.F.);
#2607 = PLANE('',#2608);
#2608 = AXIS2_PLACEMENT_3D('',#2609,#2610,#2611);
#2609 = CARTESIAN_POINT('',(-2.4,0.7,0.));
#2610 = DIRECTION('',(-0.,1.,0.));
#2611 = DIRECTION('',(0.,0.,1.));
#2612 = ADVANCED_FACE('',(#2613),#2629,.T.);
#2613 = FACE_BOUND('',#2614,.T.);
#2614 = EDGE_LOOP('',(#2615,#2621,#2622,#2628));
#2615 = ORIENTED_EDGE('',*,*,#2616,.F.);
#2616 = EDGE_CURVE('',#2525,#2565,#2617,.T.);
#2617 = LINE('',#2618,#2619);
#2618 = CARTESIAN_POINT('',(-2.4,1.5,0.));
#2619 = VECTOR('',#2620,1.);
#2620 = DIRECTION('',(1.,0.,-0.));
#2621 = ORIENTED_EDGE('',*,*,#2532,.T.);
#2622 = ORIENTED_EDGE('',*,*,#2623,.T.);
#2623 = EDGE_CURVE('',#2533,#2573,#2624,.T.);
#2624 = LINE('',#2625,#2626);
#2625 = CARTESIAN_POINT('',(-2.4,1.5,3.E-02));
#2626 = VECTOR('',#2627,1.);
#2627 = DIRECTION('',(1.,0.,-0.));
#2628 = ORIENTED_EDGE('',*,*,#2572,.F.);
#2629 = PLANE('',#2630);
#2630 = AXIS2_PLACEMENT_3D('',#2631,#2632,#2633);
#2631 = CARTESIAN_POINT('',(-2.4,1.5,0.));
#2632 = DIRECTION('',(-0.,1.,0.));
#2633 = DIRECTION('',(0.,0.,1.));
#2634 = ADVANCED_FACE('',(#2635),#2641,.F.);
#2635 = FACE_BOUND('',#2636,.F.);
#2636 = EDGE_LOOP('',(#2637,#2638,#2639,#2640));
#2637 = ORIENTED_EDGE('',*,*,#2524,.F.);
#2638 = ORIENTED_EDGE('',*,*,#2594,.T.);
#2639 = ORIENTED_EDGE('',*,*,#2564,.T.);
#2640 = ORIENTED_EDGE('',*,*,#2616,.F.);
#2641 = PLANE('',#2642);
#2642 = AXIS2_PLACEMENT_3D('',#2643,#2644,#2645);
#2643 = CARTESIAN_POINT('',(-2.4,0.7,0.));
#2644 = DIRECTION('',(0.,0.,1.));
#2645 = DIRECTION('',(1.,0.,-0.));
#2646 = ADVANCED_FACE('',(#2647),#2653,.T.);
#2647 = FACE_BOUND('',#2648,.T.);
#2648 = EDGE_LOOP('',(#2649,#2650,#2651,#2652));
#2649 = ORIENTED_EDGE('',*,*,#2540,.F.);
#2650 = ORIENTED_EDGE('',*,*,#2601,.T.);
#2651 = ORIENTED_EDGE('',*,*,#2580,.T.);
#2652 = ORIENTED_EDGE('',*,*,#2623,.F.);
#2653 = PLANE('',#2654);
#2654 = AXIS2_PLACEMENT_3D('',#2655,#2656,#2657);
#2655 = CARTESIAN_POINT('',(-2.4,0.7,3.E-02));
#2656 = DIRECTION('',(0.,0.,1.));
#2657 = DIRECTION('',(1.,0.,-0.));
#2658 = ( GEOMETRIC_REPRESENTATION_CONTEXT(3) 
GLOBAL_UNCERTAINTY_ASSIGNED_CONTEXT((#2662)) 
GLOBAL_UNIT_ASSIGNED_CONTEXT((#2659,#2660,#2661)) REPRESENTATION_CONTEXT
('Context #1','3D Context with UNIT and UNCERTAINTY') );
#2659 = ( LENGTH_UNIT() NAMED_UNIT(*) SI_UNIT(.MILLI.,.METRE.) );
#2660 = ( NAMED_UNIT(*) PLANE_ANGLE_UNIT() SI_UNIT($,.RADIAN.) );
#2661 = ( NAMED_UNIT(*) SI_UNIT($,.STERADIAN.) SOLID_ANGLE_UNIT() );
#2662 = UNCERTAINTY_MEASURE_WITH_UNIT(LENGTH_MEASURE(1.E-07),#2659,
  'distance_accuracy_value','confusion accuracy');
#2663 = CONTEXT_DEPENDENT_SHAPE_REPRESENTATION(#2664,#2666);
#2664 = ( REPRESENTATION_RELATIONSHIP('','',#2507,#10) 
REPRESENTATION_RELATIONSHIP_WITH_TRANSFORMATION(#2665) 
SHAPE_REPRESENTATION_RELATIONSHIP() );
#2665 = ITEM_DEFINED_TRANSFORMATION('','',#11,#39);
#2666 = PRODUCT_DEFINITION_SHAPE('Placement','Placement of an item',
  #2667);
#2667 = NEXT_ASSEMBLY_USAGE_OCCURRENCE('73','Gold_terminal_4','',#5,
  #2502,$);
#2668 = PRODUCT_RELATED_PRODUCT_CATEGORY('part',$,(#2504));
#2669 = MECHANICAL_DESIGN_GEOMETRIC_PRESENTATION_REPRESENTATION('',(
    #2670),#2489);
#2670 = STYLED_ITEM('color',(#2671),#2339);
#2671 = PRESENTATION_STYLE_ASSIGNMENT((#2672,#2678));
#2672 = SURFACE_STYLE_USAGE(.BOTH.,#2673);
#2673 = SURFACE_SIDE_STYLE('',(#2674));
#2674 = SURFACE_STYLE_FILL_AREA(#2675);
#2675 = FILL_AREA_STYLE('',(#2676));
#2676 = FILL_AREA_STYLE_COLOUR('',#2677);
#2677 = COLOUR_RGB('',0.730000014984,0.569999999601,0.27999999963);
#2678 = CURVE_STYLE('',#2679,POSITIVE_LENGTH_MEASURE(0.1),#2677);
#2679 = DRAUGHTING_PRE_DEFINED_CURVE_FONT('continuous');
#2680 = MECHANICAL_DESIGN_GEOMETRIC_PRESENTATION_REPRESENTATION('',(
    #2681),#2320);
#2681 = STYLED_ITEM('color',(#2682),#2170);
#2682 = PRESENTATION_STYLE_ASSIGNMENT((#2683,#2688));
#2683 = SURFACE_STYLE_USAGE(.BOTH.,#2684);
#2684 = SURFACE_SIDE_STYLE('',(#2685));
#2685 = SURFACE_STYLE_FILL_AREA(#2686);
#2686 = FILL_AREA_STYLE('',(#2687));
#2687 = FILL_AREA_STYLE_COLOUR('',#2677);
#2688 = CURVE_STYLE('',#2689,POSITIVE_LENGTH_MEASURE(0.1),#2677);
#2689 = DRAUGHTING_PRE_DEFINED_CURVE_FONT('continuous');
#2690 = MECHANICAL_DESIGN_GEOMETRIC_PRESENTATION_REPRESENTATION('',(
    #2691),#2658);
#2691 = STYLED_ITEM('color',(#2692),#2508);
#2692 = PRESENTATION_STYLE_ASSIGNMENT((#2693,#2698));
#2693 = SURFACE_STYLE_USAGE(.BOTH.,#2694);
#2694 = SURFACE_SIDE_STYLE('',(#2695));
#2695 = SURFACE_STYLE_FILL_AREA(#2696);
#2696 = FILL_AREA_STYLE('',(#2697));
#2697 = FILL_AREA_STYLE_COLOUR('',#2677);
#2698 = CURVE_STYLE('',#2699,POSITIVE_LENGTH_MEASURE(0.1),#2677);
#2699 = DRAUGHTING_PRE_DEFINED_CURVE_FONT('continuous');
#2700 = MECHANICAL_DESIGN_GEOMETRIC_PRESENTATION_REPRESENTATION('',(
    #2701),#1949);
#2701 = STYLED_ITEM('color',(#2702),#1331);
#2702 = PRESENTATION_STYLE_ASSIGNMENT((#2703,#2709));
#2703 = SURFACE_STYLE_USAGE(.BOTH.,#2704);
#2704 = SURFACE_SIDE_STYLE('',(#2705));
#2705 = SURFACE_STYLE_FILL_AREA(#2706);
#2706 = FILL_AREA_STYLE('',(#2707));
#2707 = FILL_AREA_STYLE_COLOUR('',#2708);
#2708 = COLOUR_RGB('',0.690000002877,0.709999976869,0.730000014984);
#2709 = CURVE_STYLE('',#2710,POSITIVE_LENGTH_MEASURE(0.1),#2708);
#2710 = DRAUGHTING_PRE_DEFINED_CURVE_FONT('continuous');
#2711 = MECHANICAL_DESIGN_GEOMETRIC_PRESENTATION_REPRESENTATION('',(
    #2712),#1312);
#2712 = STYLED_ITEM('color',(#2713),#694);
#2713 = PRESENTATION_STYLE_ASSIGNMENT((#2714,#2720));
#2714 = SURFACE_STYLE_USAGE(.BOTH.,#2715);
#2715 = SURFACE_SIDE_STYLE('',(#2716));
#2716 = SURFACE_STYLE_FILL_AREA(#2717);
#2717 = FILL_AREA_STYLE('',(#2718));
#2718 = FILL_AREA_STYLE_COLOUR('',#2719);
#2719 = COLOUR_RGB('',0.730000014984,0.750000000934,0.779999965419);
#2720 = CURVE_STYLE('',#2721,POSITIVE_LENGTH_MEASURE(0.1),#2719);
#2721 = DRAUGHTING_PRE_DEFINED_CURVE_FONT('continuous');
#2722 = MECHANICAL_DESIGN_GEOMETRIC_PRESENTATION_REPRESENTATION('',(
    #2723),#2151);
#2723 = STYLED_ITEM('color',(#2724),#1968);
#2724 = PRESENTATION_STYLE_ASSIGNMENT((#2725,#2730));
#2725 = SURFACE_STYLE_USAGE(.BOTH.,#2726);
#2726 = SURFACE_SIDE_STYLE('',(#2727));
#2727 = SURFACE_STYLE_FILL_AREA(#2728);
#2728 = FILL_AREA_STYLE('',(#2729));
#2729 = FILL_AREA_STYLE_COLOUR('',#2677);
#2730 = CURVE_STYLE('',#2731,POSITIVE_LENGTH_MEASURE(0.1),#2677);
#2731 = DRAUGHTING_PRE_DEFINED_CURVE_FONT('continuous');
#2732 = MECHANICAL_DESIGN_GEOMETRIC_PRESENTATION_REPRESENTATION('',(
    #2733),#675);
#2733 = STYLED_ITEM('color',(#2734),#57);
#2734 = PRESENTATION_STYLE_ASSIGNMENT((#2735,#2741));
#2735 = SURFACE_STYLE_USAGE(.BOTH.,#2736);
#2736 = SURFACE_SIDE_STYLE('',(#2737));
#2737 = SURFACE_STYLE_FILL_AREA(#2738);
#2738 = FILL_AREA_STYLE('',(#2739));
#2739 = FILL_AREA_STYLE_COLOUR('',#2740);
#2740 = COLOUR_RGB('',0.27999999963,0.28999998818,0.300000011149);
#2741 = CURVE_STYLE('',#2742,POSITIVE_LENGTH_MEASURE(0.1),#2740);
#2742 = DRAUGHTING_PRE_DEFINED_CURVE_FONT('continuous');
ENDSEC;
END-ISO-10303-21;
