ISO-10303-21;
HEADER;
FILE_DESCRIPTION(('FreeCAD Model'),'2;1');
FILE_NAME('Open CASCADE Shape Model','2026-10-03T19:11:11',('Author'),(
    ''),'Open CASCADE STEP processor 7.8','FreeCAD','Unknown');
FILE_SCHEMA(('AUTOMOTIVE_DESIGN { 1 0 10303 214 1 1 1 1 }'));
ENDSEC;
DATA;
#1 = APPLICATION_PROTOCOL_DEFINITION('international standard',
  'automotive_design',2000,#2);
#2 = APPLICATION_CONTEXT(
  'core data for automotive mechanical design processes');
#3 = SHAPE_DEFINITION_REPRESENTATION(#4,#10);
#4 = PRODUCT_DEFINITION_SHAPE('','',#5);
#5 = PRODUCT_DEFINITION('design','',#6,#9);
#6 = PRODUCT_DEFINITION_FORMATION('','',#7);
#7 = PRODUCT('XUNPU_USB_B10_BRW_display','XUNPU_USB_B10_BRW_display','',
  (#8));
#8 = PRODUCT_CONTEXT('',#2,'mechanical');
#9 = PRODUCT_DEFINITION_CONTEXT('part definition',#2,'design');
#10 = SHAPE_REPRESENTATION('',(#11,#15,#19,#23,#27,#31,#35,#39,#43,#47,
    #51,#55,#59,#63),#67);
#11 = AXIS2_PLACEMENT_3D('',#12,#13,#14);
#12 = CARTESIAN_POINT('',(0.,0.,0.));
#13 = DIRECTION('',(0.,0.,1.));
#14 = DIRECTION('',(1.,0.,-0.));
#15 = AXIS2_PLACEMENT_3D('',#16,#17,#18);
#16 = CARTESIAN_POINT('',(0.,0.,0.3));
#17 = DIRECTION('',(0.,0.,1.));
#18 = DIRECTION('',(1.,0.,0.));
#19 = AXIS2_PLACEMENT_3D('',#20,#21,#22);
#20 = CARTESIAN_POINT('',(0.,0.,0.3));
#21 = DIRECTION('',(0.,0.,1.));
#22 = DIRECTION('',(1.,0.,0.));
#23 = AXIS2_PLACEMENT_3D('',#24,#25,#26);
#24 = CARTESIAN_POINT('',(0.,0.,0.3));
#25 = DIRECTION('',(0.,0.,1.));
#26 = DIRECTION('',(1.,0.,0.));
#27 = AXIS2_PLACEMENT_3D('',#28,#29,#30);
#28 = CARTESIAN_POINT('',(0.,0.,0.));
#29 = DIRECTION('',(0.,0.,1.));
#30 = DIRECTION('',(1.,0.,0.));
#31 = AXIS2_PLACEMENT_3D('',#32,#33,#34);
#32 = CARTESIAN_POINT('',(0.,0.,0.));
#33 = DIRECTION('',(0.,0.,1.));
#34 = DIRECTION('',(1.,0.,0.));
#35 = AXIS2_PLACEMENT_3D('',#36,#37,#38);
#36 = CARTESIAN_POINT('',(0.,0.,0.));
#37 = DIRECTION('',(0.,0.,1.));
#38 = DIRECTION('',(1.,0.,0.));
#39 = AXIS2_PLACEMENT_3D('',#40,#41,#42);
#40 = CARTESIAN_POINT('',(0.,0.,0.));
#41 = DIRECTION('',(0.,0.,1.));
#42 = DIRECTION('',(1.,0.,0.));
#43 = AXIS2_PLACEMENT_3D('',#44,#45,#46);
#44 = CARTESIAN_POINT('',(0.,0.,0.));
#45 = DIRECTION('',(0.,0.,1.));
#46 = DIRECTION('',(1.,0.,0.));
#47 = AXIS2_PLACEMENT_3D('',#48,#49,#50);
#48 = CARTESIAN_POINT('',(0.,0.,0.));
#49 = DIRECTION('',(0.,0.,1.));
#50 = DIRECTION('',(1.,0.,0.));
#51 = AXIS2_PLACEMENT_3D('',#52,#53,#54);
#52 = CARTESIAN_POINT('',(0.,0.,0.3));
#53 = DIRECTION('',(0.,0.,1.));
#54 = DIRECTION('',(1.,0.,0.));
#55 = AXIS2_PLACEMENT_3D('',#56,#57,#58);
#56 = CARTESIAN_POINT('',(0.,0.,0.3));
#57 = DIRECTION('',(0.,0.,1.));
#58 = DIRECTION('',(1.,0.,0.));
#59 = AXIS2_PLACEMENT_3D('',#60,#61,#62);
#60 = CARTESIAN_POINT('',(0.,0.,0.3));
#61 = DIRECTION('',(0.,0.,1.));
#62 = DIRECTION('',(1.,0.,0.));
#63 = AXIS2_PLACEMENT_3D('',#64,#65,#66);
#64 = CARTESIAN_POINT('',(0.,0.,0.3));
#65 = DIRECTION('',(0.,0.,1.));
#66 = DIRECTION('',(1.,0.,0.));
#67 = ( GEOMETRIC_REPRESENTATION_CONTEXT(3) 
GLOBAL_UNCERTAINTY_ASSIGNED_CONTEXT((#71)) GLOBAL_UNIT_ASSIGNED_CONTEXT(
(#68,#69,#70)) REPRESENTATION_CONTEXT('Context #1',
  '3D Context with UNIT and UNCERTAINTY') );
#68 = ( LENGTH_UNIT() NAMED_UNIT(*) SI_UNIT(.MILLI.,.METRE.) );
#69 = ( NAMED_UNIT(*) PLANE_ANGLE_UNIT() SI_UNIT($,.RADIAN.) );
#70 = ( NAMED_UNIT(*) SI_UNIT($,.STERADIAN.) SOLID_ANGLE_UNIT() );
#71 = UNCERTAINTY_MEASURE_WITH_UNIT(LENGTH_MEASURE(1.E-07),#68,
  'distance_accuracy_value','confusion accuracy');
#72 = PRODUCT_RELATED_PRODUCT_CATEGORY('part',$,(#7));
#73 = SHAPE_DEFINITION_REPRESENTATION(#74,#80);
#74 = PRODUCT_DEFINITION_SHAPE('','',#75);
#75 = PRODUCT_DEFINITION('design','',#76,#79);
#76 = PRODUCT_DEFINITION_FORMATION('','',#77);
#77 = PRODUCT('shell','shell','',(#78));
#78 = PRODUCT_CONTEXT('',#2,'mechanical');
#79 = PRODUCT_DEFINITION_CONTEXT('part definition',#2,'design');
#80 = ADVANCED_BREP_SHAPE_REPRESENTATION('',(#11,#81),#439);
#81 = MANIFOLD_SOLID_BREP('',#82);
#82 = CLOSED_SHELL('',(#83,#123,#154,#178,#202,#219,#281,#312,#336,#360,
    #384,#408,#425));
#83 = ADVANCED_FACE('',(#84),#118,.F.);
#84 = FACE_BOUND('',#85,.F.);
#85 = EDGE_LOOP('',(#86,#96,#104,#112));
#86 = ORIENTED_EDGE('',*,*,#87,.F.);
#87 = EDGE_CURVE('',#88,#90,#92,.T.);
#88 = VERTEX_POINT('',#89);
#89 = CARTESIAN_POINT('',(-1.24,-7.25,0.));
#90 = VERTEX_POINT('',#91);
#91 = CARTESIAN_POINT('',(-1.24,-7.25,10.6));
#92 = LINE('',#93,#94);
#93 = CARTESIAN_POINT('',(-1.24,-7.25,0.));
#94 = VECTOR('',#95,1.);
#95 = DIRECTION('',(0.,0.,1.));
#96 = ORIENTED_EDGE('',*,*,#97,.T.);
#97 = EDGE_CURVE('',#88,#98,#100,.T.);
#98 = VERTEX_POINT('',#99);
#99 = CARTESIAN_POINT('',(-1.24,4.75,0.));
#100 = LINE('',#101,#102);
#101 = CARTESIAN_POINT('',(-1.24,-7.25,0.));
#102 = VECTOR('',#103,1.);
#103 = DIRECTION('',(0.,1.,0.));
#104 = ORIENTED_EDGE('',*,*,#105,.T.);
#105 = EDGE_CURVE('',#98,#106,#108,.T.);
#106 = VERTEX_POINT('',#107);
#107 = CARTESIAN_POINT('',(-1.24,4.75,10.6));
#108 = LINE('',#109,#110);
#109 = CARTESIAN_POINT('',(-1.24,4.75,0.));
#110 = VECTOR('',#111,1.);
#111 = DIRECTION('',(0.,0.,1.));
#112 = ORIENTED_EDGE('',*,*,#113,.F.);
#113 = EDGE_CURVE('',#90,#106,#114,.T.);
#114 = LINE('',#115,#116);
#115 = CARTESIAN_POINT('',(-1.24,-7.25,10.6));
#116 = VECTOR('',#117,1.);
#117 = DIRECTION('',(0.,1.,0.));
#118 = PLANE('',#119);
#119 = AXIS2_PLACEMENT_3D('',#120,#121,#122);
#120 = CARTESIAN_POINT('',(-1.24,-7.25,0.));
#121 = DIRECTION('',(1.,0.,0.));
#122 = DIRECTION('',(0.,0.,1.));
#123 = ADVANCED_FACE('',(#124),#149,.F.);
#124 = FACE_BOUND('',#125,.F.);
#125 = EDGE_LOOP('',(#126,#134,#135,#143));
#126 = ORIENTED_EDGE('',*,*,#127,.F.);
#127 = EDGE_CURVE('',#88,#128,#130,.T.);
#128 = VERTEX_POINT('',#129);
#129 = CARTESIAN_POINT('',(15.06,-7.25,0.));
#130 = LINE('',#131,#132);
#131 = CARTESIAN_POINT('',(-1.24,-7.25,0.));
#132 = VECTOR('',#133,1.);
#133 = DIRECTION('',(1.,0.,0.));
#134 = ORIENTED_EDGE('',*,*,#87,.T.);
#135 = ORIENTED_EDGE('',*,*,#136,.T.);
#136 = EDGE_CURVE('',#90,#137,#139,.T.);
#137 = VERTEX_POINT('',#138);
#138 = CARTESIAN_POINT('',(15.06,-7.25,10.6));
#139 = LINE('',#140,#141);
#140 = CARTESIAN_POINT('',(-1.24,-7.25,10.6));
#141 = VECTOR('',#142,1.);
#142 = DIRECTION('',(1.,0.,0.));
#143 = ORIENTED_EDGE('',*,*,#144,.F.);
#144 = EDGE_CURVE('',#128,#137,#145,.T.);
#145 = LINE('',#146,#147);
#146 = CARTESIAN_POINT('',(15.06,-7.25,0.));
#147 = VECTOR('',#148,1.);
#148 = DIRECTION('',(0.,0.,1.));
#149 = PLANE('',#150);
#150 = AXIS2_PLACEMENT_3D('',#151,#152,#153);
#151 = CARTESIAN_POINT('',(-1.24,-7.25,0.));
#152 = DIRECTION('',(0.,1.,0.));
#153 = DIRECTION('',(0.,-0.,1.));
#154 = ADVANCED_FACE('',(#155),#173,.T.);
#155 = FACE_BOUND('',#156,.T.);
#156 = EDGE_LOOP('',(#157,#158,#159,#167));
#157 = ORIENTED_EDGE('',*,*,#113,.F.);
#158 = ORIENTED_EDGE('',*,*,#136,.T.);
#159 = ORIENTED_EDGE('',*,*,#160,.T.);
#160 = EDGE_CURVE('',#137,#161,#163,.T.);
#161 = VERTEX_POINT('',#162);
#162 = CARTESIAN_POINT('',(15.06,4.75,10.6));
#163 = LINE('',#164,#165);
#164 = CARTESIAN_POINT('',(15.06,-7.25,10.6));
#165 = VECTOR('',#166,1.);
#166 = DIRECTION('',(0.,1.,0.));
#167 = ORIENTED_EDGE('',*,*,#168,.F.);
#168 = EDGE_CURVE('',#106,#161,#169,.T.);
#169 = LINE('',#170,#171);
#170 = CARTESIAN_POINT('',(-1.24,4.75,10.6));
#171 = VECTOR('',#172,1.);
#172 = DIRECTION('',(1.,0.,0.));
#173 = PLANE('',#174);
#174 = AXIS2_PLACEMENT_3D('',#175,#176,#177);
#175 = CARTESIAN_POINT('',(-1.24,-7.25,10.6));
#176 = DIRECTION('',(0.,0.,1.));
#177 = DIRECTION('',(1.,0.,-0.));
#178 = ADVANCED_FACE('',(#179),#197,.T.);
#179 = FACE_BOUND('',#180,.T.);
#180 = EDGE_LOOP('',(#181,#189,#190,#191));
#181 = ORIENTED_EDGE('',*,*,#182,.F.);
#182 = EDGE_CURVE('',#98,#183,#185,.T.);
#183 = VERTEX_POINT('',#184);
#184 = CARTESIAN_POINT('',(15.06,4.75,0.));
#185 = LINE('',#186,#187);
#186 = CARTESIAN_POINT('',(-1.24,4.75,0.));
#187 = VECTOR('',#188,1.);
#188 = DIRECTION('',(1.,0.,0.));
#189 = ORIENTED_EDGE('',*,*,#105,.T.);
#190 = ORIENTED_EDGE('',*,*,#168,.T.);
#191 = ORIENTED_EDGE('',*,*,#192,.F.);
#192 = EDGE_CURVE('',#183,#161,#193,.T.);
#193 = LINE('',#194,#195);
#194 = CARTESIAN_POINT('',(15.06,4.75,0.));
#195 = VECTOR('',#196,1.);
#196 = DIRECTION('',(0.,0.,1.));
#197 = PLANE('',#198);
#198 = AXIS2_PLACEMENT_3D('',#199,#200,#201);
#199 = CARTESIAN_POINT('',(-1.24,4.75,0.));
#200 = DIRECTION('',(0.,1.,0.));
#201 = DIRECTION('',(0.,-0.,1.));
#202 = ADVANCED_FACE('',(#203),#214,.F.);
#203 = FACE_BOUND('',#204,.F.);
#204 = EDGE_LOOP('',(#205,#206,#207,#213));
#205 = ORIENTED_EDGE('',*,*,#97,.F.);
#206 = ORIENTED_EDGE('',*,*,#127,.T.);
#207 = ORIENTED_EDGE('',*,*,#208,.T.);
#208 = EDGE_CURVE('',#128,#183,#209,.T.);
#209 = LINE('',#210,#211);
#210 = CARTESIAN_POINT('',(15.06,-7.25,0.));
#211 = VECTOR('',#212,1.);
#212 = DIRECTION('',(0.,1.,0.));
#213 = ORIENTED_EDGE('',*,*,#182,.F.);
#214 = PLANE('',#215);
#215 = AXIS2_PLACEMENT_3D('',#216,#217,#218);
#216 = CARTESIAN_POINT('',(-1.24,-7.25,0.));
#217 = DIRECTION('',(0.,0.,1.));
#218 = DIRECTION('',(1.,0.,-0.));
#219 = ADVANCED_FACE('',(#220,#226),#276,.T.);
#220 = FACE_BOUND('',#221,.T.);
#221 = EDGE_LOOP('',(#222,#223,#224,#225));
#222 = ORIENTED_EDGE('',*,*,#144,.F.);
#223 = ORIENTED_EDGE('',*,*,#208,.T.);
#224 = ORIENTED_EDGE('',*,*,#192,.T.);
#225 = ORIENTED_EDGE('',*,*,#160,.F.);
#226 = FACE_BOUND('',#227,.T.);
#227 = EDGE_LOOP('',(#228,#238,#246,#254,#262,#270));
#228 = ORIENTED_EDGE('',*,*,#229,.T.);
#229 = EDGE_CURVE('',#230,#232,#234,.T.);
#230 = VERTEX_POINT('',#231);
#231 = CARTESIAN_POINT('',(15.06,3.1,7.1));
#232 = VERTEX_POINT('',#233);
#233 = CARTESIAN_POINT('',(15.06,3.1,1.));
#234 = LINE('',#235,#236);
#235 = CARTESIAN_POINT('',(15.06,3.1,0.5));
#236 = VECTOR('',#237,1.);
#237 = DIRECTION('',(0.,0.,-1.));
#238 = ORIENTED_EDGE('',*,*,#239,.T.);
#239 = EDGE_CURVE('',#232,#240,#242,.T.);
#240 = VERTEX_POINT('',#241);
#241 = CARTESIAN_POINT('',(15.06,-5.6,1.));
#242 = LINE('',#243,#244);
#243 = CARTESIAN_POINT('',(15.06,-6.425,1.));
#244 = VECTOR('',#245,1.);
#245 = DIRECTION('',(0.,-1.,0.));
#246 = ORIENTED_EDGE('',*,*,#247,.T.);
#247 = EDGE_CURVE('',#240,#248,#250,.T.);
#248 = VERTEX_POINT('',#249);
#249 = CARTESIAN_POINT('',(15.06,-5.6,7.1));
#250 = LINE('',#251,#252);
#251 = CARTESIAN_POINT('',(15.06,-5.6,3.55));
#252 = VECTOR('',#253,1.);
#253 = DIRECTION('',(0.,-0.,1.));
#254 = ORIENTED_EDGE('',*,*,#255,.T.);
#255 = EDGE_CURVE('',#248,#256,#258,.T.);
#256 = VERTEX_POINT('',#257);
#257 = CARTESIAN_POINT('',(15.06,-4.05,8.65));
#258 = LINE('',#259,#260);
#259 = CARTESIAN_POINT('',(15.06,-7.0125,5.6875));
#260 = VECTOR('',#261,1.);
#261 = DIRECTION('',(-0.,0.707106781187,0.707106781187));
#262 = ORIENTED_EDGE('',*,*,#263,.T.);
#263 = EDGE_CURVE('',#256,#264,#266,.T.);
#264 = VERTEX_POINT('',#265);
#265 = CARTESIAN_POINT('',(15.06,1.55,8.65));
#266 = LINE('',#267,#268);
#267 = CARTESIAN_POINT('',(15.06,-2.85,8.65));
#268 = VECTOR('',#269,1.);
#269 = DIRECTION('',(-0.,1.,0.));
#270 = ORIENTED_EDGE('',*,*,#271,.T.);
#271 = EDGE_CURVE('',#264,#230,#272,.T.);
#272 = LINE('',#273,#274);
#273 = CARTESIAN_POINT('',(15.06,2.2875,7.9125));
#274 = VECTOR('',#275,1.);
#275 = DIRECTION('',(0.,0.707106781187,-0.707106781187));
#276 = PLANE('',#277);
#277 = AXIS2_PLACEMENT_3D('',#278,#279,#280);
#278 = CARTESIAN_POINT('',(15.06,-7.25,0.));
#279 = DIRECTION('',(1.,0.,0.));
#280 = DIRECTION('',(0.,0.,1.));
#281 = ADVANCED_FACE('',(#282),#307,.T.);
#282 = FACE_BOUND('',#283,.T.);
#283 = EDGE_LOOP('',(#284,#294,#300,#301));
#284 = ORIENTED_EDGE('',*,*,#285,.F.);
#285 = EDGE_CURVE('',#286,#288,#290,.T.);
#286 = VERTEX_POINT('',#287);
#287 = CARTESIAN_POINT('',(2.,3.1,1.));
#288 = VERTEX_POINT('',#289);
#289 = CARTESIAN_POINT('',(2.,3.1,7.1));
#290 = LINE('',#291,#292);
#291 = CARTESIAN_POINT('',(2.,3.1,1.));
#292 = VECTOR('',#293,1.);
#293 = DIRECTION('',(0.,0.,1.));
#294 = ORIENTED_EDGE('',*,*,#295,.T.);
#295 = EDGE_CURVE('',#286,#232,#296,.T.);
#296 = LINE('',#297,#298);
#297 = CARTESIAN_POINT('',(2.,3.1,1.));
#298 = VECTOR('',#299,1.);
#299 = DIRECTION('',(1.,0.,0.));
#300 = ORIENTED_EDGE('',*,*,#229,.F.);
#301 = ORIENTED_EDGE('',*,*,#302,.F.);
#302 = EDGE_CURVE('',#288,#230,#303,.T.);
#303 = LINE('',#304,#305);
#304 = CARTESIAN_POINT('',(2.,3.1,7.1));
#305 = VECTOR('',#306,1.);
#306 = DIRECTION('',(1.,0.,0.));
#307 = PLANE('',#308);
#308 = AXIS2_PLACEMENT_3D('',#309,#310,#311);
#309 = CARTESIAN_POINT('',(2.,3.1,1.));
#310 = DIRECTION('',(0.,-1.,0.));
#311 = DIRECTION('',(0.,0.,1.));
#312 = ADVANCED_FACE('',(#313),#331,.T.);
#313 = FACE_BOUND('',#314,.T.);
#314 = EDGE_LOOP('',(#315,#323,#324,#325));
#315 = ORIENTED_EDGE('',*,*,#316,.F.);
#316 = EDGE_CURVE('',#288,#317,#319,.T.);
#317 = VERTEX_POINT('',#318);
#318 = CARTESIAN_POINT('',(2.,1.55,8.65));
#319 = LINE('',#320,#321);
#320 = CARTESIAN_POINT('',(2.,3.1,7.1));
#321 = VECTOR('',#322,1.);
#322 = DIRECTION('',(0.,-0.707106781187,0.707106781187));
#323 = ORIENTED_EDGE('',*,*,#302,.T.);
#324 = ORIENTED_EDGE('',*,*,#271,.F.);
#325 = ORIENTED_EDGE('',*,*,#326,.F.);
#326 = EDGE_CURVE('',#317,#264,#327,.T.);
#327 = LINE('',#328,#329);
#328 = CARTESIAN_POINT('',(2.,1.55,8.65));
#329 = VECTOR('',#330,1.);
#330 = DIRECTION('',(1.,0.,0.));
#331 = PLANE('',#332);
#332 = AXIS2_PLACEMENT_3D('',#333,#334,#335);
#333 = CARTESIAN_POINT('',(2.,3.1,7.1));
#334 = DIRECTION('',(0.,-0.707106781187,-0.707106781187));
#335 = DIRECTION('',(0.,-0.707106781187,0.707106781187));
#336 = ADVANCED_FACE('',(#337),#355,.T.);
#337 = FACE_BOUND('',#338,.T.);
#338 = EDGE_LOOP('',(#339,#347,#348,#349));
#339 = ORIENTED_EDGE('',*,*,#340,.F.);
#340 = EDGE_CURVE('',#317,#341,#343,.T.);
#341 = VERTEX_POINT('',#342);
#342 = CARTESIAN_POINT('',(2.,-4.05,8.65));
#343 = LINE('',#344,#345);
#344 = CARTESIAN_POINT('',(2.,1.55,8.65));
#345 = VECTOR('',#346,1.);
#346 = DIRECTION('',(0.,-1.,0.));
#347 = ORIENTED_EDGE('',*,*,#326,.T.);
#348 = ORIENTED_EDGE('',*,*,#263,.F.);
#349 = ORIENTED_EDGE('',*,*,#350,.F.);
#350 = EDGE_CURVE('',#341,#256,#351,.T.);
#351 = LINE('',#352,#353);
#352 = CARTESIAN_POINT('',(2.,-4.05,8.65));
#353 = VECTOR('',#354,1.);
#354 = DIRECTION('',(1.,0.,0.));
#355 = PLANE('',#356);
#356 = AXIS2_PLACEMENT_3D('',#357,#358,#359);
#357 = CARTESIAN_POINT('',(2.,1.55,8.65));
#358 = DIRECTION('',(0.,0.,-1.));
#359 = DIRECTION('',(0.,-1.,0.));
#360 = ADVANCED_FACE('',(#361),#379,.T.);
#361 = FACE_BOUND('',#362,.T.);
#362 = EDGE_LOOP('',(#363,#371,#372,#373));
#363 = ORIENTED_EDGE('',*,*,#364,.F.);
#364 = EDGE_CURVE('',#341,#365,#367,.T.);
#365 = VERTEX_POINT('',#366);
#366 = CARTESIAN_POINT('',(2.,-5.6,7.1));
#367 = LINE('',#368,#369);
#368 = CARTESIAN_POINT('',(2.,-4.05,8.65));
#369 = VECTOR('',#370,1.);
#370 = DIRECTION('',(0.,-0.707106781187,-0.707106781187));
#371 = ORIENTED_EDGE('',*,*,#350,.T.);
#372 = ORIENTED_EDGE('',*,*,#255,.F.);
#373 = ORIENTED_EDGE('',*,*,#374,.F.);
#374 = EDGE_CURVE('',#365,#248,#375,.T.);
#375 = LINE('',#376,#377);
#376 = CARTESIAN_POINT('',(2.,-5.6,7.1));
#377 = VECTOR('',#378,1.);
#378 = DIRECTION('',(1.,0.,0.));
#379 = PLANE('',#380);
#380 = AXIS2_PLACEMENT_3D('',#381,#382,#383);
#381 = CARTESIAN_POINT('',(2.,-4.05,8.65));
#382 = DIRECTION('',(0.,0.707106781187,-0.707106781187));
#383 = DIRECTION('',(0.,-0.707106781187,-0.707106781187));
#384 = ADVANCED_FACE('',(#385),#403,.T.);
#385 = FACE_BOUND('',#386,.T.);
#386 = EDGE_LOOP('',(#387,#395,#396,#397));
#387 = ORIENTED_EDGE('',*,*,#388,.F.);
#388 = EDGE_CURVE('',#365,#389,#391,.T.);
#389 = VERTEX_POINT('',#390);
#390 = CARTESIAN_POINT('',(2.,-5.6,1.));
#391 = LINE('',#392,#393);
#392 = CARTESIAN_POINT('',(2.,-5.6,7.1));
#393 = VECTOR('',#394,1.);
#394 = DIRECTION('',(0.,0.,-1.));
#395 = ORIENTED_EDGE('',*,*,#374,.T.);
#396 = ORIENTED_EDGE('',*,*,#247,.F.);
#397 = ORIENTED_EDGE('',*,*,#398,.F.);
#398 = EDGE_CURVE('',#389,#240,#399,.T.);
#399 = LINE('',#400,#401);
#400 = CARTESIAN_POINT('',(2.,-5.6,1.));
#401 = VECTOR('',#402,1.);
#402 = DIRECTION('',(1.,0.,0.));
#403 = PLANE('',#404);
#404 = AXIS2_PLACEMENT_3D('',#405,#406,#407);
#405 = CARTESIAN_POINT('',(2.,-5.6,7.1));
#406 = DIRECTION('',(-0.,1.,0.));
#407 = DIRECTION('',(0.,0.,-1.));
#408 = ADVANCED_FACE('',(#409),#420,.T.);
#409 = FACE_BOUND('',#410,.T.);
#410 = EDGE_LOOP('',(#411,#417,#418,#419));
#411 = ORIENTED_EDGE('',*,*,#412,.F.);
#412 = EDGE_CURVE('',#389,#286,#413,.T.);
#413 = LINE('',#414,#415);
#414 = CARTESIAN_POINT('',(2.,-5.6,1.));
#415 = VECTOR('',#416,1.);
#416 = DIRECTION('',(0.,1.,0.));
#417 = ORIENTED_EDGE('',*,*,#398,.T.);
#418 = ORIENTED_EDGE('',*,*,#239,.F.);
#419 = ORIENTED_EDGE('',*,*,#295,.F.);
#420 = PLANE('',#421);
#421 = AXIS2_PLACEMENT_3D('',#422,#423,#424);
#422 = CARTESIAN_POINT('',(2.,-5.6,1.));
#423 = DIRECTION('',(0.,0.,1.));
#424 = DIRECTION('',(0.,1.,0.));
#425 = ADVANCED_FACE('',(#426),#434,.T.);
#426 = FACE_BOUND('',#427,.T.);
#427 = EDGE_LOOP('',(#428,#429,#430,#431,#432,#433));
#428 = ORIENTED_EDGE('',*,*,#412,.T.);
#429 = ORIENTED_EDGE('',*,*,#285,.T.);
#430 = ORIENTED_EDGE('',*,*,#316,.T.);
#431 = ORIENTED_EDGE('',*,*,#340,.T.);
#432 = ORIENTED_EDGE('',*,*,#364,.T.);
#433 = ORIENTED_EDGE('',*,*,#388,.T.);
#434 = PLANE('',#435);
#435 = AXIS2_PLACEMENT_3D('',#436,#437,#438);
#436 = CARTESIAN_POINT('',(2.,-1.25,4.567873500364));
#437 = DIRECTION('',(1.,0.,0.));
#438 = DIRECTION('',(-0.,0.,1.));
#439 = ( GEOMETRIC_REPRESENTATION_CONTEXT(3) 
GLOBAL_UNCERTAINTY_ASSIGNED_CONTEXT((#443)) GLOBAL_UNIT_ASSIGNED_CONTEXT
((#440,#441,#442)) REPRESENTATION_CONTEXT('Context #1',
  '3D Context with UNIT and UNCERTAINTY') );
#440 = ( LENGTH_UNIT() NAMED_UNIT(*) SI_UNIT(.MILLI.,.METRE.) );
#441 = ( NAMED_UNIT(*) PLANE_ANGLE_UNIT() SI_UNIT($,.RADIAN.) );
#442 = ( NAMED_UNIT(*) SI_UNIT($,.STERADIAN.) SOLID_ANGLE_UNIT() );
#443 = UNCERTAINTY_MEASURE_WITH_UNIT(LENGTH_MEASURE(1.E-07),#440,
  'distance_accuracy_value','confusion accuracy');
#444 = CONTEXT_DEPENDENT_SHAPE_REPRESENTATION(#445,#447);
#445 = ( REPRESENTATION_RELATIONSHIP('','',#80,#10) 
REPRESENTATION_RELATIONSHIP_WITH_TRANSFORMATION(#446) 
SHAPE_REPRESENTATION_RELATIONSHIP() );
#446 = ITEM_DEFINED_TRANSFORMATION('','',#11,#15);
#447 = PRODUCT_DEFINITION_SHAPE('Placement','Placement of an item',#448
  );
#448 = NEXT_ASSEMBLY_USAGE_OCCURRENCE('1','shell','',#5,#75,$);
#449 = PRODUCT_RELATED_PRODUCT_CATEGORY('part',$,(#77));
#450 = SHAPE_DEFINITION_REPRESENTATION(#451,#457);
#451 = PRODUCT_DEFINITION_SHAPE('','',#452);
#452 = PRODUCT_DEFINITION('design','',#453,#456);
#453 = PRODUCT_DEFINITION_FORMATION('','',#454);
#454 = PRODUCT('rear_insulator','rear_insulator','',(#455));
#455 = PRODUCT_CONTEXT('',#2,'mechanical');
#456 = PRODUCT_DEFINITION_CONTEXT('part definition',#2,'design');
#457 = ADVANCED_BREP_SHAPE_REPRESENTATION('',(#11,#458),#608);
#458 = MANIFOLD_SOLID_BREP('',#459);
#459 = CLOSED_SHELL('',(#460,#500,#540,#562,#584,#596));
#460 = ADVANCED_FACE('',(#461),#495,.F.);
#461 = FACE_BOUND('',#462,.F.);
#462 = EDGE_LOOP('',(#463,#473,#481,#489));
#463 = ORIENTED_EDGE('',*,*,#464,.F.);
#464 = EDGE_CURVE('',#465,#467,#469,.T.);
#465 = VERTEX_POINT('',#466);
#466 = CARTESIAN_POINT('',(-1.1,-6.7,0.35));
#467 = VERTEX_POINT('',#468);
#468 = CARTESIAN_POINT('',(-1.1,-6.7,9.95));
#469 = LINE('',#470,#471);
#470 = CARTESIAN_POINT('',(-1.1,-6.7,0.35));
#471 = VECTOR('',#472,1.);
#472 = DIRECTION('',(0.,0.,1.));
#473 = ORIENTED_EDGE('',*,*,#474,.T.);
#474 = EDGE_CURVE('',#465,#475,#477,.T.);
#475 = VERTEX_POINT('',#476);
#476 = CARTESIAN_POINT('',(-1.1,4.2,0.35));
#477 = LINE('',#478,#479);
#478 = CARTESIAN_POINT('',(-1.1,-6.7,0.35));
#479 = VECTOR('',#480,1.);
#480 = DIRECTION('',(0.,1.,0.));
#481 = ORIENTED_EDGE('',*,*,#482,.T.);
#482 = EDGE_CURVE('',#475,#483,#485,.T.);
#483 = VERTEX_POINT('',#484);
#484 = CARTESIAN_POINT('',(-1.1,4.2,9.95));
#485 = LINE('',#486,#487);
#486 = CARTESIAN_POINT('',(-1.1,4.2,0.35));
#487 = VECTOR('',#488,1.);
#488 = DIRECTION('',(0.,0.,1.));
#489 = ORIENTED_EDGE('',*,*,#490,.F.);
#490 = EDGE_CURVE('',#467,#483,#491,.T.);
#491 = LINE('',#492,#493);
#492 = CARTESIAN_POINT('',(-1.1,-6.7,9.95));
#493 = VECTOR('',#494,1.);
#494 = DIRECTION('',(0.,1.,0.));
#495 = PLANE('',#496);
#496 = AXIS2_PLACEMENT_3D('',#497,#498,#499);
#497 = CARTESIAN_POINT('',(-1.1,-6.7,0.35));
#498 = DIRECTION('',(1.,0.,0.));
#499 = DIRECTION('',(0.,0.,1.));
#500 = ADVANCED_FACE('',(#501),#535,.T.);
#501 = FACE_BOUND('',#502,.T.);
#502 = EDGE_LOOP('',(#503,#513,#521,#529));
#503 = ORIENTED_EDGE('',*,*,#504,.F.);
#504 = EDGE_CURVE('',#505,#507,#509,.T.);
#505 = VERTEX_POINT('',#506);
#506 = CARTESIAN_POINT('',(1.9,-6.7,0.35));
#507 = VERTEX_POINT('',#508);
#508 = CARTESIAN_POINT('',(1.9,-6.7,9.95));
#509 = LINE('',#510,#511);
#510 = CARTESIAN_POINT('',(1.9,-6.7,0.35));
#511 = VECTOR('',#512,1.);
#512 = DIRECTION('',(0.,0.,1.));
#513 = ORIENTED_EDGE('',*,*,#514,.T.);
#514 = EDGE_CURVE('',#505,#515,#517,.T.);
#515 = VERTEX_POINT('',#516);
#516 = CARTESIAN_POINT('',(1.9,4.2,0.35));
#517 = LINE('',#518,#519);
#518 = CARTESIAN_POINT('',(1.9,-6.7,0.35));
#519 = VECTOR('',#520,1.);
#520 = DIRECTION('',(0.,1.,0.));
#521 = ORIENTED_EDGE('',*,*,#522,.T.);
#522 = EDGE_CURVE('',#515,#523,#525,.T.);
#523 = VERTEX_POINT('',#524);
#524 = CARTESIAN_POINT('',(1.9,4.2,9.95));
#525 = LINE('',#526,#527);
#526 = CARTESIAN_POINT('',(1.9,4.2,0.35));
#527 = VECTOR('',#528,1.);
#528 = DIRECTION('',(0.,0.,1.));
#529 = ORIENTED_EDGE('',*,*,#530,.F.);
#530 = EDGE_CURVE('',#507,#523,#531,.T.);
#531 = LINE('',#532,#533);
#532 = CARTESIAN_POINT('',(1.9,-6.7,9.95));
#533 = VECTOR('',#534,1.);
#534 = DIRECTION('',(0.,1.,0.));
#535 = PLANE('',#536);
#536 = AXIS2_PLACEMENT_3D('',#537,#538,#539);
#537 = CARTESIAN_POINT('',(1.9,-6.7,0.35));
#538 = DIRECTION('',(1.,0.,0.));
#539 = DIRECTION('',(0.,0.,1.));
#540 = ADVANCED_FACE('',(#541),#557,.F.);
#541 = FACE_BOUND('',#542,.F.);
#542 = EDGE_LOOP('',(#543,#549,#550,#556));
#543 = ORIENTED_EDGE('',*,*,#544,.F.);
#544 = EDGE_CURVE('',#465,#505,#545,.T.);
#545 = LINE('',#546,#547);
#546 = CARTESIAN_POINT('',(-1.1,-6.7,0.35));
#547 = VECTOR('',#548,1.);
#548 = DIRECTION('',(1.,0.,0.));
#549 = ORIENTED_EDGE('',*,*,#464,.T.);
#550 = ORIENTED_EDGE('',*,*,#551,.T.);
#551 = EDGE_CURVE('',#467,#507,#552,.T.);
#552 = LINE('',#553,#554);
#553 = CARTESIAN_POINT('',(-1.1,-6.7,9.95));
#554 = VECTOR('',#555,1.);
#555 = DIRECTION('',(1.,0.,0.));
#556 = ORIENTED_EDGE('',*,*,#504,.F.);
#557 = PLANE('',#558);
#558 = AXIS2_PLACEMENT_3D('',#559,#560,#561);
#559 = CARTESIAN_POINT('',(-1.1,-6.7,0.35));
#560 = DIRECTION('',(0.,1.,0.));
#561 = DIRECTION('',(0.,-0.,1.));
#562 = ADVANCED_FACE('',(#563),#579,.T.);
#563 = FACE_BOUND('',#564,.T.);
#564 = EDGE_LOOP('',(#565,#571,#572,#578));
#565 = ORIENTED_EDGE('',*,*,#566,.F.);
#566 = EDGE_CURVE('',#475,#515,#567,.T.);
#567 = LINE('',#568,#569);
#568 = CARTESIAN_POINT('',(-1.1,4.2,0.35));
#569 = VECTOR('',#570,1.);
#570 = DIRECTION('',(1.,0.,0.));
#571 = ORIENTED_EDGE('',*,*,#482,.T.);
#572 = ORIENTED_EDGE('',*,*,#573,.T.);
#573 = EDGE_CURVE('',#483,#523,#574,.T.);
#574 = LINE('',#575,#576);
#575 = CARTESIAN_POINT('',(-1.1,4.2,9.95));
#576 = VECTOR('',#577,1.);
#577 = DIRECTION('',(1.,0.,0.));
#578 = ORIENTED_EDGE('',*,*,#522,.F.);
#579 = PLANE('',#580);
#580 = AXIS2_PLACEMENT_3D('',#581,#582,#583);
#581 = CARTESIAN_POINT('',(-1.1,4.2,0.35));
#582 = DIRECTION('',(0.,1.,0.));
#583 = DIRECTION('',(0.,-0.,1.));
#584 = ADVANCED_FACE('',(#585),#591,.F.);
#585 = FACE_BOUND('',#586,.F.);
#586 = EDGE_LOOP('',(#587,#588,#589,#590));
#587 = ORIENTED_EDGE('',*,*,#474,.F.);
#588 = ORIENTED_EDGE('',*,*,#544,.T.);
#589 = ORIENTED_EDGE('',*,*,#514,.T.);
#590 = ORIENTED_EDGE('',*,*,#566,.F.);
#591 = PLANE('',#592);
#592 = AXIS2_PLACEMENT_3D('',#593,#594,#595);
#593 = CARTESIAN_POINT('',(-1.1,-6.7,0.35));
#594 = DIRECTION('',(0.,0.,1.));
#595 = DIRECTION('',(1.,0.,-0.));
#596 = ADVANCED_FACE('',(#597),#603,.T.);
#597 = FACE_BOUND('',#598,.T.);
#598 = EDGE_LOOP('',(#599,#600,#601,#602));
#599 = ORIENTED_EDGE('',*,*,#490,.F.);
#600 = ORIENTED_EDGE('',*,*,#551,.T.);
#601 = ORIENTED_EDGE('',*,*,#530,.T.);
#602 = ORIENTED_EDGE('',*,*,#573,.F.);
#603 = PLANE('',#604);
#604 = AXIS2_PLACEMENT_3D('',#605,#606,#607);
#605 = CARTESIAN_POINT('',(-1.1,-6.7,9.95));
#606 = DIRECTION('',(0.,0.,1.));
#607 = DIRECTION('',(1.,0.,-0.));
#608 = ( GEOMETRIC_REPRESENTATION_CONTEXT(3) 
GLOBAL_UNCERTAINTY_ASSIGNED_CONTEXT((#612)) GLOBAL_UNIT_ASSIGNED_CONTEXT
((#609,#610,#611)) REPRESENTATION_CONTEXT('Context #1',
  '3D Context with UNIT and UNCERTAINTY') );
#609 = ( LENGTH_UNIT() NAMED_UNIT(*) SI_UNIT(.MILLI.,.METRE.) );
#610 = ( NAMED_UNIT(*) PLANE_ANGLE_UNIT() SI_UNIT($,.RADIAN.) );
#611 = ( NAMED_UNIT(*) SI_UNIT($,.STERADIAN.) SOLID_ANGLE_UNIT() );
#612 = UNCERTAINTY_MEASURE_WITH_UNIT(LENGTH_MEASURE(1.E-07),#609,
  'distance_accuracy_value','confusion accuracy');
#613 = CONTEXT_DEPENDENT_SHAPE_REPRESENTATION(#614,#616);
#614 = ( REPRESENTATION_RELATIONSHIP('','',#457,#10) 
REPRESENTATION_RELATIONSHIP_WITH_TRANSFORMATION(#615) 
SHAPE_REPRESENTATION_RELATIONSHIP() );
#615 = ITEM_DEFINED_TRANSFORMATION('','',#11,#19);
#616 = PRODUCT_DEFINITION_SHAPE('Placement','Placement of an item',#617
  );
#617 = NEXT_ASSEMBLY_USAGE_OCCURRENCE('2','rear_insulator','',#5,#452,$
  );
#618 = PRODUCT_RELATED_PRODUCT_CATEGORY('part',$,(#454));
#619 = SHAPE_DEFINITION_REPRESENTATION(#620,#626);
#620 = PRODUCT_DEFINITION_SHAPE('','',#621);
#621 = PRODUCT_DEFINITION('design','',#622,#625);
#622 = PRODUCT_DEFINITION_FORMATION('','',#623);
#623 = PRODUCT('central_insulator','central_insulator','',(#624));
#624 = PRODUCT_CONTEXT('',#2,'mechanical');
#625 = PRODUCT_DEFINITION_CONTEXT('part definition',#2,'design');
#626 = ADVANCED_BREP_SHAPE_REPRESENTATION('',(#11,#627),#777);
#627 = MANIFOLD_SOLID_BREP('',#628);
#628 = CLOSED_SHELL('',(#629,#669,#709,#731,#753,#765));
#629 = ADVANCED_FACE('',(#630),#664,.F.);
#630 = FACE_BOUND('',#631,.F.);
#631 = EDGE_LOOP('',(#632,#642,#650,#658));
#632 = ORIENTED_EDGE('',*,*,#633,.F.);
#633 = EDGE_CURVE('',#634,#636,#638,.T.);
#634 = VERTEX_POINT('',#635);
#635 = CARTESIAN_POINT('',(3.,-3.95,3.35));
#636 = VERTEX_POINT('',#637);
#637 = CARTESIAN_POINT('',(3.,-3.95,6.15));
#638 = LINE('',#639,#640);
#639 = CARTESIAN_POINT('',(3.,-3.95,3.35));
#640 = VECTOR('',#641,1.);
#641 = DIRECTION('',(0.,0.,1.));
#642 = ORIENTED_EDGE('',*,*,#643,.T.);
#643 = EDGE_CURVE('',#634,#644,#646,.T.);
#644 = VERTEX_POINT('',#645);
#645 = CARTESIAN_POINT('',(3.,1.45,3.35));
#646 = LINE('',#647,#648);
#647 = CARTESIAN_POINT('',(3.,-3.95,3.35));
#648 = VECTOR('',#649,1.);
#649 = DIRECTION('',(0.,1.,0.));
#650 = ORIENTED_EDGE('',*,*,#651,.T.);
#651 = EDGE_CURVE('',#644,#652,#654,.T.);
#652 = VERTEX_POINT('',#653);
#653 = CARTESIAN_POINT('',(3.,1.45,6.15));
#654 = LINE('',#655,#656);
#655 = CARTESIAN_POINT('',(3.,1.45,3.35));
#656 = VECTOR('',#657,1.);
#657 = DIRECTION('',(0.,0.,1.));
#658 = ORIENTED_EDGE('',*,*,#659,.F.);
#659 = EDGE_CURVE('',#636,#652,#660,.T.);
#660 = LINE('',#661,#662);
#661 = CARTESIAN_POINT('',(3.,-3.95,6.15));
#662 = VECTOR('',#663,1.);
#663 = DIRECTION('',(0.,1.,0.));
#664 = PLANE('',#665);
#665 = AXIS2_PLACEMENT_3D('',#666,#667,#668);
#666 = CARTESIAN_POINT('',(3.,-3.95,3.35));
#667 = DIRECTION('',(1.,0.,0.));
#668 = DIRECTION('',(0.,0.,1.));
#669 = ADVANCED_FACE('',(#670),#704,.T.);
#670 = FACE_BOUND('',#671,.T.);
#671 = EDGE_LOOP('',(#672,#682,#690,#698));
#672 = ORIENTED_EDGE('',*,*,#673,.F.);
#673 = EDGE_CURVE('',#674,#676,#678,.T.);
#674 = VERTEX_POINT('',#675);
#675 = CARTESIAN_POINT('',(14.1,-3.95,3.35));
#676 = VERTEX_POINT('',#677);
#677 = CARTESIAN_POINT('',(14.1,-3.95,6.15));
#678 = LINE('',#679,#680);
#679 = CARTESIAN_POINT('',(14.1,-3.95,3.35));
#680 = VECTOR('',#681,1.);
#681 = DIRECTION('',(0.,0.,1.));
#682 = ORIENTED_EDGE('',*,*,#683,.T.);
#683 = EDGE_CURVE('',#674,#684,#686,.T.);
#684 = VERTEX_POINT('',#685);
#685 = CARTESIAN_POINT('',(14.1,1.45,3.35));
#686 = LINE('',#687,#688);
#687 = CARTESIAN_POINT('',(14.1,-3.95,3.35));
#688 = VECTOR('',#689,1.);
#689 = DIRECTION('',(0.,1.,0.));
#690 = ORIENTED_EDGE('',*,*,#691,.T.);
#691 = EDGE_CURVE('',#684,#692,#694,.T.);
#692 = VERTEX_POINT('',#693);
#693 = CARTESIAN_POINT('',(14.1,1.45,6.15));
#694 = LINE('',#695,#696);
#695 = CARTESIAN_POINT('',(14.1,1.45,3.35));
#696 = VECTOR('',#697,1.);
#697 = DIRECTION('',(0.,0.,1.));
#698 = ORIENTED_EDGE('',*,*,#699,.F.);
#699 = EDGE_CURVE('',#676,#692,#700,.T.);
#700 = LINE('',#701,#702);
#701 = CARTESIAN_POINT('',(14.1,-3.95,6.15));
#702 = VECTOR('',#703,1.);
#703 = DIRECTION('',(0.,1.,0.));
#704 = PLANE('',#705);
#705 = AXIS2_PLACEMENT_3D('',#706,#707,#708);
#706 = CARTESIAN_POINT('',(14.1,-3.95,3.35));
#707 = DIRECTION('',(1.,0.,0.));
#708 = DIRECTION('',(0.,0.,1.));
#709 = ADVANCED_FACE('',(#710),#726,.F.);
#710 = FACE_BOUND('',#711,.F.);
#711 = EDGE_LOOP('',(#712,#718,#719,#725));
#712 = ORIENTED_EDGE('',*,*,#713,.F.);
#713 = EDGE_CURVE('',#634,#674,#714,.T.);
#714 = LINE('',#715,#716);
#715 = CARTESIAN_POINT('',(3.,-3.95,3.35));
#716 = VECTOR('',#717,1.);
#717 = DIRECTION('',(1.,0.,0.));
#718 = ORIENTED_EDGE('',*,*,#633,.T.);
#719 = ORIENTED_EDGE('',*,*,#720,.T.);
#720 = EDGE_CURVE('',#636,#676,#721,.T.);
#721 = LINE('',#722,#723);
#722 = CARTESIAN_POINT('',(3.,-3.95,6.15));
#723 = VECTOR('',#724,1.);
#724 = DIRECTION('',(1.,0.,0.));
#725 = ORIENTED_EDGE('',*,*,#673,.F.);
#726 = PLANE('',#727);
#727 = AXIS2_PLACEMENT_3D('',#728,#729,#730);
#728 = CARTESIAN_POINT('',(3.,-3.95,3.35));
#729 = DIRECTION('',(0.,1.,0.));
#730 = DIRECTION('',(0.,-0.,1.));
#731 = ADVANCED_FACE('',(#732),#748,.T.);
#732 = FACE_BOUND('',#733,.T.);
#733 = EDGE_LOOP('',(#734,#740,#741,#747));
#734 = ORIENTED_EDGE('',*,*,#735,.F.);
#735 = EDGE_CURVE('',#644,#684,#736,.T.);
#736 = LINE('',#737,#738);
#737 = CARTESIAN_POINT('',(3.,1.45,3.35));
#738 = VECTOR('',#739,1.);
#739 = DIRECTION('',(1.,0.,0.));
#740 = ORIENTED_EDGE('',*,*,#651,.T.);
#741 = ORIENTED_EDGE('',*,*,#742,.T.);
#742 = EDGE_CURVE('',#652,#692,#743,.T.);
#743 = LINE('',#744,#745);
#744 = CARTESIAN_POINT('',(3.,1.45,6.15));
#745 = VECTOR('',#746,1.);
#746 = DIRECTION('',(1.,0.,0.));
#747 = ORIENTED_EDGE('',*,*,#691,.F.);
#748 = PLANE('',#749);
#749 = AXIS2_PLACEMENT_3D('',#750,#751,#752);
#750 = CARTESIAN_POINT('',(3.,1.45,3.35));
#751 = DIRECTION('',(0.,1.,0.));
#752 = DIRECTION('',(0.,-0.,1.));
#753 = ADVANCED_FACE('',(#754),#760,.F.);
#754 = FACE_BOUND('',#755,.F.);
#755 = EDGE_LOOP('',(#756,#757,#758,#759));
#756 = ORIENTED_EDGE('',*,*,#643,.F.);
#757 = ORIENTED_EDGE('',*,*,#713,.T.);
#758 = ORIENTED_EDGE('',*,*,#683,.T.);
#759 = ORIENTED_EDGE('',*,*,#735,.F.);
#760 = PLANE('',#761);
#761 = AXIS2_PLACEMENT_3D('',#762,#763,#764);
#762 = CARTESIAN_POINT('',(3.,-3.95,3.35));
#763 = DIRECTION('',(0.,0.,1.));
#764 = DIRECTION('',(1.,0.,-0.));
#765 = ADVANCED_FACE('',(#766),#772,.T.);
#766 = FACE_BOUND('',#767,.T.);
#767 = EDGE_LOOP('',(#768,#769,#770,#771));
#768 = ORIENTED_EDGE('',*,*,#659,.F.);
#769 = ORIENTED_EDGE('',*,*,#720,.T.);
#770 = ORIENTED_EDGE('',*,*,#699,.T.);
#771 = ORIENTED_EDGE('',*,*,#742,.F.);
#772 = PLANE('',#773);
#773 = AXIS2_PLACEMENT_3D('',#774,#775,#776);
#774 = CARTESIAN_POINT('',(3.,-3.95,6.15));
#775 = DIRECTION('',(0.,0.,1.));
#776 = DIRECTION('',(1.,0.,-0.));
#777 = ( GEOMETRIC_REPRESENTATION_CONTEXT(3) 
GLOBAL_UNCERTAINTY_ASSIGNED_CONTEXT((#781)) GLOBAL_UNIT_ASSIGNED_CONTEXT
((#778,#779,#780)) REPRESENTATION_CONTEXT('Context #1',
  '3D Context with UNIT and UNCERTAINTY') );
#778 = ( LENGTH_UNIT() NAMED_UNIT(*) SI_UNIT(.MILLI.,.METRE.) );
#779 = ( NAMED_UNIT(*) PLANE_ANGLE_UNIT() SI_UNIT($,.RADIAN.) );
#780 = ( NAMED_UNIT(*) SI_UNIT($,.STERADIAN.) SOLID_ANGLE_UNIT() );
#781 = UNCERTAINTY_MEASURE_WITH_UNIT(LENGTH_MEASURE(1.E-07),#778,
  'distance_accuracy_value','confusion accuracy');
#782 = CONTEXT_DEPENDENT_SHAPE_REPRESENTATION(#783,#785);
#783 = ( REPRESENTATION_RELATIONSHIP('','',#626,#10) 
REPRESENTATION_RELATIONSHIP_WITH_TRANSFORMATION(#784) 
SHAPE_REPRESENTATION_RELATIONSHIP() );
#784 = ITEM_DEFINED_TRANSFORMATION('','',#11,#23);
#785 = PRODUCT_DEFINITION_SHAPE('Placement','Placement of an item',#786
  );
#786 = NEXT_ASSEMBLY_USAGE_OCCURRENCE('3','central_insulator','',#5,#621
  ,$);
#787 = PRODUCT_RELATED_PRODUCT_CATEGORY('part',$,(#623));
#788 = SHAPE_DEFINITION_REPRESENTATION(#789,#795);
#789 = PRODUCT_DEFINITION_SHAPE('','',#790);
#790 = PRODUCT_DEFINITION('design','',#791,#794);
#791 = PRODUCT_DEFINITION_FORMATION('','',#792);
#792 = PRODUCT('tail_1','tail_1','',(#793));
#793 = PRODUCT_CONTEXT('',#2,'mechanical');
#794 = PRODUCT_DEFINITION_CONTEXT('part definition',#2,'design');
#795 = ADVANCED_BREP_SHAPE_REPRESENTATION('',(#11,#796),#946);
#796 = MANIFOLD_SOLID_BREP('',#797);
#797 = CLOSED_SHELL('',(#798,#838,#878,#900,#922,#934));
#798 = ADVANCED_FACE('',(#799),#833,.F.);
#799 = FACE_BOUND('',#800,.F.);
#800 = EDGE_LOOP('',(#801,#811,#819,#827));
#801 = ORIENTED_EDGE('',*,*,#802,.F.);
#802 = EDGE_CURVE('',#803,#805,#807,.T.);
#803 = VERTEX_POINT('',#804);
#804 = CARTESIAN_POINT('',(-0.3,-0.3,-2.1));
#805 = VERTEX_POINT('',#806);
#806 = CARTESIAN_POINT('',(-0.3,-0.3,0.5));
#807 = LINE('',#808,#809);
#808 = CARTESIAN_POINT('',(-0.3,-0.3,-2.1));
#809 = VECTOR('',#810,1.);
#810 = DIRECTION('',(0.,0.,1.));
#811 = ORIENTED_EDGE('',*,*,#812,.T.);
#812 = EDGE_CURVE('',#803,#813,#815,.T.);
#813 = VERTEX_POINT('',#814);
#814 = CARTESIAN_POINT('',(-0.3,0.3,-2.1));
#815 = LINE('',#816,#817);
#816 = CARTESIAN_POINT('',(-0.3,-0.3,-2.1));
#817 = VECTOR('',#818,1.);
#818 = DIRECTION('',(-0.,1.,0.));
#819 = ORIENTED_EDGE('',*,*,#820,.T.);
#820 = EDGE_CURVE('',#813,#821,#823,.T.);
#821 = VERTEX_POINT('',#822);
#822 = CARTESIAN_POINT('',(-0.3,0.3,0.5));
#823 = LINE('',#824,#825);
#824 = CARTESIAN_POINT('',(-0.3,0.3,-2.1));
#825 = VECTOR('',#826,1.);
#826 = DIRECTION('',(0.,0.,1.));
#827 = ORIENTED_EDGE('',*,*,#828,.F.);
#828 = EDGE_CURVE('',#805,#821,#829,.T.);
#829 = LINE('',#830,#831);
#830 = CARTESIAN_POINT('',(-0.3,-0.3,0.5));
#831 = VECTOR('',#832,1.);
#832 = DIRECTION('',(-0.,1.,0.));
#833 = PLANE('',#834);
#834 = AXIS2_PLACEMENT_3D('',#835,#836,#837);
#835 = CARTESIAN_POINT('',(-0.3,-0.3,-2.1));
#836 = DIRECTION('',(1.,0.,-0.));
#837 = DIRECTION('',(0.,0.,1.));
#838 = ADVANCED_FACE('',(#839),#873,.T.);
#839 = FACE_BOUND('',#840,.T.);
#840 = EDGE_LOOP('',(#841,#851,#859,#867));
#841 = ORIENTED_EDGE('',*,*,#842,.F.);
#842 = EDGE_CURVE('',#843,#845,#847,.T.);
#843 = VERTEX_POINT('',#844);
#844 = CARTESIAN_POINT('',(0.3,-0.3,-2.1));
#845 = VERTEX_POINT('',#846);
#846 = CARTESIAN_POINT('',(0.3,-0.3,0.5));
#847 = LINE('',#848,#849);
#848 = CARTESIAN_POINT('',(0.3,-0.3,-2.1));
#849 = VECTOR('',#850,1.);
#850 = DIRECTION('',(0.,0.,1.));
#851 = ORIENTED_EDGE('',*,*,#852,.T.);
#852 = EDGE_CURVE('',#843,#853,#855,.T.);
#853 = VERTEX_POINT('',#854);
#854 = CARTESIAN_POINT('',(0.3,0.3,-2.1));
#855 = LINE('',#856,#857);
#856 = CARTESIAN_POINT('',(0.3,-0.3,-2.1));
#857 = VECTOR('',#858,1.);
#858 = DIRECTION('',(-0.,1.,0.));
#859 = ORIENTED_EDGE('',*,*,#860,.T.);
#860 = EDGE_CURVE('',#853,#861,#863,.T.);
#861 = VERTEX_POINT('',#862);
#862 = CARTESIAN_POINT('',(0.3,0.3,0.5));
#863 = LINE('',#864,#865);
#864 = CARTESIAN_POINT('',(0.3,0.3,-2.1));
#865 = VECTOR('',#866,1.);
#866 = DIRECTION('',(0.,0.,1.));
#867 = ORIENTED_EDGE('',*,*,#868,.F.);
#868 = EDGE_CURVE('',#845,#861,#869,.T.);
#869 = LINE('',#870,#871);
#870 = CARTESIAN_POINT('',(0.3,-0.3,0.5));
#871 = VECTOR('',#872,1.);
#872 = DIRECTION('',(-0.,1.,0.));
#873 = PLANE('',#874);
#874 = AXIS2_PLACEMENT_3D('',#875,#876,#877);
#875 = CARTESIAN_POINT('',(0.3,-0.3,-2.1));
#876 = DIRECTION('',(1.,0.,-0.));
#877 = DIRECTION('',(0.,0.,1.));
#878 = ADVANCED_FACE('',(#879),#895,.F.);
#879 = FACE_BOUND('',#880,.F.);
#880 = EDGE_LOOP('',(#881,#887,#888,#894));
#881 = ORIENTED_EDGE('',*,*,#882,.F.);
#882 = EDGE_CURVE('',#803,#843,#883,.T.);
#883 = LINE('',#884,#885);
#884 = CARTESIAN_POINT('',(-0.3,-0.3,-2.1));
#885 = VECTOR('',#886,1.);
#886 = DIRECTION('',(1.,0.,-0.));
#887 = ORIENTED_EDGE('',*,*,#802,.T.);
#888 = ORIENTED_EDGE('',*,*,#889,.T.);
#889 = EDGE_CURVE('',#805,#845,#890,.T.);
#890 = LINE('',#891,#892);
#891 = CARTESIAN_POINT('',(-0.3,-0.3,0.5));
#892 = VECTOR('',#893,1.);
#893 = DIRECTION('',(1.,0.,-0.));
#894 = ORIENTED_EDGE('',*,*,#842,.F.);
#895 = PLANE('',#896);
#896 = AXIS2_PLACEMENT_3D('',#897,#898,#899);
#897 = CARTESIAN_POINT('',(-0.3,-0.3,-2.1));
#898 = DIRECTION('',(-0.,1.,0.));
#899 = DIRECTION('',(0.,0.,1.));
#900 = ADVANCED_FACE('',(#901),#917,.T.);
#901 = FACE_BOUND('',#902,.T.);
#902 = EDGE_LOOP('',(#903,#909,#910,#916));
#903 = ORIENTED_EDGE('',*,*,#904,.F.);
#904 = EDGE_CURVE('',#813,#853,#905,.T.);
#905 = LINE('',#906,#907);
#906 = CARTESIAN_POINT('',(-0.3,0.3,-2.1));
#907 = VECTOR('',#908,1.);
#908 = DIRECTION('',(1.,0.,-0.));
#909 = ORIENTED_EDGE('',*,*,#820,.T.);
#910 = ORIENTED_EDGE('',*,*,#911,.T.);
#911 = EDGE_CURVE('',#821,#861,#912,.T.);
#912 = LINE('',#913,#914);
#913 = CARTESIAN_POINT('',(-0.3,0.3,0.5));
#914 = VECTOR('',#915,1.);
#915 = DIRECTION('',(1.,0.,-0.));
#916 = ORIENTED_EDGE('',*,*,#860,.F.);
#917 = PLANE('',#918);
#918 = AXIS2_PLACEMENT_3D('',#919,#920,#921);
#919 = CARTESIAN_POINT('',(-0.3,0.3,-2.1));
#920 = DIRECTION('',(-0.,1.,0.));
#921 = DIRECTION('',(0.,0.,1.));
#922 = ADVANCED_FACE('',(#923),#929,.F.);
#923 = FACE_BOUND('',#924,.F.);
#924 = EDGE_LOOP('',(#925,#926,#927,#928));
#925 = ORIENTED_EDGE('',*,*,#812,.F.);
#926 = ORIENTED_EDGE('',*,*,#882,.T.);
#927 = ORIENTED_EDGE('',*,*,#852,.T.);
#928 = ORIENTED_EDGE('',*,*,#904,.F.);
#929 = PLANE('',#930);
#930 = AXIS2_PLACEMENT_3D('',#931,#932,#933);
#931 = CARTESIAN_POINT('',(-0.3,-0.3,-2.1));
#932 = DIRECTION('',(0.,0.,1.));
#933 = DIRECTION('',(1.,0.,-0.));
#934 = ADVANCED_FACE('',(#935),#941,.T.);
#935 = FACE_BOUND('',#936,.T.);
#936 = EDGE_LOOP('',(#937,#938,#939,#940));
#937 = ORIENTED_EDGE('',*,*,#828,.F.);
#938 = ORIENTED_EDGE('',*,*,#889,.T.);
#939 = ORIENTED_EDGE('',*,*,#868,.T.);
#940 = ORIENTED_EDGE('',*,*,#911,.F.);
#941 = PLANE('',#942);
#942 = AXIS2_PLACEMENT_3D('',#943,#944,#945);
#943 = CARTESIAN_POINT('',(-0.3,-0.3,0.5));
#944 = DIRECTION('',(0.,0.,1.));
#945 = DIRECTION('',(1.,0.,-0.));
#946 = ( GEOMETRIC_REPRESENTATION_CONTEXT(3) 
GLOBAL_UNCERTAINTY_ASSIGNED_CONTEXT((#950)) GLOBAL_UNIT_ASSIGNED_CONTEXT
((#947,#948,#949)) REPRESENTATION_CONTEXT('Context #1',
  '3D Context with UNIT and UNCERTAINTY') );
#947 = ( LENGTH_UNIT() NAMED_UNIT(*) SI_UNIT(.MILLI.,.METRE.) );
#948 = ( NAMED_UNIT(*) PLANE_ANGLE_UNIT() SI_UNIT($,.RADIAN.) );
#949 = ( NAMED_UNIT(*) SI_UNIT($,.STERADIAN.) SOLID_ANGLE_UNIT() );
#950 = UNCERTAINTY_MEASURE_WITH_UNIT(LENGTH_MEASURE(1.E-07),#947,
  'distance_accuracy_value','confusion accuracy');
#951 = CONTEXT_DEPENDENT_SHAPE_REPRESENTATION(#952,#954);
#952 = ( REPRESENTATION_RELATIONSHIP('','',#795,#10) 
REPRESENTATION_RELATIONSHIP_WITH_TRANSFORMATION(#953) 
SHAPE_REPRESENTATION_RELATIONSHIP() );
#953 = ITEM_DEFINED_TRANSFORMATION('','',#11,#27);
#954 = PRODUCT_DEFINITION_SHAPE('Placement','Placement of an item',#955
  );
#955 = NEXT_ASSEMBLY_USAGE_OCCURRENCE('4','tail_1','',#5,#790,$);
#956 = PRODUCT_RELATED_PRODUCT_CATEGORY('part',$,(#792));
#957 = SHAPE_DEFINITION_REPRESENTATION(#958,#964);
#958 = PRODUCT_DEFINITION_SHAPE('','',#959);
#959 = PRODUCT_DEFINITION('design','',#960,#963);
#960 = PRODUCT_DEFINITION_FORMATION('','',#961);
#961 = PRODUCT('tail_2','tail_2','',(#962));
#962 = PRODUCT_CONTEXT('',#2,'mechanical');
#963 = PRODUCT_DEFINITION_CONTEXT('part definition',#2,'design');
#964 = ADVANCED_BREP_SHAPE_REPRESENTATION('',(#11,#965),#1115);
#965 = MANIFOLD_SOLID_BREP('',#966);
#966 = CLOSED_SHELL('',(#967,#1007,#1047,#1069,#1091,#1103));
#967 = ADVANCED_FACE('',(#968),#1002,.F.);
#968 = FACE_BOUND('',#969,.F.);
#969 = EDGE_LOOP('',(#970,#980,#988,#996));
#970 = ORIENTED_EDGE('',*,*,#971,.F.);
#971 = EDGE_CURVE('',#972,#974,#976,.T.);
#972 = VERTEX_POINT('',#973);
#973 = CARTESIAN_POINT('',(-0.3,-2.8,-2.1));
#974 = VERTEX_POINT('',#975);
#975 = CARTESIAN_POINT('',(-0.3,-2.8,0.5));
#976 = LINE('',#977,#978);
#977 = CARTESIAN_POINT('',(-0.3,-2.8,-2.1));
#978 = VECTOR('',#979,1.);
#979 = DIRECTION('',(0.,0.,1.));
#980 = ORIENTED_EDGE('',*,*,#981,.T.);
#981 = EDGE_CURVE('',#972,#982,#984,.T.);
#982 = VERTEX_POINT('',#983);
#983 = CARTESIAN_POINT('',(-0.3,-2.2,-2.1));
#984 = LINE('',#985,#986);
#985 = CARTESIAN_POINT('',(-0.3,-2.8,-2.1));
#986 = VECTOR('',#987,1.);
#987 = DIRECTION('',(-0.,1.,0.));
#988 = ORIENTED_EDGE('',*,*,#989,.T.);
#989 = EDGE_CURVE('',#982,#990,#992,.T.);
#990 = VERTEX_POINT('',#991);
#991 = CARTESIAN_POINT('',(-0.3,-2.2,0.5));
#992 = LINE('',#993,#994);
#993 = CARTESIAN_POINT('',(-0.3,-2.2,-2.1));
#994 = VECTOR('',#995,1.);
#995 = DIRECTION('',(0.,0.,1.));
#996 = ORIENTED_EDGE('',*,*,#997,.F.);
#997 = EDGE_CURVE('',#974,#990,#998,.T.);
#998 = LINE('',#999,#1000);
#999 = CARTESIAN_POINT('',(-0.3,-2.8,0.5));
#1000 = VECTOR('',#1001,1.);
#1001 = DIRECTION('',(-0.,1.,0.));
#1002 = PLANE('',#1003);
#1003 = AXIS2_PLACEMENT_3D('',#1004,#1005,#1006);
#1004 = CARTESIAN_POINT('',(-0.3,-2.8,-2.1));
#1005 = DIRECTION('',(1.,0.,-0.));
#1006 = DIRECTION('',(0.,0.,1.));
#1007 = ADVANCED_FACE('',(#1008),#1042,.T.);
#1008 = FACE_BOUND('',#1009,.T.);
#1009 = EDGE_LOOP('',(#1010,#1020,#1028,#1036));
#1010 = ORIENTED_EDGE('',*,*,#1011,.F.);
#1011 = EDGE_CURVE('',#1012,#1014,#1016,.T.);
#1012 = VERTEX_POINT('',#1013);
#1013 = CARTESIAN_POINT('',(0.3,-2.8,-2.1));
#1014 = VERTEX_POINT('',#1015);
#1015 = CARTESIAN_POINT('',(0.3,-2.8,0.5));
#1016 = LINE('',#1017,#1018);
#1017 = CARTESIAN_POINT('',(0.3,-2.8,-2.1));
#1018 = VECTOR('',#1019,1.);
#1019 = DIRECTION('',(0.,0.,1.));
#1020 = ORIENTED_EDGE('',*,*,#1021,.T.);
#1021 = EDGE_CURVE('',#1012,#1022,#1024,.T.);
#1022 = VERTEX_POINT('',#1023);
#1023 = CARTESIAN_POINT('',(0.3,-2.2,-2.1));
#1024 = LINE('',#1025,#1026);
#1025 = CARTESIAN_POINT('',(0.3,-2.8,-2.1));
#1026 = VECTOR('',#1027,1.);
#1027 = DIRECTION('',(-0.,1.,0.));
#1028 = ORIENTED_EDGE('',*,*,#1029,.T.);
#1029 = EDGE_CURVE('',#1022,#1030,#1032,.T.);
#1030 = VERTEX_POINT('',#1031);
#1031 = CARTESIAN_POINT('',(0.3,-2.2,0.5));
#1032 = LINE('',#1033,#1034);
#1033 = CARTESIAN_POINT('',(0.3,-2.2,-2.1));
#1034 = VECTOR('',#1035,1.);
#1035 = DIRECTION('',(0.,0.,1.));
#1036 = ORIENTED_EDGE('',*,*,#1037,.F.);
#1037 = EDGE_CURVE('',#1014,#1030,#1038,.T.);
#1038 = LINE('',#1039,#1040);
#1039 = CARTESIAN_POINT('',(0.3,-2.8,0.5));
#1040 = VECTOR('',#1041,1.);
#1041 = DIRECTION('',(-0.,1.,0.));
#1042 = PLANE('',#1043);
#1043 = AXIS2_PLACEMENT_3D('',#1044,#1045,#1046);
#1044 = CARTESIAN_POINT('',(0.3,-2.8,-2.1));
#1045 = DIRECTION('',(1.,0.,-0.));
#1046 = DIRECTION('',(0.,0.,1.));
#1047 = ADVANCED_FACE('',(#1048),#1064,.F.);
#1048 = FACE_BOUND('',#1049,.F.);
#1049 = EDGE_LOOP('',(#1050,#1056,#1057,#1063));
#1050 = ORIENTED_EDGE('',*,*,#1051,.F.);
#1051 = EDGE_CURVE('',#972,#1012,#1052,.T.);
#1052 = LINE('',#1053,#1054);
#1053 = CARTESIAN_POINT('',(-0.3,-2.8,-2.1));
#1054 = VECTOR('',#1055,1.);
#1055 = DIRECTION('',(1.,0.,-0.));
#1056 = ORIENTED_EDGE('',*,*,#971,.T.);
#1057 = ORIENTED_EDGE('',*,*,#1058,.T.);
#1058 = EDGE_CURVE('',#974,#1014,#1059,.T.);
#1059 = LINE('',#1060,#1061);
#1060 = CARTESIAN_POINT('',(-0.3,-2.8,0.5));
#1061 = VECTOR('',#1062,1.);
#1062 = DIRECTION('',(1.,0.,-0.));
#1063 = ORIENTED_EDGE('',*,*,#1011,.F.);
#1064 = PLANE('',#1065);
#1065 = AXIS2_PLACEMENT_3D('',#1066,#1067,#1068);
#1066 = CARTESIAN_POINT('',(-0.3,-2.8,-2.1));
#1067 = DIRECTION('',(-0.,1.,0.));
#1068 = DIRECTION('',(0.,0.,1.));
#1069 = ADVANCED_FACE('',(#1070),#1086,.T.);
#1070 = FACE_BOUND('',#1071,.T.);
#1071 = EDGE_LOOP('',(#1072,#1078,#1079,#1085));
#1072 = ORIENTED_EDGE('',*,*,#1073,.F.);
#1073 = EDGE_CURVE('',#982,#1022,#1074,.T.);
#1074 = LINE('',#1075,#1076);
#1075 = CARTESIAN_POINT('',(-0.3,-2.2,-2.1));
#1076 = VECTOR('',#1077,1.);
#1077 = DIRECTION('',(1.,0.,-0.));
#1078 = ORIENTED_EDGE('',*,*,#989,.T.);
#1079 = ORIENTED_EDGE('',*,*,#1080,.T.);
#1080 = EDGE_CURVE('',#990,#1030,#1081,.T.);
#1081 = LINE('',#1082,#1083);
#1082 = CARTESIAN_POINT('',(-0.3,-2.2,0.5));
#1083 = VECTOR('',#1084,1.);
#1084 = DIRECTION('',(1.,0.,-0.));
#1085 = ORIENTED_EDGE('',*,*,#1029,.F.);
#1086 = PLANE('',#1087);
#1087 = AXIS2_PLACEMENT_3D('',#1088,#1089,#1090);
#1088 = CARTESIAN_POINT('',(-0.3,-2.2,-2.1));
#1089 = DIRECTION('',(-0.,1.,0.));
#1090 = DIRECTION('',(0.,0.,1.));
#1091 = ADVANCED_FACE('',(#1092),#1098,.F.);
#1092 = FACE_BOUND('',#1093,.F.);
#1093 = EDGE_LOOP('',(#1094,#1095,#1096,#1097));
#1094 = ORIENTED_EDGE('',*,*,#981,.F.);
#1095 = ORIENTED_EDGE('',*,*,#1051,.T.);
#1096 = ORIENTED_EDGE('',*,*,#1021,.T.);
#1097 = ORIENTED_EDGE('',*,*,#1073,.F.);
#1098 = PLANE('',#1099);
#1099 = AXIS2_PLACEMENT_3D('',#1100,#1101,#1102);
#1100 = CARTESIAN_POINT('',(-0.3,-2.8,-2.1));
#1101 = DIRECTION('',(0.,0.,1.));
#1102 = DIRECTION('',(1.,0.,-0.));
#1103 = ADVANCED_FACE('',(#1104),#1110,.T.);
#1104 = FACE_BOUND('',#1105,.T.);
#1105 = EDGE_LOOP('',(#1106,#1107,#1108,#1109));
#1106 = ORIENTED_EDGE('',*,*,#997,.F.);
#1107 = ORIENTED_EDGE('',*,*,#1058,.T.);
#1108 = ORIENTED_EDGE('',*,*,#1037,.T.);
#1109 = ORIENTED_EDGE('',*,*,#1080,.F.);
#1110 = PLANE('',#1111);
#1111 = AXIS2_PLACEMENT_3D('',#1112,#1113,#1114);
#1112 = CARTESIAN_POINT('',(-0.3,-2.8,0.5));
#1113 = DIRECTION('',(0.,0.,1.));
#1114 = DIRECTION('',(1.,0.,-0.));
#1115 = ( GEOMETRIC_REPRESENTATION_CONTEXT(3) 
GLOBAL_UNCERTAINTY_ASSIGNED_CONTEXT((#1119)) 
GLOBAL_UNIT_ASSIGNED_CONTEXT((#1116,#1117,#1118)) REPRESENTATION_CONTEXT
('Context #1','3D Context with UNIT and UNCERTAINTY') );
#1116 = ( LENGTH_UNIT() NAMED_UNIT(*) SI_UNIT(.MILLI.,.METRE.) );
#1117 = ( NAMED_UNIT(*) PLANE_ANGLE_UNIT() SI_UNIT($,.RADIAN.) );
#1118 = ( NAMED_UNIT(*) SI_UNIT($,.STERADIAN.) SOLID_ANGLE_UNIT() );
#1119 = UNCERTAINTY_MEASURE_WITH_UNIT(LENGTH_MEASURE(1.E-07),#1116,
  'distance_accuracy_value','confusion accuracy');
#1120 = CONTEXT_DEPENDENT_SHAPE_REPRESENTATION(#1121,#1123);
#1121 = ( REPRESENTATION_RELATIONSHIP('','',#964,#10) 
REPRESENTATION_RELATIONSHIP_WITH_TRANSFORMATION(#1122) 
SHAPE_REPRESENTATION_RELATIONSHIP() );
#1122 = ITEM_DEFINED_TRANSFORMATION('','',#11,#31);
#1123 = PRODUCT_DEFINITION_SHAPE('Placement','Placement of an item',
  #1124);
#1124 = NEXT_ASSEMBLY_USAGE_OCCURRENCE('5','tail_2','',#5,#959,$);
#1125 = PRODUCT_RELATED_PRODUCT_CATEGORY('part',$,(#961));
#1126 = SHAPE_DEFINITION_REPRESENTATION(#1127,#1133);
#1127 = PRODUCT_DEFINITION_SHAPE('','',#1128);
#1128 = PRODUCT_DEFINITION('design','',#1129,#1132);
#1129 = PRODUCT_DEFINITION_FORMATION('','',#1130);
#1130 = PRODUCT('tail_3','tail_3','',(#1131));
#1131 = PRODUCT_CONTEXT('',#2,'mechanical');
#1132 = PRODUCT_DEFINITION_CONTEXT('part definition',#2,'design');
#1133 = ADVANCED_BREP_SHAPE_REPRESENTATION('',(#11,#1134),#1284);
#1134 = MANIFOLD_SOLID_BREP('',#1135);
#1135 = CLOSED_SHELL('',(#1136,#1176,#1216,#1238,#1260,#1272));
#1136 = ADVANCED_FACE('',(#1137),#1171,.F.);
#1137 = FACE_BOUND('',#1138,.F.);
#1138 = EDGE_LOOP('',(#1139,#1149,#1157,#1165));
#1139 = ORIENTED_EDGE('',*,*,#1140,.F.);
#1140 = EDGE_CURVE('',#1141,#1143,#1145,.T.);
#1141 = VERTEX_POINT('',#1142);
#1142 = CARTESIAN_POINT('',(1.7,-2.8,-2.1));
#1143 = VERTEX_POINT('',#1144);
#1144 = CARTESIAN_POINT('',(1.7,-2.8,0.5));
#1145 = LINE('',#1146,#1147);
#1146 = CARTESIAN_POINT('',(1.7,-2.8,-2.1));
#1147 = VECTOR('',#1148,1.);
#1148 = DIRECTION('',(0.,0.,1.));
#1149 = ORIENTED_EDGE('',*,*,#1150,.T.);
#1150 = EDGE_CURVE('',#1141,#1151,#1153,.T.);
#1151 = VERTEX_POINT('',#1152);
#1152 = CARTESIAN_POINT('',(1.7,-2.2,-2.1));
#1153 = LINE('',#1154,#1155);
#1154 = CARTESIAN_POINT('',(1.7,-2.8,-2.1));
#1155 = VECTOR('',#1156,1.);
#1156 = DIRECTION('',(-0.,1.,0.));
#1157 = ORIENTED_EDGE('',*,*,#1158,.T.);
#1158 = EDGE_CURVE('',#1151,#1159,#1161,.T.);
#1159 = VERTEX_POINT('',#1160);
#1160 = CARTESIAN_POINT('',(1.7,-2.2,0.5));
#1161 = LINE('',#1162,#1163);
#1162 = CARTESIAN_POINT('',(1.7,-2.2,-2.1));
#1163 = VECTOR('',#1164,1.);
#1164 = DIRECTION('',(0.,0.,1.));
#1165 = ORIENTED_EDGE('',*,*,#1166,.F.);
#1166 = EDGE_CURVE('',#1143,#1159,#1167,.T.);
#1167 = LINE('',#1168,#1169);
#1168 = CARTESIAN_POINT('',(1.7,-2.8,0.5));
#1169 = VECTOR('',#1170,1.);
#1170 = DIRECTION('',(-0.,1.,0.));
#1171 = PLANE('',#1172);
#1172 = AXIS2_PLACEMENT_3D('',#1173,#1174,#1175);
#1173 = CARTESIAN_POINT('',(1.7,-2.8,-2.1));
#1174 = DIRECTION('',(1.,0.,-0.));
#1175 = DIRECTION('',(0.,0.,1.));
#1176 = ADVANCED_FACE('',(#1177),#1211,.T.);
#1177 = FACE_BOUND('',#1178,.T.);
#1178 = EDGE_LOOP('',(#1179,#1189,#1197,#1205));
#1179 = ORIENTED_EDGE('',*,*,#1180,.F.);
#1180 = EDGE_CURVE('',#1181,#1183,#1185,.T.);
#1181 = VERTEX_POINT('',#1182);
#1182 = CARTESIAN_POINT('',(2.3,-2.8,-2.1));
#1183 = VERTEX_POINT('',#1184);
#1184 = CARTESIAN_POINT('',(2.3,-2.8,0.5));
#1185 = LINE('',#1186,#1187);
#1186 = CARTESIAN_POINT('',(2.3,-2.8,-2.1));
#1187 = VECTOR('',#1188,1.);
#1188 = DIRECTION('',(0.,0.,1.));
#1189 = ORIENTED_EDGE('',*,*,#1190,.T.);
#1190 = EDGE_CURVE('',#1181,#1191,#1193,.T.);
#1191 = VERTEX_POINT('',#1192);
#1192 = CARTESIAN_POINT('',(2.3,-2.2,-2.1));
#1193 = LINE('',#1194,#1195);
#1194 = CARTESIAN_POINT('',(2.3,-2.8,-2.1));
#1195 = VECTOR('',#1196,1.);
#1196 = DIRECTION('',(-0.,1.,0.));
#1197 = ORIENTED_EDGE('',*,*,#1198,.T.);
#1198 = EDGE_CURVE('',#1191,#1199,#1201,.T.);
#1199 = VERTEX_POINT('',#1200);
#1200 = CARTESIAN_POINT('',(2.3,-2.2,0.5));
#1201 = LINE('',#1202,#1203);
#1202 = CARTESIAN_POINT('',(2.3,-2.2,-2.1));
#1203 = VECTOR('',#1204,1.);
#1204 = DIRECTION('',(0.,0.,1.));
#1205 = ORIENTED_EDGE('',*,*,#1206,.F.);
#1206 = EDGE_CURVE('',#1183,#1199,#1207,.T.);
#1207 = LINE('',#1208,#1209);
#1208 = CARTESIAN_POINT('',(2.3,-2.8,0.5));
#1209 = VECTOR('',#1210,1.);
#1210 = DIRECTION('',(-0.,1.,0.));
#1211 = PLANE('',#1212);
#1212 = AXIS2_PLACEMENT_3D('',#1213,#1214,#1215);
#1213 = CARTESIAN_POINT('',(2.3,-2.8,-2.1));
#1214 = DIRECTION('',(1.,0.,-0.));
#1215 = DIRECTION('',(0.,0.,1.));
#1216 = ADVANCED_FACE('',(#1217),#1233,.F.);
#1217 = FACE_BOUND('',#1218,.F.);
#1218 = EDGE_LOOP('',(#1219,#1225,#1226,#1232));
#1219 = ORIENTED_EDGE('',*,*,#1220,.F.);
#1220 = EDGE_CURVE('',#1141,#1181,#1221,.T.);
#1221 = LINE('',#1222,#1223);
#1222 = CARTESIAN_POINT('',(1.7,-2.8,-2.1));
#1223 = VECTOR('',#1224,1.);
#1224 = DIRECTION('',(1.,0.,-0.));
#1225 = ORIENTED_EDGE('',*,*,#1140,.T.);
#1226 = ORIENTED_EDGE('',*,*,#1227,.T.);
#1227 = EDGE_CURVE('',#1143,#1183,#1228,.T.);
#1228 = LINE('',#1229,#1230);
#1229 = CARTESIAN_POINT('',(1.7,-2.8,0.5));
#1230 = VECTOR('',#1231,1.);
#1231 = DIRECTION('',(1.,0.,-0.));
#1232 = ORIENTED_EDGE('',*,*,#1180,.F.);
#1233 = PLANE('',#1234);
#1234 = AXIS2_PLACEMENT_3D('',#1235,#1236,#1237);
#1235 = CARTESIAN_POINT('',(1.7,-2.8,-2.1));
#1236 = DIRECTION('',(-0.,1.,0.));
#1237 = DIRECTION('',(0.,0.,1.));
#1238 = ADVANCED_FACE('',(#1239),#1255,.T.);
#1239 = FACE_BOUND('',#1240,.T.);
#1240 = EDGE_LOOP('',(#1241,#1247,#1248,#1254));
#1241 = ORIENTED_EDGE('',*,*,#1242,.F.);
#1242 = EDGE_CURVE('',#1151,#1191,#1243,.T.);
#1243 = LINE('',#1244,#1245);
#1244 = CARTESIAN_POINT('',(1.7,-2.2,-2.1));
#1245 = VECTOR('',#1246,1.);
#1246 = DIRECTION('',(1.,0.,-0.));
#1247 = ORIENTED_EDGE('',*,*,#1158,.T.);
#1248 = ORIENTED_EDGE('',*,*,#1249,.T.);
#1249 = EDGE_CURVE('',#1159,#1199,#1250,.T.);
#1250 = LINE('',#1251,#1252);
#1251 = CARTESIAN_POINT('',(1.7,-2.2,0.5));
#1252 = VECTOR('',#1253,1.);
#1253 = DIRECTION('',(1.,0.,-0.));
#1254 = ORIENTED_EDGE('',*,*,#1198,.F.);
#1255 = PLANE('',#1256);
#1256 = AXIS2_PLACEMENT_3D('',#1257,#1258,#1259);
#1257 = CARTESIAN_POINT('',(1.7,-2.2,-2.1));
#1258 = DIRECTION('',(-0.,1.,0.));
#1259 = DIRECTION('',(0.,0.,1.));
#1260 = ADVANCED_FACE('',(#1261),#1267,.F.);
#1261 = FACE_BOUND('',#1262,.F.);
#1262 = EDGE_LOOP('',(#1263,#1264,#1265,#1266));
#1263 = ORIENTED_EDGE('',*,*,#1150,.F.);
#1264 = ORIENTED_EDGE('',*,*,#1220,.T.);
#1265 = ORIENTED_EDGE('',*,*,#1190,.T.);
#1266 = ORIENTED_EDGE('',*,*,#1242,.F.);
#1267 = PLANE('',#1268);
#1268 = AXIS2_PLACEMENT_3D('',#1269,#1270,#1271);
#1269 = CARTESIAN_POINT('',(1.7,-2.8,-2.1));
#1270 = DIRECTION('',(0.,0.,1.));
#1271 = DIRECTION('',(1.,0.,-0.));
#1272 = ADVANCED_FACE('',(#1273),#1279,.T.);
#1273 = FACE_BOUND('',#1274,.T.);
#1274 = EDGE_LOOP('',(#1275,#1276,#1277,#1278));
#1275 = ORIENTED_EDGE('',*,*,#1166,.F.);
#1276 = ORIENTED_EDGE('',*,*,#1227,.T.);
#1277 = ORIENTED_EDGE('',*,*,#1206,.T.);
#1278 = ORIENTED_EDGE('',*,*,#1249,.F.);
#1279 = PLANE('',#1280);
#1280 = AXIS2_PLACEMENT_3D('',#1281,#1282,#1283);
#1281 = CARTESIAN_POINT('',(1.7,-2.8,0.5));
#1282 = DIRECTION('',(0.,0.,1.));
#1283 = DIRECTION('',(1.,0.,-0.));
#1284 = ( GEOMETRIC_REPRESENTATION_CONTEXT(3) 
GLOBAL_UNCERTAINTY_ASSIGNED_CONTEXT((#1288)) 
GLOBAL_UNIT_ASSIGNED_CONTEXT((#1285,#1286,#1287)) REPRESENTATION_CONTEXT
('Context #1','3D Context with UNIT and UNCERTAINTY') );
#1285 = ( LENGTH_UNIT() NAMED_UNIT(*) SI_UNIT(.MILLI.,.METRE.) );
#1286 = ( NAMED_UNIT(*) PLANE_ANGLE_UNIT() SI_UNIT($,.RADIAN.) );
#1287 = ( NAMED_UNIT(*) SI_UNIT($,.STERADIAN.) SOLID_ANGLE_UNIT() );
#1288 = UNCERTAINTY_MEASURE_WITH_UNIT(LENGTH_MEASURE(1.E-07),#1285,
  'distance_accuracy_value','confusion accuracy');
#1289 = CONTEXT_DEPENDENT_SHAPE_REPRESENTATION(#1290,#1292);
#1290 = ( REPRESENTATION_RELATIONSHIP('','',#1133,#10) 
REPRESENTATION_RELATIONSHIP_WITH_TRANSFORMATION(#1291) 
SHAPE_REPRESENTATION_RELATIONSHIP() );
#1291 = ITEM_DEFINED_TRANSFORMATION('','',#11,#35);
#1292 = PRODUCT_DEFINITION_SHAPE('Placement','Placement of an item',
  #1293);
#1293 = NEXT_ASSEMBLY_USAGE_OCCURRENCE('6','tail_3','',#5,#1128,$);
#1294 = PRODUCT_RELATED_PRODUCT_CATEGORY('part',$,(#1130));
#1295 = SHAPE_DEFINITION_REPRESENTATION(#1296,#1302);
#1296 = PRODUCT_DEFINITION_SHAPE('','',#1297);
#1297 = PRODUCT_DEFINITION('design','',#1298,#1301);
#1298 = PRODUCT_DEFINITION_FORMATION('','',#1299);
#1299 = PRODUCT('tail_4','tail_4','',(#1300));
#1300 = PRODUCT_CONTEXT('',#2,'mechanical');
#1301 = PRODUCT_DEFINITION_CONTEXT('part definition',#2,'design');
#1302 = ADVANCED_BREP_SHAPE_REPRESENTATION('',(#11,#1303),#1453);
#1303 = MANIFOLD_SOLID_BREP('',#1304);
#1304 = CLOSED_SHELL('',(#1305,#1345,#1385,#1407,#1429,#1441));
#1305 = ADVANCED_FACE('',(#1306),#1340,.F.);
#1306 = FACE_BOUND('',#1307,.F.);
#1307 = EDGE_LOOP('',(#1308,#1318,#1326,#1334));
#1308 = ORIENTED_EDGE('',*,*,#1309,.F.);
#1309 = EDGE_CURVE('',#1310,#1312,#1314,.T.);
#1310 = VERTEX_POINT('',#1311);
#1311 = CARTESIAN_POINT('',(1.7,-0.3,-2.1));
#1312 = VERTEX_POINT('',#1313);
#1313 = CARTESIAN_POINT('',(1.7,-0.3,0.5));
#1314 = LINE('',#1315,#1316);
#1315 = CARTESIAN_POINT('',(1.7,-0.3,-2.1));
#1316 = VECTOR('',#1317,1.);
#1317 = DIRECTION('',(0.,0.,1.));
#1318 = ORIENTED_EDGE('',*,*,#1319,.T.);
#1319 = EDGE_CURVE('',#1310,#1320,#1322,.T.);
#1320 = VERTEX_POINT('',#1321);
#1321 = CARTESIAN_POINT('',(1.7,0.3,-2.1));
#1322 = LINE('',#1323,#1324);
#1323 = CARTESIAN_POINT('',(1.7,-0.3,-2.1));
#1324 = VECTOR('',#1325,1.);
#1325 = DIRECTION('',(-0.,1.,0.));
#1326 = ORIENTED_EDGE('',*,*,#1327,.T.);
#1327 = EDGE_CURVE('',#1320,#1328,#1330,.T.);
#1328 = VERTEX_POINT('',#1329);
#1329 = CARTESIAN_POINT('',(1.7,0.3,0.5));
#1330 = LINE('',#1331,#1332);
#1331 = CARTESIAN_POINT('',(1.7,0.3,-2.1));
#1332 = VECTOR('',#1333,1.);
#1333 = DIRECTION('',(0.,0.,1.));
#1334 = ORIENTED_EDGE('',*,*,#1335,.F.);
#1335 = EDGE_CURVE('',#1312,#1328,#1336,.T.);
#1336 = LINE('',#1337,#1338);
#1337 = CARTESIAN_POINT('',(1.7,-0.3,0.5));
#1338 = VECTOR('',#1339,1.);
#1339 = DIRECTION('',(-0.,1.,0.));
#1340 = PLANE('',#1341);
#1341 = AXIS2_PLACEMENT_3D('',#1342,#1343,#1344);
#1342 = CARTESIAN_POINT('',(1.7,-0.3,-2.1));
#1343 = DIRECTION('',(1.,0.,-0.));
#1344 = DIRECTION('',(0.,0.,1.));
#1345 = ADVANCED_FACE('',(#1346),#1380,.T.);
#1346 = FACE_BOUND('',#1347,.T.);
#1347 = EDGE_LOOP('',(#1348,#1358,#1366,#1374));
#1348 = ORIENTED_EDGE('',*,*,#1349,.F.);
#1349 = EDGE_CURVE('',#1350,#1352,#1354,.T.);
#1350 = VERTEX_POINT('',#1351);
#1351 = CARTESIAN_POINT('',(2.3,-0.3,-2.1));
#1352 = VERTEX_POINT('',#1353);
#1353 = CARTESIAN_POINT('',(2.3,-0.3,0.5));
#1354 = LINE('',#1355,#1356);
#1355 = CARTESIAN_POINT('',(2.3,-0.3,-2.1));
#1356 = VECTOR('',#1357,1.);
#1357 = DIRECTION('',(0.,0.,1.));
#1358 = ORIENTED_EDGE('',*,*,#1359,.T.);
#1359 = EDGE_CURVE('',#1350,#1360,#1362,.T.);
#1360 = VERTEX_POINT('',#1361);
#1361 = CARTESIAN_POINT('',(2.3,0.3,-2.1));
#1362 = LINE('',#1363,#1364);
#1363 = CARTESIAN_POINT('',(2.3,-0.3,-2.1));
#1364 = VECTOR('',#1365,1.);
#1365 = DIRECTION('',(-0.,1.,0.));
#1366 = ORIENTED_EDGE('',*,*,#1367,.T.);
#1367 = EDGE_CURVE('',#1360,#1368,#1370,.T.);
#1368 = VERTEX_POINT('',#1369);
#1369 = CARTESIAN_POINT('',(2.3,0.3,0.5));
#1370 = LINE('',#1371,#1372);
#1371 = CARTESIAN_POINT('',(2.3,0.3,-2.1));
#1372 = VECTOR('',#1373,1.);
#1373 = DIRECTION('',(0.,0.,1.));
#1374 = ORIENTED_EDGE('',*,*,#1375,.F.);
#1375 = EDGE_CURVE('',#1352,#1368,#1376,.T.);
#1376 = LINE('',#1377,#1378);
#1377 = CARTESIAN_POINT('',(2.3,-0.3,0.5));
#1378 = VECTOR('',#1379,1.);
#1379 = DIRECTION('',(-0.,1.,0.));
#1380 = PLANE('',#1381);
#1381 = AXIS2_PLACEMENT_3D('',#1382,#1383,#1384);
#1382 = CARTESIAN_POINT('',(2.3,-0.3,-2.1));
#1383 = DIRECTION('',(1.,0.,-0.));
#1384 = DIRECTION('',(0.,0.,1.));
#1385 = ADVANCED_FACE('',(#1386),#1402,.F.);
#1386 = FACE_BOUND('',#1387,.F.);
#1387 = EDGE_LOOP('',(#1388,#1394,#1395,#1401));
#1388 = ORIENTED_EDGE('',*,*,#1389,.F.);
#1389 = EDGE_CURVE('',#1310,#1350,#1390,.T.);
#1390 = LINE('',#1391,#1392);
#1391 = CARTESIAN_POINT('',(1.7,-0.3,-2.1));
#1392 = VECTOR('',#1393,1.);
#1393 = DIRECTION('',(1.,0.,-0.));
#1394 = ORIENTED_EDGE('',*,*,#1309,.T.);
#1395 = ORIENTED_EDGE('',*,*,#1396,.T.);
#1396 = EDGE_CURVE('',#1312,#1352,#1397,.T.);
#1397 = LINE('',#1398,#1399);
#1398 = CARTESIAN_POINT('',(1.7,-0.3,0.5));
#1399 = VECTOR('',#1400,1.);
#1400 = DIRECTION('',(1.,0.,-0.));
#1401 = ORIENTED_EDGE('',*,*,#1349,.F.);
#1402 = PLANE('',#1403);
#1403 = AXIS2_PLACEMENT_3D('',#1404,#1405,#1406);
#1404 = CARTESIAN_POINT('',(1.7,-0.3,-2.1));
#1405 = DIRECTION('',(-0.,1.,0.));
#1406 = DIRECTION('',(0.,0.,1.));
#1407 = ADVANCED_FACE('',(#1408),#1424,.T.);
#1408 = FACE_BOUND('',#1409,.T.);
#1409 = EDGE_LOOP('',(#1410,#1416,#1417,#1423));
#1410 = ORIENTED_EDGE('',*,*,#1411,.F.);
#1411 = EDGE_CURVE('',#1320,#1360,#1412,.T.);
#1412 = LINE('',#1413,#1414);
#1413 = CARTESIAN_POINT('',(1.7,0.3,-2.1));
#1414 = VECTOR('',#1415,1.);
#1415 = DIRECTION('',(1.,0.,-0.));
#1416 = ORIENTED_EDGE('',*,*,#1327,.T.);
#1417 = ORIENTED_EDGE('',*,*,#1418,.T.);
#1418 = EDGE_CURVE('',#1328,#1368,#1419,.T.);
#1419 = LINE('',#1420,#1421);
#1420 = CARTESIAN_POINT('',(1.7,0.3,0.5));
#1421 = VECTOR('',#1422,1.);
#1422 = DIRECTION('',(1.,0.,-0.));
#1423 = ORIENTED_EDGE('',*,*,#1367,.F.);
#1424 = PLANE('',#1425);
#1425 = AXIS2_PLACEMENT_3D('',#1426,#1427,#1428);
#1426 = CARTESIAN_POINT('',(1.7,0.3,-2.1));
#1427 = DIRECTION('',(-0.,1.,0.));
#1428 = DIRECTION('',(0.,0.,1.));
#1429 = ADVANCED_FACE('',(#1430),#1436,.F.);
#1430 = FACE_BOUND('',#1431,.F.);
#1431 = EDGE_LOOP('',(#1432,#1433,#1434,#1435));
#1432 = ORIENTED_EDGE('',*,*,#1319,.F.);
#1433 = ORIENTED_EDGE('',*,*,#1389,.T.);
#1434 = ORIENTED_EDGE('',*,*,#1359,.T.);
#1435 = ORIENTED_EDGE('',*,*,#1411,.F.);
#1436 = PLANE('',#1437);
#1437 = AXIS2_PLACEMENT_3D('',#1438,#1439,#1440);
#1438 = CARTESIAN_POINT('',(1.7,-0.3,-2.1));
#1439 = DIRECTION('',(0.,0.,1.));
#1440 = DIRECTION('',(1.,0.,-0.));
#1441 = ADVANCED_FACE('',(#1442),#1448,.T.);
#1442 = FACE_BOUND('',#1443,.T.);
#1443 = EDGE_LOOP('',(#1444,#1445,#1446,#1447));
#1444 = ORIENTED_EDGE('',*,*,#1335,.F.);
#1445 = ORIENTED_EDGE('',*,*,#1396,.T.);
#1446 = ORIENTED_EDGE('',*,*,#1375,.T.);
#1447 = ORIENTED_EDGE('',*,*,#1418,.F.);
#1448 = PLANE('',#1449);
#1449 = AXIS2_PLACEMENT_3D('',#1450,#1451,#1452);
#1450 = CARTESIAN_POINT('',(1.7,-0.3,0.5));
#1451 = DIRECTION('',(0.,0.,1.));
#1452 = DIRECTION('',(1.,0.,-0.));
#1453 = ( GEOMETRIC_REPRESENTATION_CONTEXT(3) 
GLOBAL_UNCERTAINTY_ASSIGNED_CONTEXT((#1457)) 
GLOBAL_UNIT_ASSIGNED_CONTEXT((#1454,#1455,#1456)) REPRESENTATION_CONTEXT
('Context #1','3D Context with UNIT and UNCERTAINTY') );
#1454 = ( LENGTH_UNIT() NAMED_UNIT(*) SI_UNIT(.MILLI.,.METRE.) );
#1455 = ( NAMED_UNIT(*) PLANE_ANGLE_UNIT() SI_UNIT($,.RADIAN.) );
#1456 = ( NAMED_UNIT(*) SI_UNIT($,.STERADIAN.) SOLID_ANGLE_UNIT() );
#1457 = UNCERTAINTY_MEASURE_WITH_UNIT(LENGTH_MEASURE(1.E-07),#1454,
  'distance_accuracy_value','confusion accuracy');
#1458 = CONTEXT_DEPENDENT_SHAPE_REPRESENTATION(#1459,#1461);
#1459 = ( REPRESENTATION_RELATIONSHIP('','',#1302,#10) 
REPRESENTATION_RELATIONSHIP_WITH_TRANSFORMATION(#1460) 
SHAPE_REPRESENTATION_RELATIONSHIP() );
#1460 = ITEM_DEFINED_TRANSFORMATION('','',#11,#39);
#1461 = PRODUCT_DEFINITION_SHAPE('Placement','Placement of an item',
  #1462);
#1462 = NEXT_ASSEMBLY_USAGE_OCCURRENCE('7','tail_4','',#5,#1297,$);
#1463 = PRODUCT_RELATED_PRODUCT_CATEGORY('part',$,(#1299));
#1464 = SHAPE_DEFINITION_REPRESENTATION(#1465,#1471);
#1465 = PRODUCT_DEFINITION_SHAPE('','',#1466);
#1466 = PRODUCT_DEFINITION('design','',#1467,#1470);
#1467 = PRODUCT_DEFINITION_FORMATION('','',#1468);
#1468 = PRODUCT('shield_tail_0','shield_tail_0','',(#1469));
#1469 = PRODUCT_CONTEXT('',#2,'mechanical');
#1470 = PRODUCT_DEFINITION_CONTEXT('part definition',#2,'design');
#1471 = ADVANCED_BREP_SHAPE_REPRESENTATION('',(#11,#1472),#1622);
#1472 = MANIFOLD_SOLID_BREP('',#1473);
#1473 = CLOSED_SHELL('',(#1474,#1514,#1554,#1576,#1598,#1610));
#1474 = ADVANCED_FACE('',(#1475),#1509,.F.);
#1475 = FACE_BOUND('',#1476,.F.);
#1476 = EDGE_LOOP('',(#1477,#1487,#1495,#1503));
#1477 = ORIENTED_EDGE('',*,*,#1478,.F.);
#1478 = EDGE_CURVE('',#1479,#1481,#1483,.T.);
#1479 = VERTEX_POINT('',#1480);
#1480 = CARTESIAN_POINT('',(4.01,4.47,-3.));
#1481 = VERTEX_POINT('',#1482);
#1482 = CARTESIAN_POINT('',(4.01,4.47,0.5));
#1483 = LINE('',#1484,#1485);
#1484 = CARTESIAN_POINT('',(4.01,4.47,-3.));
#1485 = VECTOR('',#1486,1.);
#1486 = DIRECTION('',(0.,0.,1.));
#1487 = ORIENTED_EDGE('',*,*,#1488,.T.);
#1488 = EDGE_CURVE('',#1479,#1489,#1491,.T.);
#1489 = VERTEX_POINT('',#1490);
#1490 = CARTESIAN_POINT('',(4.01,5.07,-3.));
#1491 = LINE('',#1492,#1493);
#1492 = CARTESIAN_POINT('',(4.01,4.47,-3.));
#1493 = VECTOR('',#1494,1.);
#1494 = DIRECTION('',(-0.,1.,0.));
#1495 = ORIENTED_EDGE('',*,*,#1496,.T.);
#1496 = EDGE_CURVE('',#1489,#1497,#1499,.T.);
#1497 = VERTEX_POINT('',#1498);
#1498 = CARTESIAN_POINT('',(4.01,5.07,0.5));
#1499 = LINE('',#1500,#1501);
#1500 = CARTESIAN_POINT('',(4.01,5.07,-3.));
#1501 = VECTOR('',#1502,1.);
#1502 = DIRECTION('',(0.,0.,1.));
#1503 = ORIENTED_EDGE('',*,*,#1504,.F.);
#1504 = EDGE_CURVE('',#1481,#1497,#1505,.T.);
#1505 = LINE('',#1506,#1507);
#1506 = CARTESIAN_POINT('',(4.01,4.47,0.5));
#1507 = VECTOR('',#1508,1.);
#1508 = DIRECTION('',(-0.,1.,0.));
#1509 = PLANE('',#1510);
#1510 = AXIS2_PLACEMENT_3D('',#1511,#1512,#1513);
#1511 = CARTESIAN_POINT('',(4.01,4.47,-3.));
#1512 = DIRECTION('',(1.,0.,-0.));
#1513 = DIRECTION('',(0.,0.,1.));
#1514 = ADVANCED_FACE('',(#1515),#1549,.T.);
#1515 = FACE_BOUND('',#1516,.T.);
#1516 = EDGE_LOOP('',(#1517,#1527,#1535,#1543));
#1517 = ORIENTED_EDGE('',*,*,#1518,.F.);
#1518 = EDGE_CURVE('',#1519,#1521,#1523,.T.);
#1519 = VERTEX_POINT('',#1520);
#1520 = CARTESIAN_POINT('',(5.41,4.47,-3.));
#1521 = VERTEX_POINT('',#1522);
#1522 = CARTESIAN_POINT('',(5.41,4.47,0.5));
#1523 = LINE('',#1524,#1525);
#1524 = CARTESIAN_POINT('',(5.41,4.47,-3.));
#1525 = VECTOR('',#1526,1.);
#1526 = DIRECTION('',(0.,0.,1.));
#1527 = ORIENTED_EDGE('',*,*,#1528,.T.);
#1528 = EDGE_CURVE('',#1519,#1529,#1531,.T.);
#1529 = VERTEX_POINT('',#1530);
#1530 = CARTESIAN_POINT('',(5.41,5.07,-3.));
#1531 = LINE('',#1532,#1533);
#1532 = CARTESIAN_POINT('',(5.41,4.47,-3.));
#1533 = VECTOR('',#1534,1.);
#1534 = DIRECTION('',(-0.,1.,0.));
#1535 = ORIENTED_EDGE('',*,*,#1536,.T.);
#1536 = EDGE_CURVE('',#1529,#1537,#1539,.T.);
#1537 = VERTEX_POINT('',#1538);
#1538 = CARTESIAN_POINT('',(5.41,5.07,0.5));
#1539 = LINE('',#1540,#1541);
#1540 = CARTESIAN_POINT('',(5.41,5.07,-3.));
#1541 = VECTOR('',#1542,1.);
#1542 = DIRECTION('',(0.,0.,1.));
#1543 = ORIENTED_EDGE('',*,*,#1544,.F.);
#1544 = EDGE_CURVE('',#1521,#1537,#1545,.T.);
#1545 = LINE('',#1546,#1547);
#1546 = CARTESIAN_POINT('',(5.41,4.47,0.5));
#1547 = VECTOR('',#1548,1.);
#1548 = DIRECTION('',(-0.,1.,0.));
#1549 = PLANE('',#1550);
#1550 = AXIS2_PLACEMENT_3D('',#1551,#1552,#1553);
#1551 = CARTESIAN_POINT('',(5.41,4.47,-3.));
#1552 = DIRECTION('',(1.,0.,-0.));
#1553 = DIRECTION('',(0.,0.,1.));
#1554 = ADVANCED_FACE('',(#1555),#1571,.F.);
#1555 = FACE_BOUND('',#1556,.F.);
#1556 = EDGE_LOOP('',(#1557,#1563,#1564,#1570));
#1557 = ORIENTED_EDGE('',*,*,#1558,.F.);
#1558 = EDGE_CURVE('',#1479,#1519,#1559,.T.);
#1559 = LINE('',#1560,#1561);
#1560 = CARTESIAN_POINT('',(4.01,4.47,-3.));
#1561 = VECTOR('',#1562,1.);
#1562 = DIRECTION('',(1.,0.,-0.));
#1563 = ORIENTED_EDGE('',*,*,#1478,.T.);
#1564 = ORIENTED_EDGE('',*,*,#1565,.T.);
#1565 = EDGE_CURVE('',#1481,#1521,#1566,.T.);
#1566 = LINE('',#1567,#1568);
#1567 = CARTESIAN_POINT('',(4.01,4.47,0.5));
#1568 = VECTOR('',#1569,1.);
#1569 = DIRECTION('',(1.,0.,-0.));
#1570 = ORIENTED_EDGE('',*,*,#1518,.F.);
#1571 = PLANE('',#1572);
#1572 = AXIS2_PLACEMENT_3D('',#1573,#1574,#1575);
#1573 = CARTESIAN_POINT('',(4.01,4.47,-3.));
#1574 = DIRECTION('',(-0.,1.,0.));
#1575 = DIRECTION('',(0.,0.,1.));
#1576 = ADVANCED_FACE('',(#1577),#1593,.T.);
#1577 = FACE_BOUND('',#1578,.T.);
#1578 = EDGE_LOOP('',(#1579,#1585,#1586,#1592));
#1579 = ORIENTED_EDGE('',*,*,#1580,.F.);
#1580 = EDGE_CURVE('',#1489,#1529,#1581,.T.);
#1581 = LINE('',#1582,#1583);
#1582 = CARTESIAN_POINT('',(4.01,5.07,-3.));
#1583 = VECTOR('',#1584,1.);
#1584 = DIRECTION('',(1.,0.,-0.));
#1585 = ORIENTED_EDGE('',*,*,#1496,.T.);
#1586 = ORIENTED_EDGE('',*,*,#1587,.T.);
#1587 = EDGE_CURVE('',#1497,#1537,#1588,.T.);
#1588 = LINE('',#1589,#1590);
#1589 = CARTESIAN_POINT('',(4.01,5.07,0.5));
#1590 = VECTOR('',#1591,1.);
#1591 = DIRECTION('',(1.,0.,-0.));
#1592 = ORIENTED_EDGE('',*,*,#1536,.F.);
#1593 = PLANE('',#1594);
#1594 = AXIS2_PLACEMENT_3D('',#1595,#1596,#1597);
#1595 = CARTESIAN_POINT('',(4.01,5.07,-3.));
#1596 = DIRECTION('',(-0.,1.,0.));
#1597 = DIRECTION('',(0.,0.,1.));
#1598 = ADVANCED_FACE('',(#1599),#1605,.F.);
#1599 = FACE_BOUND('',#1600,.F.);
#1600 = EDGE_LOOP('',(#1601,#1602,#1603,#1604));
#1601 = ORIENTED_EDGE('',*,*,#1488,.F.);
#1602 = ORIENTED_EDGE('',*,*,#1558,.T.);
#1603 = ORIENTED_EDGE('',*,*,#1528,.T.);
#1604 = ORIENTED_EDGE('',*,*,#1580,.F.);
#1605 = PLANE('',#1606);
#1606 = AXIS2_PLACEMENT_3D('',#1607,#1608,#1609);
#1607 = CARTESIAN_POINT('',(4.01,4.47,-3.));
#1608 = DIRECTION('',(0.,0.,1.));
#1609 = DIRECTION('',(1.,0.,-0.));
#1610 = ADVANCED_FACE('',(#1611),#1617,.T.);
#1611 = FACE_BOUND('',#1612,.T.);
#1612 = EDGE_LOOP('',(#1613,#1614,#1615,#1616));
#1613 = ORIENTED_EDGE('',*,*,#1504,.F.);
#1614 = ORIENTED_EDGE('',*,*,#1565,.T.);
#1615 = ORIENTED_EDGE('',*,*,#1544,.T.);
#1616 = ORIENTED_EDGE('',*,*,#1587,.F.);
#1617 = PLANE('',#1618);
#1618 = AXIS2_PLACEMENT_3D('',#1619,#1620,#1621);
#1619 = CARTESIAN_POINT('',(4.01,4.47,0.5));
#1620 = DIRECTION('',(0.,0.,1.));
#1621 = DIRECTION('',(1.,0.,-0.));
#1622 = ( GEOMETRIC_REPRESENTATION_CONTEXT(3) 
GLOBAL_UNCERTAINTY_ASSIGNED_CONTEXT((#1626)) 
GLOBAL_UNIT_ASSIGNED_CONTEXT((#1623,#1624,#1625)) REPRESENTATION_CONTEXT
('Context #1','3D Context with UNIT and UNCERTAINTY') );
#1623 = ( LENGTH_UNIT() NAMED_UNIT(*) SI_UNIT(.MILLI.,.METRE.) );
#1624 = ( NAMED_UNIT(*) PLANE_ANGLE_UNIT() SI_UNIT($,.RADIAN.) );
#1625 = ( NAMED_UNIT(*) SI_UNIT($,.STERADIAN.) SOLID_ANGLE_UNIT() );
#1626 = UNCERTAINTY_MEASURE_WITH_UNIT(LENGTH_MEASURE(1.E-07),#1623,
  'distance_accuracy_value','confusion accuracy');
#1627 = CONTEXT_DEPENDENT_SHAPE_REPRESENTATION(#1628,#1630);
#1628 = ( REPRESENTATION_RELATIONSHIP('','',#1471,#10) 
REPRESENTATION_RELATIONSHIP_WITH_TRANSFORMATION(#1629) 
SHAPE_REPRESENTATION_RELATIONSHIP() );
#1629 = ITEM_DEFINED_TRANSFORMATION('','',#11,#43);
#1630 = PRODUCT_DEFINITION_SHAPE('Placement','Placement of an item',
  #1631);
#1631 = NEXT_ASSEMBLY_USAGE_OCCURRENCE('8','shield_tail_0','',#5,#1466,$
  );
#1632 = PRODUCT_RELATED_PRODUCT_CATEGORY('part',$,(#1468));
#1633 = SHAPE_DEFINITION_REPRESENTATION(#1634,#1640);
#1634 = PRODUCT_DEFINITION_SHAPE('','',#1635);
#1635 = PRODUCT_DEFINITION('design','',#1636,#1639);
#1636 = PRODUCT_DEFINITION_FORMATION('','',#1637);
#1637 = PRODUCT('shield_tail_1','shield_tail_1','',(#1638));
#1638 = PRODUCT_CONTEXT('',#2,'mechanical');
#1639 = PRODUCT_DEFINITION_CONTEXT('part definition',#2,'design');
#1640 = ADVANCED_BREP_SHAPE_REPRESENTATION('',(#11,#1641),#1791);
#1641 = MANIFOLD_SOLID_BREP('',#1642);
#1642 = CLOSED_SHELL('',(#1643,#1683,#1723,#1745,#1767,#1779));
#1643 = ADVANCED_FACE('',(#1644),#1678,.F.);
#1644 = FACE_BOUND('',#1645,.F.);
#1645 = EDGE_LOOP('',(#1646,#1656,#1664,#1672));
#1646 = ORIENTED_EDGE('',*,*,#1647,.F.);
#1647 = EDGE_CURVE('',#1648,#1650,#1652,.T.);
#1648 = VERTEX_POINT('',#1649);
#1649 = CARTESIAN_POINT('',(4.01,-7.57,-3.));
#1650 = VERTEX_POINT('',#1651);
#1651 = CARTESIAN_POINT('',(4.01,-7.57,0.5));
#1652 = LINE('',#1653,#1654);
#1653 = CARTESIAN_POINT('',(4.01,-7.57,-3.));
#1654 = VECTOR('',#1655,1.);
#1655 = DIRECTION('',(0.,0.,1.));
#1656 = ORIENTED_EDGE('',*,*,#1657,.T.);
#1657 = EDGE_CURVE('',#1648,#1658,#1660,.T.);
#1658 = VERTEX_POINT('',#1659);
#1659 = CARTESIAN_POINT('',(4.01,-6.97,-3.));
#1660 = LINE('',#1661,#1662);
#1661 = CARTESIAN_POINT('',(4.01,-7.57,-3.));
#1662 = VECTOR('',#1663,1.);
#1663 = DIRECTION('',(-0.,1.,0.));
#1664 = ORIENTED_EDGE('',*,*,#1665,.T.);
#1665 = EDGE_CURVE('',#1658,#1666,#1668,.T.);
#1666 = VERTEX_POINT('',#1667);
#1667 = CARTESIAN_POINT('',(4.01,-6.97,0.5));
#1668 = LINE('',#1669,#1670);
#1669 = CARTESIAN_POINT('',(4.01,-6.97,-3.));
#1670 = VECTOR('',#1671,1.);
#1671 = DIRECTION('',(0.,0.,1.));
#1672 = ORIENTED_EDGE('',*,*,#1673,.F.);
#1673 = EDGE_CURVE('',#1650,#1666,#1674,.T.);
#1674 = LINE('',#1675,#1676);
#1675 = CARTESIAN_POINT('',(4.01,-7.57,0.5));
#1676 = VECTOR('',#1677,1.);
#1677 = DIRECTION('',(-0.,1.,0.));
#1678 = PLANE('',#1679);
#1679 = AXIS2_PLACEMENT_3D('',#1680,#1681,#1682);
#1680 = CARTESIAN_POINT('',(4.01,-7.57,-3.));
#1681 = DIRECTION('',(1.,0.,-0.));
#1682 = DIRECTION('',(0.,0.,1.));
#1683 = ADVANCED_FACE('',(#1684),#1718,.T.);
#1684 = FACE_BOUND('',#1685,.T.);
#1685 = EDGE_LOOP('',(#1686,#1696,#1704,#1712));
#1686 = ORIENTED_EDGE('',*,*,#1687,.F.);
#1687 = EDGE_CURVE('',#1688,#1690,#1692,.T.);
#1688 = VERTEX_POINT('',#1689);
#1689 = CARTESIAN_POINT('',(5.41,-7.57,-3.));
#1690 = VERTEX_POINT('',#1691);
#1691 = CARTESIAN_POINT('',(5.41,-7.57,0.5));
#1692 = LINE('',#1693,#1694);
#1693 = CARTESIAN_POINT('',(5.41,-7.57,-3.));
#1694 = VECTOR('',#1695,1.);
#1695 = DIRECTION('',(0.,0.,1.));
#1696 = ORIENTED_EDGE('',*,*,#1697,.T.);
#1697 = EDGE_CURVE('',#1688,#1698,#1700,.T.);
#1698 = VERTEX_POINT('',#1699);
#1699 = CARTESIAN_POINT('',(5.41,-6.97,-3.));
#1700 = LINE('',#1701,#1702);
#1701 = CARTESIAN_POINT('',(5.41,-7.57,-3.));
#1702 = VECTOR('',#1703,1.);
#1703 = DIRECTION('',(-0.,1.,0.));
#1704 = ORIENTED_EDGE('',*,*,#1705,.T.);
#1705 = EDGE_CURVE('',#1698,#1706,#1708,.T.);
#1706 = VERTEX_POINT('',#1707);
#1707 = CARTESIAN_POINT('',(5.41,-6.97,0.5));
#1708 = LINE('',#1709,#1710);
#1709 = CARTESIAN_POINT('',(5.41,-6.97,-3.));
#1710 = VECTOR('',#1711,1.);
#1711 = DIRECTION('',(0.,0.,1.));
#1712 = ORIENTED_EDGE('',*,*,#1713,.F.);
#1713 = EDGE_CURVE('',#1690,#1706,#1714,.T.);
#1714 = LINE('',#1715,#1716);
#1715 = CARTESIAN_POINT('',(5.41,-7.57,0.5));
#1716 = VECTOR('',#1717,1.);
#1717 = DIRECTION('',(-0.,1.,0.));
#1718 = PLANE('',#1719);
#1719 = AXIS2_PLACEMENT_3D('',#1720,#1721,#1722);
#1720 = CARTESIAN_POINT('',(5.41,-7.57,-3.));
#1721 = DIRECTION('',(1.,0.,-0.));
#1722 = DIRECTION('',(0.,0.,1.));
#1723 = ADVANCED_FACE('',(#1724),#1740,.F.);
#1724 = FACE_BOUND('',#1725,.F.);
#1725 = EDGE_LOOP('',(#1726,#1732,#1733,#1739));
#1726 = ORIENTED_EDGE('',*,*,#1727,.F.);
#1727 = EDGE_CURVE('',#1648,#1688,#1728,.T.);
#1728 = LINE('',#1729,#1730);
#1729 = CARTESIAN_POINT('',(4.01,-7.57,-3.));
#1730 = VECTOR('',#1731,1.);
#1731 = DIRECTION('',(1.,0.,-0.));
#1732 = ORIENTED_EDGE('',*,*,#1647,.T.);
#1733 = ORIENTED_EDGE('',*,*,#1734,.T.);
#1734 = EDGE_CURVE('',#1650,#1690,#1735,.T.);
#1735 = LINE('',#1736,#1737);
#1736 = CARTESIAN_POINT('',(4.01,-7.57,0.5));
#1737 = VECTOR('',#1738,1.);
#1738 = DIRECTION('',(1.,0.,-0.));
#1739 = ORIENTED_EDGE('',*,*,#1687,.F.);
#1740 = PLANE('',#1741);
#1741 = AXIS2_PLACEMENT_3D('',#1742,#1743,#1744);
#1742 = CARTESIAN_POINT('',(4.01,-7.57,-3.));
#1743 = DIRECTION('',(-0.,1.,0.));
#1744 = DIRECTION('',(0.,0.,1.));
#1745 = ADVANCED_FACE('',(#1746),#1762,.T.);
#1746 = FACE_BOUND('',#1747,.T.);
#1747 = EDGE_LOOP('',(#1748,#1754,#1755,#1761));
#1748 = ORIENTED_EDGE('',*,*,#1749,.F.);
#1749 = EDGE_CURVE('',#1658,#1698,#1750,.T.);
#1750 = LINE('',#1751,#1752);
#1751 = CARTESIAN_POINT('',(4.01,-6.97,-3.));
#1752 = VECTOR('',#1753,1.);
#1753 = DIRECTION('',(1.,0.,-0.));
#1754 = ORIENTED_EDGE('',*,*,#1665,.T.);
#1755 = ORIENTED_EDGE('',*,*,#1756,.T.);
#1756 = EDGE_CURVE('',#1666,#1706,#1757,.T.);
#1757 = LINE('',#1758,#1759);
#1758 = CARTESIAN_POINT('',(4.01,-6.97,0.5));
#1759 = VECTOR('',#1760,1.);
#1760 = DIRECTION('',(1.,0.,-0.));
#1761 = ORIENTED_EDGE('',*,*,#1705,.F.);
#1762 = PLANE('',#1763);
#1763 = AXIS2_PLACEMENT_3D('',#1764,#1765,#1766);
#1764 = CARTESIAN_POINT('',(4.01,-6.97,-3.));
#1765 = DIRECTION('',(-0.,1.,0.));
#1766 = DIRECTION('',(0.,0.,1.));
#1767 = ADVANCED_FACE('',(#1768),#1774,.F.);
#1768 = FACE_BOUND('',#1769,.F.);
#1769 = EDGE_LOOP('',(#1770,#1771,#1772,#1773));
#1770 = ORIENTED_EDGE('',*,*,#1657,.F.);
#1771 = ORIENTED_EDGE('',*,*,#1727,.T.);
#1772 = ORIENTED_EDGE('',*,*,#1697,.T.);
#1773 = ORIENTED_EDGE('',*,*,#1749,.F.);
#1774 = PLANE('',#1775);
#1775 = AXIS2_PLACEMENT_3D('',#1776,#1777,#1778);
#1776 = CARTESIAN_POINT('',(4.01,-7.57,-3.));
#1777 = DIRECTION('',(0.,0.,1.));
#1778 = DIRECTION('',(1.,0.,-0.));
#1779 = ADVANCED_FACE('',(#1780),#1786,.T.);
#1780 = FACE_BOUND('',#1781,.T.);
#1781 = EDGE_LOOP('',(#1782,#1783,#1784,#1785));
#1782 = ORIENTED_EDGE('',*,*,#1673,.F.);
#1783 = ORIENTED_EDGE('',*,*,#1734,.T.);
#1784 = ORIENTED_EDGE('',*,*,#1713,.T.);
#1785 = ORIENTED_EDGE('',*,*,#1756,.F.);
#1786 = PLANE('',#1787);
#1787 = AXIS2_PLACEMENT_3D('',#1788,#1789,#1790);
#1788 = CARTESIAN_POINT('',(4.01,-7.57,0.5));
#1789 = DIRECTION('',(0.,0.,1.));
#1790 = DIRECTION('',(1.,0.,-0.));
#1791 = ( GEOMETRIC_REPRESENTATION_CONTEXT(3) 
GLOBAL_UNCERTAINTY_ASSIGNED_CONTEXT((#1795)) 
GLOBAL_UNIT_ASSIGNED_CONTEXT((#1792,#1793,#1794)) REPRESENTATION_CONTEXT
('Context #1','3D Context with UNIT and UNCERTAINTY') );
#1792 = ( LENGTH_UNIT() NAMED_UNIT(*) SI_UNIT(.MILLI.,.METRE.) );
#1793 = ( NAMED_UNIT(*) PLANE_ANGLE_UNIT() SI_UNIT($,.RADIAN.) );
#1794 = ( NAMED_UNIT(*) SI_UNIT($,.STERADIAN.) SOLID_ANGLE_UNIT() );
#1795 = UNCERTAINTY_MEASURE_WITH_UNIT(LENGTH_MEASURE(1.E-07),#1792,
  'distance_accuracy_value','confusion accuracy');
#1796 = CONTEXT_DEPENDENT_SHAPE_REPRESENTATION(#1797,#1799);
#1797 = ( REPRESENTATION_RELATIONSHIP('','',#1640,#10) 
REPRESENTATION_RELATIONSHIP_WITH_TRANSFORMATION(#1798) 
SHAPE_REPRESENTATION_RELATIONSHIP() );
#1798 = ITEM_DEFINED_TRANSFORMATION('','',#11,#47);
#1799 = PRODUCT_DEFINITION_SHAPE('Placement','Placement of an item',
  #1800);
#1800 = NEXT_ASSEMBLY_USAGE_OCCURRENCE('9','shield_tail_1','',#5,#1635,$
  );
#1801 = PRODUCT_RELATED_PRODUCT_CATEGORY('part',$,(#1637));
#1802 = SHAPE_DEFINITION_REPRESENTATION(#1803,#1809);
#1803 = PRODUCT_DEFINITION_SHAPE('','',#1804);
#1804 = PRODUCT_DEFINITION('design','',#1805,#1808);
#1805 = PRODUCT_DEFINITION_FORMATION('','',#1806);
#1806 = PRODUCT('contact_1','contact_1','',(#1807));
#1807 = PRODUCT_CONTEXT('',#2,'mechanical');
#1808 = PRODUCT_DEFINITION_CONTEXT('part definition',#2,'design');
#1809 = ADVANCED_BREP_SHAPE_REPRESENTATION('',(#11,#1810),#1960);
#1810 = MANIFOLD_SOLID_BREP('',#1811);
#1811 = CLOSED_SHELL('',(#1812,#1852,#1892,#1914,#1936,#1948));
#1812 = ADVANCED_FACE('',(#1813),#1847,.F.);
#1813 = FACE_BOUND('',#1814,.F.);
#1814 = EDGE_LOOP('',(#1815,#1825,#1833,#1841));
#1815 = ORIENTED_EDGE('',*,*,#1816,.F.);
#1816 = EDGE_CURVE('',#1817,#1819,#1821,.T.);
#1817 = VERTEX_POINT('',#1818);
#1818 = CARTESIAN_POINT('',(7.,-3.28,3.2));
#1819 = VERTEX_POINT('',#1820);
#1820 = CARTESIAN_POINT('',(7.,-3.28,3.32));
#1821 = LINE('',#1822,#1823);
#1822 = CARTESIAN_POINT('',(7.,-3.28,3.2));
#1823 = VECTOR('',#1824,1.);
#1824 = DIRECTION('',(0.,0.,1.));
#1825 = ORIENTED_EDGE('',*,*,#1826,.T.);
#1826 = EDGE_CURVE('',#1817,#1827,#1829,.T.);
#1827 = VERTEX_POINT('',#1828);
#1828 = CARTESIAN_POINT('',(7.,-2.92,3.2));
#1829 = LINE('',#1830,#1831);
#1830 = CARTESIAN_POINT('',(7.,-3.28,3.2));
#1831 = VECTOR('',#1832,1.);
#1832 = DIRECTION('',(0.,1.,0.));
#1833 = ORIENTED_EDGE('',*,*,#1834,.T.);
#1834 = EDGE_CURVE('',#1827,#1835,#1837,.T.);
#1835 = VERTEX_POINT('',#1836);
#1836 = CARTESIAN_POINT('',(7.,-2.92,3.32));
#1837 = LINE('',#1838,#1839);
#1838 = CARTESIAN_POINT('',(7.,-2.92,3.2));
#1839 = VECTOR('',#1840,1.);
#1840 = DIRECTION('',(0.,0.,1.));
#1841 = ORIENTED_EDGE('',*,*,#1842,.F.);
#1842 = EDGE_CURVE('',#1819,#1835,#1843,.T.);
#1843 = LINE('',#1844,#1845);
#1844 = CARTESIAN_POINT('',(7.,-3.28,3.32));
#1845 = VECTOR('',#1846,1.);
#1846 = DIRECTION('',(0.,1.,0.));
#1847 = PLANE('',#1848);
#1848 = AXIS2_PLACEMENT_3D('',#1849,#1850,#1851);
#1849 = CARTESIAN_POINT('',(7.,-3.28,3.2));
#1850 = DIRECTION('',(1.,0.,0.));
#1851 = DIRECTION('',(0.,0.,1.));
#1852 = ADVANCED_FACE('',(#1853),#1887,.T.);
#1853 = FACE_BOUND('',#1854,.T.);
#1854 = EDGE_LOOP('',(#1855,#1865,#1873,#1881));
#1855 = ORIENTED_EDGE('',*,*,#1856,.F.);
#1856 = EDGE_CURVE('',#1857,#1859,#1861,.T.);
#1857 = VERTEX_POINT('',#1858);
#1858 = CARTESIAN_POINT('',(13.5,-3.28,3.2));
#1859 = VERTEX_POINT('',#1860);
#1860 = CARTESIAN_POINT('',(13.5,-3.28,3.32));
#1861 = LINE('',#1862,#1863);
#1862 = CARTESIAN_POINT('',(13.5,-3.28,3.2));
#1863 = VECTOR('',#1864,1.);
#1864 = DIRECTION('',(0.,0.,1.));
#1865 = ORIENTED_EDGE('',*,*,#1866,.T.);
#1866 = EDGE_CURVE('',#1857,#1867,#1869,.T.);
#1867 = VERTEX_POINT('',#1868);
#1868 = CARTESIAN_POINT('',(13.5,-2.92,3.2));
#1869 = LINE('',#1870,#1871);
#1870 = CARTESIAN_POINT('',(13.5,-3.28,3.2));
#1871 = VECTOR('',#1872,1.);
#1872 = DIRECTION('',(0.,1.,0.));
#1873 = ORIENTED_EDGE('',*,*,#1874,.T.);
#1874 = EDGE_CURVE('',#1867,#1875,#1877,.T.);
#1875 = VERTEX_POINT('',#1876);
#1876 = CARTESIAN_POINT('',(13.5,-2.92,3.32));
#1877 = LINE('',#1878,#1879);
#1878 = CARTESIAN_POINT('',(13.5,-2.92,3.2));
#1879 = VECTOR('',#1880,1.);
#1880 = DIRECTION('',(0.,0.,1.));
#1881 = ORIENTED_EDGE('',*,*,#1882,.F.);
#1882 = EDGE_CURVE('',#1859,#1875,#1883,.T.);
#1883 = LINE('',#1884,#1885);
#1884 = CARTESIAN_POINT('',(13.5,-3.28,3.32));
#1885 = VECTOR('',#1886,1.);
#1886 = DIRECTION('',(0.,1.,0.));
#1887 = PLANE('',#1888);
#1888 = AXIS2_PLACEMENT_3D('',#1889,#1890,#1891);
#1889 = CARTESIAN_POINT('',(13.5,-3.28,3.2));
#1890 = DIRECTION('',(1.,0.,0.));
#1891 = DIRECTION('',(0.,0.,1.));
#1892 = ADVANCED_FACE('',(#1893),#1909,.F.);
#1893 = FACE_BOUND('',#1894,.F.);
#1894 = EDGE_LOOP('',(#1895,#1901,#1902,#1908));
#1895 = ORIENTED_EDGE('',*,*,#1896,.F.);
#1896 = EDGE_CURVE('',#1817,#1857,#1897,.T.);
#1897 = LINE('',#1898,#1899);
#1898 = CARTESIAN_POINT('',(7.,-3.28,3.2));
#1899 = VECTOR('',#1900,1.);
#1900 = DIRECTION('',(1.,0.,0.));
#1901 = ORIENTED_EDGE('',*,*,#1816,.T.);
#1902 = ORIENTED_EDGE('',*,*,#1903,.T.);
#1903 = EDGE_CURVE('',#1819,#1859,#1904,.T.);
#1904 = LINE('',#1905,#1906);
#1905 = CARTESIAN_POINT('',(7.,-3.28,3.32));
#1906 = VECTOR('',#1907,1.);
#1907 = DIRECTION('',(1.,0.,0.));
#1908 = ORIENTED_EDGE('',*,*,#1856,.F.);
#1909 = PLANE('',#1910);
#1910 = AXIS2_PLACEMENT_3D('',#1911,#1912,#1913);
#1911 = CARTESIAN_POINT('',(7.,-3.28,3.2));
#1912 = DIRECTION('',(0.,1.,0.));
#1913 = DIRECTION('',(0.,-0.,1.));
#1914 = ADVANCED_FACE('',(#1915),#1931,.T.);
#1915 = FACE_BOUND('',#1916,.T.);
#1916 = EDGE_LOOP('',(#1917,#1923,#1924,#1930));
#1917 = ORIENTED_EDGE('',*,*,#1918,.F.);
#1918 = EDGE_CURVE('',#1827,#1867,#1919,.T.);
#1919 = LINE('',#1920,#1921);
#1920 = CARTESIAN_POINT('',(7.,-2.92,3.2));
#1921 = VECTOR('',#1922,1.);
#1922 = DIRECTION('',(1.,0.,0.));
#1923 = ORIENTED_EDGE('',*,*,#1834,.T.);
#1924 = ORIENTED_EDGE('',*,*,#1925,.T.);
#1925 = EDGE_CURVE('',#1835,#1875,#1926,.T.);
#1926 = LINE('',#1927,#1928);
#1927 = CARTESIAN_POINT('',(7.,-2.92,3.32));
#1928 = VECTOR('',#1929,1.);
#1929 = DIRECTION('',(1.,0.,0.));
#1930 = ORIENTED_EDGE('',*,*,#1874,.F.);
#1931 = PLANE('',#1932);
#1932 = AXIS2_PLACEMENT_3D('',#1933,#1934,#1935);
#1933 = CARTESIAN_POINT('',(7.,-2.92,3.2));
#1934 = DIRECTION('',(0.,1.,0.));
#1935 = DIRECTION('',(0.,-0.,1.));
#1936 = ADVANCED_FACE('',(#1937),#1943,.F.);
#1937 = FACE_BOUND('',#1938,.F.);
#1938 = EDGE_LOOP('',(#1939,#1940,#1941,#1942));
#1939 = ORIENTED_EDGE('',*,*,#1826,.F.);
#1940 = ORIENTED_EDGE('',*,*,#1896,.T.);
#1941 = ORIENTED_EDGE('',*,*,#1866,.T.);
#1942 = ORIENTED_EDGE('',*,*,#1918,.F.);
#1943 = PLANE('',#1944);
#1944 = AXIS2_PLACEMENT_3D('',#1945,#1946,#1947);
#1945 = CARTESIAN_POINT('',(7.,-3.28,3.2));
#1946 = DIRECTION('',(0.,0.,1.));
#1947 = DIRECTION('',(1.,0.,-0.));
#1948 = ADVANCED_FACE('',(#1949),#1955,.T.);
#1949 = FACE_BOUND('',#1950,.T.);
#1950 = EDGE_LOOP('',(#1951,#1952,#1953,#1954));
#1951 = ORIENTED_EDGE('',*,*,#1842,.F.);
#1952 = ORIENTED_EDGE('',*,*,#1903,.T.);
#1953 = ORIENTED_EDGE('',*,*,#1882,.T.);
#1954 = ORIENTED_EDGE('',*,*,#1925,.F.);
#1955 = PLANE('',#1956);
#1956 = AXIS2_PLACEMENT_3D('',#1957,#1958,#1959);
#1957 = CARTESIAN_POINT('',(7.,-3.28,3.32));
#1958 = DIRECTION('',(0.,0.,1.));
#1959 = DIRECTION('',(1.,0.,-0.));
#1960 = ( GEOMETRIC_REPRESENTATION_CONTEXT(3) 
GLOBAL_UNCERTAINTY_ASSIGNED_CONTEXT((#1964)) 
GLOBAL_UNIT_ASSIGNED_CONTEXT((#1961,#1962,#1963)) REPRESENTATION_CONTEXT
('Context #1','3D Context with UNIT and UNCERTAINTY') );
#1961 = ( LENGTH_UNIT() NAMED_UNIT(*) SI_UNIT(.MILLI.,.METRE.) );
#1962 = ( NAMED_UNIT(*) PLANE_ANGLE_UNIT() SI_UNIT($,.RADIAN.) );
#1963 = ( NAMED_UNIT(*) SI_UNIT($,.STERADIAN.) SOLID_ANGLE_UNIT() );
#1964 = UNCERTAINTY_MEASURE_WITH_UNIT(LENGTH_MEASURE(1.E-07),#1961,
  'distance_accuracy_value','confusion accuracy');
#1965 = CONTEXT_DEPENDENT_SHAPE_REPRESENTATION(#1966,#1968);
#1966 = ( REPRESENTATION_RELATIONSHIP('','',#1809,#10) 
REPRESENTATION_RELATIONSHIP_WITH_TRANSFORMATION(#1967) 
SHAPE_REPRESENTATION_RELATIONSHIP() );
#1967 = ITEM_DEFINED_TRANSFORMATION('','',#11,#51);
#1968 = PRODUCT_DEFINITION_SHAPE('Placement','Placement of an item',
  #1969);
#1969 = NEXT_ASSEMBLY_USAGE_OCCURRENCE('10','contact_1','',#5,#1804,$);
#1970 = PRODUCT_RELATED_PRODUCT_CATEGORY('part',$,(#1806));
#1971 = SHAPE_DEFINITION_REPRESENTATION(#1972,#1978);
#1972 = PRODUCT_DEFINITION_SHAPE('','',#1973);
#1973 = PRODUCT_DEFINITION('design','',#1974,#1977);
#1974 = PRODUCT_DEFINITION_FORMATION('','',#1975);
#1975 = PRODUCT('contact_2','contact_2','',(#1976));
#1976 = PRODUCT_CONTEXT('',#2,'mechanical');
#1977 = PRODUCT_DEFINITION_CONTEXT('part definition',#2,'design');
#1978 = ADVANCED_BREP_SHAPE_REPRESENTATION('',(#11,#1979),#2129);
#1979 = MANIFOLD_SOLID_BREP('',#1980);
#1980 = CLOSED_SHELL('',(#1981,#2021,#2061,#2083,#2105,#2117));
#1981 = ADVANCED_FACE('',(#1982),#2016,.F.);
#1982 = FACE_BOUND('',#1983,.F.);
#1983 = EDGE_LOOP('',(#1984,#1994,#2002,#2010));
#1984 = ORIENTED_EDGE('',*,*,#1985,.F.);
#1985 = EDGE_CURVE('',#1986,#1988,#1990,.T.);
#1986 = VERTEX_POINT('',#1987);
#1987 = CARTESIAN_POINT('',(7.,0.42,3.2));
#1988 = VERTEX_POINT('',#1989);
#1989 = CARTESIAN_POINT('',(7.,0.42,3.32));
#1990 = LINE('',#1991,#1992);
#1991 = CARTESIAN_POINT('',(7.,0.42,3.2));
#1992 = VECTOR('',#1993,1.);
#1993 = DIRECTION('',(0.,0.,1.));
#1994 = ORIENTED_EDGE('',*,*,#1995,.T.);
#1995 = EDGE_CURVE('',#1986,#1996,#1998,.T.);
#1996 = VERTEX_POINT('',#1997);
#1997 = CARTESIAN_POINT('',(7.,0.78,3.2));
#1998 = LINE('',#1999,#2000);
#1999 = CARTESIAN_POINT('',(7.,0.42,3.2));
#2000 = VECTOR('',#2001,1.);
#2001 = DIRECTION('',(0.,1.,0.));
#2002 = ORIENTED_EDGE('',*,*,#2003,.T.);
#2003 = EDGE_CURVE('',#1996,#2004,#2006,.T.);
#2004 = VERTEX_POINT('',#2005);
#2005 = CARTESIAN_POINT('',(7.,0.78,3.32));
#2006 = LINE('',#2007,#2008);
#2007 = CARTESIAN_POINT('',(7.,0.78,3.2));
#2008 = VECTOR('',#2009,1.);
#2009 = DIRECTION('',(0.,0.,1.));
#2010 = ORIENTED_EDGE('',*,*,#2011,.F.);
#2011 = EDGE_CURVE('',#1988,#2004,#2012,.T.);
#2012 = LINE('',#2013,#2014);
#2013 = CARTESIAN_POINT('',(7.,0.42,3.32));
#2014 = VECTOR('',#2015,1.);
#2015 = DIRECTION('',(0.,1.,0.));
#2016 = PLANE('',#2017);
#2017 = AXIS2_PLACEMENT_3D('',#2018,#2019,#2020);
#2018 = CARTESIAN_POINT('',(7.,0.42,3.2));
#2019 = DIRECTION('',(1.,0.,0.));
#2020 = DIRECTION('',(0.,0.,1.));
#2021 = ADVANCED_FACE('',(#2022),#2056,.T.);
#2022 = FACE_BOUND('',#2023,.T.);
#2023 = EDGE_LOOP('',(#2024,#2034,#2042,#2050));
#2024 = ORIENTED_EDGE('',*,*,#2025,.F.);
#2025 = EDGE_CURVE('',#2026,#2028,#2030,.T.);
#2026 = VERTEX_POINT('',#2027);
#2027 = CARTESIAN_POINT('',(13.5,0.42,3.2));
#2028 = VERTEX_POINT('',#2029);
#2029 = CARTESIAN_POINT('',(13.5,0.42,3.32));
#2030 = LINE('',#2031,#2032);
#2031 = CARTESIAN_POINT('',(13.5,0.42,3.2));
#2032 = VECTOR('',#2033,1.);
#2033 = DIRECTION('',(0.,0.,1.));
#2034 = ORIENTED_EDGE('',*,*,#2035,.T.);
#2035 = EDGE_CURVE('',#2026,#2036,#2038,.T.);
#2036 = VERTEX_POINT('',#2037);
#2037 = CARTESIAN_POINT('',(13.5,0.78,3.2));
#2038 = LINE('',#2039,#2040);
#2039 = CARTESIAN_POINT('',(13.5,0.42,3.2));
#2040 = VECTOR('',#2041,1.);
#2041 = DIRECTION('',(0.,1.,0.));
#2042 = ORIENTED_EDGE('',*,*,#2043,.T.);
#2043 = EDGE_CURVE('',#2036,#2044,#2046,.T.);
#2044 = VERTEX_POINT('',#2045);
#2045 = CARTESIAN_POINT('',(13.5,0.78,3.32));
#2046 = LINE('',#2047,#2048);
#2047 = CARTESIAN_POINT('',(13.5,0.78,3.2));
#2048 = VECTOR('',#2049,1.);
#2049 = DIRECTION('',(0.,0.,1.));
#2050 = ORIENTED_EDGE('',*,*,#2051,.F.);
#2051 = EDGE_CURVE('',#2028,#2044,#2052,.T.);
#2052 = LINE('',#2053,#2054);
#2053 = CARTESIAN_POINT('',(13.5,0.42,3.32));
#2054 = VECTOR('',#2055,1.);
#2055 = DIRECTION('',(0.,1.,0.));
#2056 = PLANE('',#2057);
#2057 = AXIS2_PLACEMENT_3D('',#2058,#2059,#2060);
#2058 = CARTESIAN_POINT('',(13.5,0.42,3.2));
#2059 = DIRECTION('',(1.,0.,0.));
#2060 = DIRECTION('',(0.,0.,1.));
#2061 = ADVANCED_FACE('',(#2062),#2078,.F.);
#2062 = FACE_BOUND('',#2063,.F.);
#2063 = EDGE_LOOP('',(#2064,#2070,#2071,#2077));
#2064 = ORIENTED_EDGE('',*,*,#2065,.F.);
#2065 = EDGE_CURVE('',#1986,#2026,#2066,.T.);
#2066 = LINE('',#2067,#2068);
#2067 = CARTESIAN_POINT('',(7.,0.42,3.2));
#2068 = VECTOR('',#2069,1.);
#2069 = DIRECTION('',(1.,0.,0.));
#2070 = ORIENTED_EDGE('',*,*,#1985,.T.);
#2071 = ORIENTED_EDGE('',*,*,#2072,.T.);
#2072 = EDGE_CURVE('',#1988,#2028,#2073,.T.);
#2073 = LINE('',#2074,#2075);
#2074 = CARTESIAN_POINT('',(7.,0.42,3.32));
#2075 = VECTOR('',#2076,1.);
#2076 = DIRECTION('',(1.,0.,0.));
#2077 = ORIENTED_EDGE('',*,*,#2025,.F.);
#2078 = PLANE('',#2079);
#2079 = AXIS2_PLACEMENT_3D('',#2080,#2081,#2082);
#2080 = CARTESIAN_POINT('',(7.,0.42,3.2));
#2081 = DIRECTION('',(0.,1.,0.));
#2082 = DIRECTION('',(0.,-0.,1.));
#2083 = ADVANCED_FACE('',(#2084),#2100,.T.);
#2084 = FACE_BOUND('',#2085,.T.);
#2085 = EDGE_LOOP('',(#2086,#2092,#2093,#2099));
#2086 = ORIENTED_EDGE('',*,*,#2087,.F.);
#2087 = EDGE_CURVE('',#1996,#2036,#2088,.T.);
#2088 = LINE('',#2089,#2090);
#2089 = CARTESIAN_POINT('',(7.,0.78,3.2));
#2090 = VECTOR('',#2091,1.);
#2091 = DIRECTION('',(1.,0.,0.));
#2092 = ORIENTED_EDGE('',*,*,#2003,.T.);
#2093 = ORIENTED_EDGE('',*,*,#2094,.T.);
#2094 = EDGE_CURVE('',#2004,#2044,#2095,.T.);
#2095 = LINE('',#2096,#2097);
#2096 = CARTESIAN_POINT('',(7.,0.78,3.32));
#2097 = VECTOR('',#2098,1.);
#2098 = DIRECTION('',(1.,0.,0.));
#2099 = ORIENTED_EDGE('',*,*,#2043,.F.);
#2100 = PLANE('',#2101);
#2101 = AXIS2_PLACEMENT_3D('',#2102,#2103,#2104);
#2102 = CARTESIAN_POINT('',(7.,0.78,3.2));
#2103 = DIRECTION('',(0.,1.,0.));
#2104 = DIRECTION('',(0.,-0.,1.));
#2105 = ADVANCED_FACE('',(#2106),#2112,.F.);
#2106 = FACE_BOUND('',#2107,.F.);
#2107 = EDGE_LOOP('',(#2108,#2109,#2110,#2111));
#2108 = ORIENTED_EDGE('',*,*,#1995,.F.);
#2109 = ORIENTED_EDGE('',*,*,#2065,.T.);
#2110 = ORIENTED_EDGE('',*,*,#2035,.T.);
#2111 = ORIENTED_EDGE('',*,*,#2087,.F.);
#2112 = PLANE('',#2113);
#2113 = AXIS2_PLACEMENT_3D('',#2114,#2115,#2116);
#2114 = CARTESIAN_POINT('',(7.,0.42,3.2));
#2115 = DIRECTION('',(0.,0.,1.));
#2116 = DIRECTION('',(1.,0.,-0.));
#2117 = ADVANCED_FACE('',(#2118),#2124,.T.);
#2118 = FACE_BOUND('',#2119,.T.);
#2119 = EDGE_LOOP('',(#2120,#2121,#2122,#2123));
#2120 = ORIENTED_EDGE('',*,*,#2011,.F.);
#2121 = ORIENTED_EDGE('',*,*,#2072,.T.);
#2122 = ORIENTED_EDGE('',*,*,#2051,.T.);
#2123 = ORIENTED_EDGE('',*,*,#2094,.F.);
#2124 = PLANE('',#2125);
#2125 = AXIS2_PLACEMENT_3D('',#2126,#2127,#2128);
#2126 = CARTESIAN_POINT('',(7.,0.42,3.32));
#2127 = DIRECTION('',(0.,0.,1.));
#2128 = DIRECTION('',(1.,0.,-0.));
#2129 = ( GEOMETRIC_REPRESENTATION_CONTEXT(3) 
GLOBAL_UNCERTAINTY_ASSIGNED_CONTEXT((#2133)) 
GLOBAL_UNIT_ASSIGNED_CONTEXT((#2130,#2131,#2132)) REPRESENTATION_CONTEXT
('Context #1','3D Context with UNIT and UNCERTAINTY') );
#2130 = ( LENGTH_UNIT() NAMED_UNIT(*) SI_UNIT(.MILLI.,.METRE.) );
#2131 = ( NAMED_UNIT(*) PLANE_ANGLE_UNIT() SI_UNIT($,.RADIAN.) );
#2132 = ( NAMED_UNIT(*) SI_UNIT($,.STERADIAN.) SOLID_ANGLE_UNIT() );
#2133 = UNCERTAINTY_MEASURE_WITH_UNIT(LENGTH_MEASURE(1.E-07),#2130,
  'distance_accuracy_value','confusion accuracy');
#2134 = CONTEXT_DEPENDENT_SHAPE_REPRESENTATION(#2135,#2137);
#2135 = ( REPRESENTATION_RELATIONSHIP('','',#1978,#10) 
REPRESENTATION_RELATIONSHIP_WITH_TRANSFORMATION(#2136) 
SHAPE_REPRESENTATION_RELATIONSHIP() );
#2136 = ITEM_DEFINED_TRANSFORMATION('','',#11,#55);
#2137 = PRODUCT_DEFINITION_SHAPE('Placement','Placement of an item',
  #2138);
#2138 = NEXT_ASSEMBLY_USAGE_OCCURRENCE('11','contact_2','',#5,#1973,$);
#2139 = PRODUCT_RELATED_PRODUCT_CATEGORY('part',$,(#1975));
#2140 = SHAPE_DEFINITION_REPRESENTATION(#2141,#2147);
#2141 = PRODUCT_DEFINITION_SHAPE('','',#2142);
#2142 = PRODUCT_DEFINITION('design','',#2143,#2146);
#2143 = PRODUCT_DEFINITION_FORMATION('','',#2144);
#2144 = PRODUCT('contact_3','contact_3','',(#2145));
#2145 = PRODUCT_CONTEXT('',#2,'mechanical');
#2146 = PRODUCT_DEFINITION_CONTEXT('part definition',#2,'design');
#2147 = ADVANCED_BREP_SHAPE_REPRESENTATION('',(#11,#2148),#2298);
#2148 = MANIFOLD_SOLID_BREP('',#2149);
#2149 = CLOSED_SHELL('',(#2150,#2190,#2230,#2252,#2274,#2286));
#2150 = ADVANCED_FACE('',(#2151),#2185,.F.);
#2151 = FACE_BOUND('',#2152,.F.);
#2152 = EDGE_LOOP('',(#2153,#2163,#2171,#2179));
#2153 = ORIENTED_EDGE('',*,*,#2154,.F.);
#2154 = EDGE_CURVE('',#2155,#2157,#2159,.T.);
#2155 = VERTEX_POINT('',#2156);
#2156 = CARTESIAN_POINT('',(7.,-3.28,6.15));
#2157 = VERTEX_POINT('',#2158);
#2158 = CARTESIAN_POINT('',(7.,-3.28,6.27));
#2159 = LINE('',#2160,#2161);
#2160 = CARTESIAN_POINT('',(7.,-3.28,6.15));
#2161 = VECTOR('',#2162,1.);
#2162 = DIRECTION('',(0.,0.,1.));
#2163 = ORIENTED_EDGE('',*,*,#2164,.T.);
#2164 = EDGE_CURVE('',#2155,#2165,#2167,.T.);
#2165 = VERTEX_POINT('',#2166);
#2166 = CARTESIAN_POINT('',(7.,-2.92,6.15));
#2167 = LINE('',#2168,#2169);
#2168 = CARTESIAN_POINT('',(7.,-3.28,6.15));
#2169 = VECTOR('',#2170,1.);
#2170 = DIRECTION('',(0.,1.,0.));
#2171 = ORIENTED_EDGE('',*,*,#2172,.T.);
#2172 = EDGE_CURVE('',#2165,#2173,#2175,.T.);
#2173 = VERTEX_POINT('',#2174);
#2174 = CARTESIAN_POINT('',(7.,-2.92,6.27));
#2175 = LINE('',#2176,#2177);
#2176 = CARTESIAN_POINT('',(7.,-2.92,6.15));
#2177 = VECTOR('',#2178,1.);
#2178 = DIRECTION('',(0.,0.,1.));
#2179 = ORIENTED_EDGE('',*,*,#2180,.F.);
#2180 = EDGE_CURVE('',#2157,#2173,#2181,.T.);
#2181 = LINE('',#2182,#2183);
#2182 = CARTESIAN_POINT('',(7.,-3.28,6.27));
#2183 = VECTOR('',#2184,1.);
#2184 = DIRECTION('',(0.,1.,0.));
#2185 = PLANE('',#2186);
#2186 = AXIS2_PLACEMENT_3D('',#2187,#2188,#2189);
#2187 = CARTESIAN_POINT('',(7.,-3.28,6.15));
#2188 = DIRECTION('',(1.,0.,0.));
#2189 = DIRECTION('',(0.,0.,1.));
#2190 = ADVANCED_FACE('',(#2191),#2225,.T.);
#2191 = FACE_BOUND('',#2192,.T.);
#2192 = EDGE_LOOP('',(#2193,#2203,#2211,#2219));
#2193 = ORIENTED_EDGE('',*,*,#2194,.F.);
#2194 = EDGE_CURVE('',#2195,#2197,#2199,.T.);
#2195 = VERTEX_POINT('',#2196);
#2196 = CARTESIAN_POINT('',(13.5,-3.28,6.15));
#2197 = VERTEX_POINT('',#2198);
#2198 = CARTESIAN_POINT('',(13.5,-3.28,6.27));
#2199 = LINE('',#2200,#2201);
#2200 = CARTESIAN_POINT('',(13.5,-3.28,6.15));
#2201 = VECTOR('',#2202,1.);
#2202 = DIRECTION('',(0.,0.,1.));
#2203 = ORIENTED_EDGE('',*,*,#2204,.T.);
#2204 = EDGE_CURVE('',#2195,#2205,#2207,.T.);
#2205 = VERTEX_POINT('',#2206);
#2206 = CARTESIAN_POINT('',(13.5,-2.92,6.15));
#2207 = LINE('',#2208,#2209);
#2208 = CARTESIAN_POINT('',(13.5,-3.28,6.15));
#2209 = VECTOR('',#2210,1.);
#2210 = DIRECTION('',(0.,1.,0.));
#2211 = ORIENTED_EDGE('',*,*,#2212,.T.);
#2212 = EDGE_CURVE('',#2205,#2213,#2215,.T.);
#2213 = VERTEX_POINT('',#2214);
#2214 = CARTESIAN_POINT('',(13.5,-2.92,6.27));
#2215 = LINE('',#2216,#2217);
#2216 = CARTESIAN_POINT('',(13.5,-2.92,6.15));
#2217 = VECTOR('',#2218,1.);
#2218 = DIRECTION('',(0.,0.,1.));
#2219 = ORIENTED_EDGE('',*,*,#2220,.F.);
#2220 = EDGE_CURVE('',#2197,#2213,#2221,.T.);
#2221 = LINE('',#2222,#2223);
#2222 = CARTESIAN_POINT('',(13.5,-3.28,6.27));
#2223 = VECTOR('',#2224,1.);
#2224 = DIRECTION('',(0.,1.,0.));
#2225 = PLANE('',#2226);
#2226 = AXIS2_PLACEMENT_3D('',#2227,#2228,#2229);
#2227 = CARTESIAN_POINT('',(13.5,-3.28,6.15));
#2228 = DIRECTION('',(1.,0.,0.));
#2229 = DIRECTION('',(0.,0.,1.));
#2230 = ADVANCED_FACE('',(#2231),#2247,.F.);
#2231 = FACE_BOUND('',#2232,.F.);
#2232 = EDGE_LOOP('',(#2233,#2239,#2240,#2246));
#2233 = ORIENTED_EDGE('',*,*,#2234,.F.);
#2234 = EDGE_CURVE('',#2155,#2195,#2235,.T.);
#2235 = LINE('',#2236,#2237);
#2236 = CARTESIAN_POINT('',(7.,-3.28,6.15));
#2237 = VECTOR('',#2238,1.);
#2238 = DIRECTION('',(1.,0.,0.));
#2239 = ORIENTED_EDGE('',*,*,#2154,.T.);
#2240 = ORIENTED_EDGE('',*,*,#2241,.T.);
#2241 = EDGE_CURVE('',#2157,#2197,#2242,.T.);
#2242 = LINE('',#2243,#2244);
#2243 = CARTESIAN_POINT('',(7.,-3.28,6.27));
#2244 = VECTOR('',#2245,1.);
#2245 = DIRECTION('',(1.,0.,0.));
#2246 = ORIENTED_EDGE('',*,*,#2194,.F.);
#2247 = PLANE('',#2248);
#2248 = AXIS2_PLACEMENT_3D('',#2249,#2250,#2251);
#2249 = CARTESIAN_POINT('',(7.,-3.28,6.15));
#2250 = DIRECTION('',(0.,1.,0.));
#2251 = DIRECTION('',(0.,-0.,1.));
#2252 = ADVANCED_FACE('',(#2253),#2269,.T.);
#2253 = FACE_BOUND('',#2254,.T.);
#2254 = EDGE_LOOP('',(#2255,#2261,#2262,#2268));
#2255 = ORIENTED_EDGE('',*,*,#2256,.F.);
#2256 = EDGE_CURVE('',#2165,#2205,#2257,.T.);
#2257 = LINE('',#2258,#2259);
#2258 = CARTESIAN_POINT('',(7.,-2.92,6.15));
#2259 = VECTOR('',#2260,1.);
#2260 = DIRECTION('',(1.,0.,0.));
#2261 = ORIENTED_EDGE('',*,*,#2172,.T.);
#2262 = ORIENTED_EDGE('',*,*,#2263,.T.);
#2263 = EDGE_CURVE('',#2173,#2213,#2264,.T.);
#2264 = LINE('',#2265,#2266);
#2265 = CARTESIAN_POINT('',(7.,-2.92,6.27));
#2266 = VECTOR('',#2267,1.);
#2267 = DIRECTION('',(1.,0.,0.));
#2268 = ORIENTED_EDGE('',*,*,#2212,.F.);
#2269 = PLANE('',#2270);
#2270 = AXIS2_PLACEMENT_3D('',#2271,#2272,#2273);
#2271 = CARTESIAN_POINT('',(7.,-2.92,6.15));
#2272 = DIRECTION('',(0.,1.,0.));
#2273 = DIRECTION('',(0.,-0.,1.));
#2274 = ADVANCED_FACE('',(#2275),#2281,.F.);
#2275 = FACE_BOUND('',#2276,.F.);
#2276 = EDGE_LOOP('',(#2277,#2278,#2279,#2280));
#2277 = ORIENTED_EDGE('',*,*,#2164,.F.);
#2278 = ORIENTED_EDGE('',*,*,#2234,.T.);
#2279 = ORIENTED_EDGE('',*,*,#2204,.T.);
#2280 = ORIENTED_EDGE('',*,*,#2256,.F.);
#2281 = PLANE('',#2282);
#2282 = AXIS2_PLACEMENT_3D('',#2283,#2284,#2285);
#2283 = CARTESIAN_POINT('',(7.,-3.28,6.15));
#2284 = DIRECTION('',(0.,0.,1.));
#2285 = DIRECTION('',(1.,0.,-0.));
#2286 = ADVANCED_FACE('',(#2287),#2293,.T.);
#2287 = FACE_BOUND('',#2288,.T.);
#2288 = EDGE_LOOP('',(#2289,#2290,#2291,#2292));
#2289 = ORIENTED_EDGE('',*,*,#2180,.F.);
#2290 = ORIENTED_EDGE('',*,*,#2241,.T.);
#2291 = ORIENTED_EDGE('',*,*,#2220,.T.);
#2292 = ORIENTED_EDGE('',*,*,#2263,.F.);
#2293 = PLANE('',#2294);
#2294 = AXIS2_PLACEMENT_3D('',#2295,#2296,#2297);
#2295 = CARTESIAN_POINT('',(7.,-3.28,6.27));
#2296 = DIRECTION('',(0.,0.,1.));
#2297 = DIRECTION('',(1.,0.,-0.));
#2298 = ( GEOMETRIC_REPRESENTATION_CONTEXT(3) 
GLOBAL_UNCERTAINTY_ASSIGNED_CONTEXT((#2302)) 
GLOBAL_UNIT_ASSIGNED_CONTEXT((#2299,#2300,#2301)) REPRESENTATION_CONTEXT
('Context #1','3D Context with UNIT and UNCERTAINTY') );
#2299 = ( LENGTH_UNIT() NAMED_UNIT(*) SI_UNIT(.MILLI.,.METRE.) );
#2300 = ( NAMED_UNIT(*) PLANE_ANGLE_UNIT() SI_UNIT($,.RADIAN.) );
#2301 = ( NAMED_UNIT(*) SI_UNIT($,.STERADIAN.) SOLID_ANGLE_UNIT() );
#2302 = UNCERTAINTY_MEASURE_WITH_UNIT(LENGTH_MEASURE(1.E-07),#2299,
  'distance_accuracy_value','confusion accuracy');
#2303 = CONTEXT_DEPENDENT_SHAPE_REPRESENTATION(#2304,#2306);
#2304 = ( REPRESENTATION_RELATIONSHIP('','',#2147,#10) 
REPRESENTATION_RELATIONSHIP_WITH_TRANSFORMATION(#2305) 
SHAPE_REPRESENTATION_RELATIONSHIP() );
#2305 = ITEM_DEFINED_TRANSFORMATION('','',#11,#59);
#2306 = PRODUCT_DEFINITION_SHAPE('Placement','Placement of an item',
  #2307);
#2307 = NEXT_ASSEMBLY_USAGE_OCCURRENCE('12','contact_3','',#5,#2142,$);
#2308 = PRODUCT_RELATED_PRODUCT_CATEGORY('part',$,(#2144));
#2309 = SHAPE_DEFINITION_REPRESENTATION(#2310,#2316);
#2310 = PRODUCT_DEFINITION_SHAPE('','',#2311);
#2311 = PRODUCT_DEFINITION('design','',#2312,#2315);
#2312 = PRODUCT_DEFINITION_FORMATION('','',#2313);
#2313 = PRODUCT('contact_4','contact_4','',(#2314));
#2314 = PRODUCT_CONTEXT('',#2,'mechanical');
#2315 = PRODUCT_DEFINITION_CONTEXT('part definition',#2,'design');
#2316 = ADVANCED_BREP_SHAPE_REPRESENTATION('',(#11,#2317),#2467);
#2317 = MANIFOLD_SOLID_BREP('',#2318);
#2318 = CLOSED_SHELL('',(#2319,#2359,#2399,#2421,#2443,#2455));
#2319 = ADVANCED_FACE('',(#2320),#2354,.F.);
#2320 = FACE_BOUND('',#2321,.F.);
#2321 = EDGE_LOOP('',(#2322,#2332,#2340,#2348));
#2322 = ORIENTED_EDGE('',*,*,#2323,.F.);
#2323 = EDGE_CURVE('',#2324,#2326,#2328,.T.);
#2324 = VERTEX_POINT('',#2325);
#2325 = CARTESIAN_POINT('',(7.,0.42,6.15));
#2326 = VERTEX_POINT('',#2327);
#2327 = CARTESIAN_POINT('',(7.,0.42,6.27));
#2328 = LINE('',#2329,#2330);
#2329 = CARTESIAN_POINT('',(7.,0.42,6.15));
#2330 = VECTOR('',#2331,1.);
#2331 = DIRECTION('',(0.,0.,1.));
#2332 = ORIENTED_EDGE('',*,*,#2333,.T.);
#2333 = EDGE_CURVE('',#2324,#2334,#2336,.T.);
#2334 = VERTEX_POINT('',#2335);
#2335 = CARTESIAN_POINT('',(7.,0.78,6.15));
#2336 = LINE('',#2337,#2338);
#2337 = CARTESIAN_POINT('',(7.,0.42,6.15));
#2338 = VECTOR('',#2339,1.);
#2339 = DIRECTION('',(0.,1.,0.));
#2340 = ORIENTED_EDGE('',*,*,#2341,.T.);
#2341 = EDGE_CURVE('',#2334,#2342,#2344,.T.);
#2342 = VERTEX_POINT('',#2343);
#2343 = CARTESIAN_POINT('',(7.,0.78,6.27));
#2344 = LINE('',#2345,#2346);
#2345 = CARTESIAN_POINT('',(7.,0.78,6.15));
#2346 = VECTOR('',#2347,1.);
#2347 = DIRECTION('',(0.,0.,1.));
#2348 = ORIENTED_EDGE('',*,*,#2349,.F.);
#2349 = EDGE_CURVE('',#2326,#2342,#2350,.T.);
#2350 = LINE('',#2351,#2352);
#2351 = CARTESIAN_POINT('',(7.,0.42,6.27));
#2352 = VECTOR('',#2353,1.);
#2353 = DIRECTION('',(0.,1.,0.));
#2354 = PLANE('',#2355);
#2355 = AXIS2_PLACEMENT_3D('',#2356,#2357,#2358);
#2356 = CARTESIAN_POINT('',(7.,0.42,6.15));
#2357 = DIRECTION('',(1.,0.,0.));
#2358 = DIRECTION('',(0.,0.,1.));
#2359 = ADVANCED_FACE('',(#2360),#2394,.T.);
#2360 = FACE_BOUND('',#2361,.T.);
#2361 = EDGE_LOOP('',(#2362,#2372,#2380,#2388));
#2362 = ORIENTED_EDGE('',*,*,#2363,.F.);
#2363 = EDGE_CURVE('',#2364,#2366,#2368,.T.);
#2364 = VERTEX_POINT('',#2365);
#2365 = CARTESIAN_POINT('',(13.5,0.42,6.15));
#2366 = VERTEX_POINT('',#2367);
#2367 = CARTESIAN_POINT('',(13.5,0.42,6.27));
#2368 = LINE('',#2369,#2370);
#2369 = CARTESIAN_POINT('',(13.5,0.42,6.15));
#2370 = VECTOR('',#2371,1.);
#2371 = DIRECTION('',(0.,0.,1.));
#2372 = ORIENTED_EDGE('',*,*,#2373,.T.);
#2373 = EDGE_CURVE('',#2364,#2374,#2376,.T.);
#2374 = VERTEX_POINT('',#2375);
#2375 = CARTESIAN_POINT('',(13.5,0.78,6.15));
#2376 = LINE('',#2377,#2378);
#2377 = CARTESIAN_POINT('',(13.5,0.42,6.15));
#2378 = VECTOR('',#2379,1.);
#2379 = DIRECTION('',(0.,1.,0.));
#2380 = ORIENTED_EDGE('',*,*,#2381,.T.);
#2381 = EDGE_CURVE('',#2374,#2382,#2384,.T.);
#2382 = VERTEX_POINT('',#2383);
#2383 = CARTESIAN_POINT('',(13.5,0.78,6.27));
#2384 = LINE('',#2385,#2386);
#2385 = CARTESIAN_POINT('',(13.5,0.78,6.15));
#2386 = VECTOR('',#2387,1.);
#2387 = DIRECTION('',(0.,0.,1.));
#2388 = ORIENTED_EDGE('',*,*,#2389,.F.);
#2389 = EDGE_CURVE('',#2366,#2382,#2390,.T.);
#2390 = LINE('',#2391,#2392);
#2391 = CARTESIAN_POINT('',(13.5,0.42,6.27));
#2392 = VECTOR('',#2393,1.);
#2393 = DIRECTION('',(0.,1.,0.));
#2394 = PLANE('',#2395);
#2395 = AXIS2_PLACEMENT_3D('',#2396,#2397,#2398);
#2396 = CARTESIAN_POINT('',(13.5,0.42,6.15));
#2397 = DIRECTION('',(1.,0.,0.));
#2398 = DIRECTION('',(0.,0.,1.));
#2399 = ADVANCED_FACE('',(#2400),#2416,.F.);
#2400 = FACE_BOUND('',#2401,.F.);
#2401 = EDGE_LOOP('',(#2402,#2408,#2409,#2415));
#2402 = ORIENTED_EDGE('',*,*,#2403,.F.);
#2403 = EDGE_CURVE('',#2324,#2364,#2404,.T.);
#2404 = LINE('',#2405,#2406);
#2405 = CARTESIAN_POINT('',(7.,0.42,6.15));
#2406 = VECTOR('',#2407,1.);
#2407 = DIRECTION('',(1.,0.,0.));
#2408 = ORIENTED_EDGE('',*,*,#2323,.T.);
#2409 = ORIENTED_EDGE('',*,*,#2410,.T.);
#2410 = EDGE_CURVE('',#2326,#2366,#2411,.T.);
#2411 = LINE('',#2412,#2413);
#2412 = CARTESIAN_POINT('',(7.,0.42,6.27));
#2413 = VECTOR('',#2414,1.);
#2414 = DIRECTION('',(1.,0.,0.));
#2415 = ORIENTED_EDGE('',*,*,#2363,.F.);
#2416 = PLANE('',#2417);
#2417 = AXIS2_PLACEMENT_3D('',#2418,#2419,#2420);
#2418 = CARTESIAN_POINT('',(7.,0.42,6.15));
#2419 = DIRECTION('',(0.,1.,0.));
#2420 = DIRECTION('',(0.,-0.,1.));
#2421 = ADVANCED_FACE('',(#2422),#2438,.T.);
#2422 = FACE_BOUND('',#2423,.T.);
#2423 = EDGE_LOOP('',(#2424,#2430,#2431,#2437));
#2424 = ORIENTED_EDGE('',*,*,#2425,.F.);
#2425 = EDGE_CURVE('',#2334,#2374,#2426,.T.);
#2426 = LINE('',#2427,#2428);
#2427 = CARTESIAN_POINT('',(7.,0.78,6.15));
#2428 = VECTOR('',#2429,1.);
#2429 = DIRECTION('',(1.,0.,0.));
#2430 = ORIENTED_EDGE('',*,*,#2341,.T.);
#2431 = ORIENTED_EDGE('',*,*,#2432,.T.);
#2432 = EDGE_CURVE('',#2342,#2382,#2433,.T.);
#2433 = LINE('',#2434,#2435);
#2434 = CARTESIAN_POINT('',(7.,0.78,6.27));
#2435 = VECTOR('',#2436,1.);
#2436 = DIRECTION('',(1.,0.,0.));
#2437 = ORIENTED_EDGE('',*,*,#2381,.F.);
#2438 = PLANE('',#2439);
#2439 = AXIS2_PLACEMENT_3D('',#2440,#2441,#2442);
#2440 = CARTESIAN_POINT('',(7.,0.78,6.15));
#2441 = DIRECTION('',(0.,1.,0.));
#2442 = DIRECTION('',(0.,-0.,1.));
#2443 = ADVANCED_FACE('',(#2444),#2450,.F.);
#2444 = FACE_BOUND('',#2445,.F.);
#2445 = EDGE_LOOP('',(#2446,#2447,#2448,#2449));
#2446 = ORIENTED_EDGE('',*,*,#2333,.F.);
#2447 = ORIENTED_EDGE('',*,*,#2403,.T.);
#2448 = ORIENTED_EDGE('',*,*,#2373,.T.);
#2449 = ORIENTED_EDGE('',*,*,#2425,.F.);
#2450 = PLANE('',#2451);
#2451 = AXIS2_PLACEMENT_3D('',#2452,#2453,#2454);
#2452 = CARTESIAN_POINT('',(7.,0.42,6.15));
#2453 = DIRECTION('',(0.,0.,1.));
#2454 = DIRECTION('',(1.,0.,-0.));
#2455 = ADVANCED_FACE('',(#2456),#2462,.T.);
#2456 = FACE_BOUND('',#2457,.T.);
#2457 = EDGE_LOOP('',(#2458,#2459,#2460,#2461));
#2458 = ORIENTED_EDGE('',*,*,#2349,.F.);
#2459 = ORIENTED_EDGE('',*,*,#2410,.T.);
#2460 = ORIENTED_EDGE('',*,*,#2389,.T.);
#2461 = ORIENTED_EDGE('',*,*,#2432,.F.);
#2462 = PLANE('',#2463);
#2463 = AXIS2_PLACEMENT_3D('',#2464,#2465,#2466);
#2464 = CARTESIAN_POINT('',(7.,0.42,6.27));
#2465 = DIRECTION('',(0.,0.,1.));
#2466 = DIRECTION('',(1.,0.,-0.));
#2467 = ( GEOMETRIC_REPRESENTATION_CONTEXT(3) 
GLOBAL_UNCERTAINTY_ASSIGNED_CONTEXT((#2471)) 
GLOBAL_UNIT_ASSIGNED_CONTEXT((#2468,#2469,#2470)) REPRESENTATION_CONTEXT
('Context #1','3D Context with UNIT and UNCERTAINTY') );
#2468 = ( LENGTH_UNIT() NAMED_UNIT(*) SI_UNIT(.MILLI.,.METRE.) );
#2469 = ( NAMED_UNIT(*) PLANE_ANGLE_UNIT() SI_UNIT($,.RADIAN.) );
#2470 = ( NAMED_UNIT(*) SI_UNIT($,.STERADIAN.) SOLID_ANGLE_UNIT() );
#2471 = UNCERTAINTY_MEASURE_WITH_UNIT(LENGTH_MEASURE(1.E-07),#2468,
  'distance_accuracy_value','confusion accuracy');
#2472 = CONTEXT_DEPENDENT_SHAPE_REPRESENTATION(#2473,#2475);
#2473 = ( REPRESENTATION_RELATIONSHIP('','',#2316,#10) 
REPRESENTATION_RELATIONSHIP_WITH_TRANSFORMATION(#2474) 
SHAPE_REPRESENTATION_RELATIONSHIP() );
#2474 = ITEM_DEFINED_TRANSFORMATION('','',#11,#63);
#2475 = PRODUCT_DEFINITION_SHAPE('Placement','Placement of an item',
  #2476);
#2476 = NEXT_ASSEMBLY_USAGE_OCCURRENCE('13','contact_4','',#5,#2311,$);
#2477 = PRODUCT_RELATED_PRODUCT_CATEGORY('part',$,(#2313));
#2478 = MECHANICAL_DESIGN_GEOMETRIC_PRESENTATION_REPRESENTATION('',(
    #2479),#1453);
#2479 = STYLED_ITEM('color',(#2480),#1303);
#2480 = PRESENTATION_STYLE_ASSIGNMENT((#2481,#2487));
#2481 = SURFACE_STYLE_USAGE(.BOTH.,#2482);
#2482 = SURFACE_SIDE_STYLE('',(#2483));
#2483 = SURFACE_STYLE_FILL_AREA(#2484);
#2484 = FILL_AREA_STYLE('',(#2485));
#2485 = FILL_AREA_STYLE_COLOUR('',#2486);
#2486 = COLOUR_RGB('',0.649999965504,0.670000024756,0.690000002877);
#2487 = CURVE_STYLE('',#2488,POSITIVE_LENGTH_MEASURE(0.1),#2489);
#2488 = DRAUGHTING_PRE_DEFINED_CURVE_FONT('continuous');
#2489 = COLOUR_RGB('',9.803921802644E-02,9.803921802644E-02,
  9.803921802644E-02);
#2490 = MECHANICAL_DESIGN_GEOMETRIC_PRESENTATION_REPRESENTATION('',(
    #2491),#1791);
#2491 = STYLED_ITEM('color',(#2492),#1641);
#2492 = PRESENTATION_STYLE_ASSIGNMENT((#2493,#2498));
#2493 = SURFACE_STYLE_USAGE(.BOTH.,#2494);
#2494 = SURFACE_SIDE_STYLE('',(#2495));
#2495 = SURFACE_STYLE_FILL_AREA(#2496);
#2496 = FILL_AREA_STYLE('',(#2497));
#2497 = FILL_AREA_STYLE_COLOUR('',#2486);
#2498 = CURVE_STYLE('',#2499,POSITIVE_LENGTH_MEASURE(0.1),#2489);
#2499 = DRAUGHTING_PRE_DEFINED_CURVE_FONT('continuous');
#2500 = MECHANICAL_DESIGN_GEOMETRIC_PRESENTATION_REPRESENTATION('',(
    #2501),#777);
#2501 = STYLED_ITEM('color',(#2502),#627);
#2502 = PRESENTATION_STYLE_ASSIGNMENT((#2503,#2509));
#2503 = SURFACE_STYLE_USAGE(.BOTH.,#2504);
#2504 = SURFACE_SIDE_STYLE('',(#2505));
#2505 = SURFACE_STYLE_FILL_AREA(#2506);
#2506 = FILL_AREA_STYLE('',(#2507));
#2507 = FILL_AREA_STYLE_COLOUR('',#2508);
#2508 = COLOUR_RGB('',0.82999997502,0.82999997502,0.790000031657);
#2509 = CURVE_STYLE('',#2510,POSITIVE_LENGTH_MEASURE(0.1),#2489);
#2510 = DRAUGHTING_PRE_DEFINED_CURVE_FONT('continuous');
#2511 = MECHANICAL_DESIGN_GEOMETRIC_PRESENTATION_REPRESENTATION('',(
    #2512),#946);
#2512 = STYLED_ITEM('color',(#2513),#796);
#2513 = PRESENTATION_STYLE_ASSIGNMENT((#2514,#2519));
#2514 = SURFACE_STYLE_USAGE(.BOTH.,#2515);
#2515 = SURFACE_SIDE_STYLE('',(#2516));
#2516 = SURFACE_STYLE_FILL_AREA(#2517);
#2517 = FILL_AREA_STYLE('',(#2518));
#2518 = FILL_AREA_STYLE_COLOUR('',#2486);
#2519 = CURVE_STYLE('',#2520,POSITIVE_LENGTH_MEASURE(0.1),#2489);
#2520 = DRAUGHTING_PRE_DEFINED_CURVE_FONT('continuous');
#2521 = MECHANICAL_DESIGN_GEOMETRIC_PRESENTATION_REPRESENTATION('',(
    #2522),#608);
#2522 = STYLED_ITEM('color',(#2523),#458);
#2523 = PRESENTATION_STYLE_ASSIGNMENT((#2524,#2529));
#2524 = SURFACE_STYLE_USAGE(.BOTH.,#2525);
#2525 = SURFACE_SIDE_STYLE('',(#2526));
#2526 = SURFACE_STYLE_FILL_AREA(#2527);
#2527 = FILL_AREA_STYLE('',(#2528));
#2528 = FILL_AREA_STYLE_COLOUR('',#2508);
#2529 = CURVE_STYLE('',#2530,POSITIVE_LENGTH_MEASURE(0.1),#2489);
#2530 = DRAUGHTING_PRE_DEFINED_CURVE_FONT('continuous');
#2531 = MECHANICAL_DESIGN_GEOMETRIC_PRESENTATION_REPRESENTATION('',(
    #2532),#439);
#2532 = STYLED_ITEM('color',(#2533),#81);
#2533 = PRESENTATION_STYLE_ASSIGNMENT((#2534,#2539));
#2534 = SURFACE_STYLE_USAGE(.BOTH.,#2535);
#2535 = SURFACE_SIDE_STYLE('',(#2536));
#2536 = SURFACE_STYLE_FILL_AREA(#2537);
#2537 = FILL_AREA_STYLE('',(#2538));
#2538 = FILL_AREA_STYLE_COLOUR('',#2486);
#2539 = CURVE_STYLE('',#2540,POSITIVE_LENGTH_MEASURE(0.1),#2489);
#2540 = DRAUGHTING_PRE_DEFINED_CURVE_FONT('continuous');
#2541 = MECHANICAL_DESIGN_GEOMETRIC_PRESENTATION_REPRESENTATION('',(
    #2542),#2129);
#2542 = STYLED_ITEM('color',(#2543),#1979);
#2543 = PRESENTATION_STYLE_ASSIGNMENT((#2544,#2550));
#2544 = SURFACE_STYLE_USAGE(.BOTH.,#2545);
#2545 = SURFACE_SIDE_STYLE('',(#2546));
#2546 = SURFACE_STYLE_FILL_AREA(#2547);
#2547 = FILL_AREA_STYLE('',(#2548));
#2548 = FILL_AREA_STYLE_COLOUR('',#2549);
#2549 = COLOUR_RGB('',0.720000023499,0.55000000909,0.180000009005);
#2550 = CURVE_STYLE('',#2551,POSITIVE_LENGTH_MEASURE(0.1),#2489);
#2551 = DRAUGHTING_PRE_DEFINED_CURVE_FONT('continuous');
#2552 = MECHANICAL_DESIGN_GEOMETRIC_PRESENTATION_REPRESENTATION('',(
    #2553),#2467);
#2553 = STYLED_ITEM('color',(#2554),#2317);
#2554 = PRESENTATION_STYLE_ASSIGNMENT((#2555,#2560));
#2555 = SURFACE_STYLE_USAGE(.BOTH.,#2556);
#2556 = SURFACE_SIDE_STYLE('',(#2557));
#2557 = SURFACE_STYLE_FILL_AREA(#2558);
#2558 = FILL_AREA_STYLE('',(#2559));
#2559 = FILL_AREA_STYLE_COLOUR('',#2549);
#2560 = CURVE_STYLE('',#2561,POSITIVE_LENGTH_MEASURE(0.1),#2489);
#2561 = DRAUGHTING_PRE_DEFINED_CURVE_FONT('continuous');
#2562 = MECHANICAL_DESIGN_GEOMETRIC_PRESENTATION_REPRESENTATION('',(
    #2563),#2298);
#2563 = STYLED_ITEM('color',(#2564),#2148);
#2564 = PRESENTATION_STYLE_ASSIGNMENT((#2565,#2570));
#2565 = SURFACE_STYLE_USAGE(.BOTH.,#2566);
#2566 = SURFACE_SIDE_STYLE('',(#2567));
#2567 = SURFACE_STYLE_FILL_AREA(#2568);
#2568 = FILL_AREA_STYLE('',(#2569));
#2569 = FILL_AREA_STYLE_COLOUR('',#2549);
#2570 = CURVE_STYLE('',#2571,POSITIVE_LENGTH_MEASURE(0.1),#2489);
#2571 = DRAUGHTING_PRE_DEFINED_CURVE_FONT('continuous');
#2572 = MECHANICAL_DESIGN_GEOMETRIC_PRESENTATION_REPRESENTATION('',(
    #2573),#1960);
#2573 = STYLED_ITEM('color',(#2574),#1810);
#2574 = PRESENTATION_STYLE_ASSIGNMENT((#2575,#2580));
#2575 = SURFACE_STYLE_USAGE(.BOTH.,#2576);
#2576 = SURFACE_SIDE_STYLE('',(#2577));
#2577 = SURFACE_STYLE_FILL_AREA(#2578);
#2578 = FILL_AREA_STYLE('',(#2579));
#2579 = FILL_AREA_STYLE_COLOUR('',#2549);
#2580 = CURVE_STYLE('',#2581,POSITIVE_LENGTH_MEASURE(0.1),#2489);
#2581 = DRAUGHTING_PRE_DEFINED_CURVE_FONT('continuous');
#2582 = MECHANICAL_DESIGN_GEOMETRIC_PRESENTATION_REPRESENTATION('',(
    #2583),#1284);
#2583 = STYLED_ITEM('color',(#2584),#1134);
#2584 = PRESENTATION_STYLE_ASSIGNMENT((#2585,#2590));
#2585 = SURFACE_STYLE_USAGE(.BOTH.,#2586);
#2586 = SURFACE_SIDE_STYLE('',(#2587));
#2587 = SURFACE_STYLE_FILL_AREA(#2588);
#2588 = FILL_AREA_STYLE('',(#2589));
#2589 = FILL_AREA_STYLE_COLOUR('',#2486);
#2590 = CURVE_STYLE('',#2591,POSITIVE_LENGTH_MEASURE(0.1),#2489);
#2591 = DRAUGHTING_PRE_DEFINED_CURVE_FONT('continuous');
#2592 = MECHANICAL_DESIGN_GEOMETRIC_PRESENTATION_REPRESENTATION('',(
    #2593),#1115);
#2593 = STYLED_ITEM('color',(#2594),#965);
#2594 = PRESENTATION_STYLE_ASSIGNMENT((#2595,#2600));
#2595 = SURFACE_STYLE_USAGE(.BOTH.,#2596);
#2596 = SURFACE_SIDE_STYLE('',(#2597));
#2597 = SURFACE_STYLE_FILL_AREA(#2598);
#2598 = FILL_AREA_STYLE('',(#2599));
#2599 = FILL_AREA_STYLE_COLOUR('',#2486);
#2600 = CURVE_STYLE('',#2601,POSITIVE_LENGTH_MEASURE(0.1),#2489);
#2601 = DRAUGHTING_PRE_DEFINED_CURVE_FONT('continuous');
#2602 = MECHANICAL_DESIGN_GEOMETRIC_PRESENTATION_REPRESENTATION('',(
    #2603),#1622);
#2603 = STYLED_ITEM('color',(#2604),#1472);
#2604 = PRESENTATION_STYLE_ASSIGNMENT((#2605,#2610));
#2605 = SURFACE_STYLE_USAGE(.BOTH.,#2606);
#2606 = SURFACE_SIDE_STYLE('',(#2607));
#2607 = SURFACE_STYLE_FILL_AREA(#2608);
#2608 = FILL_AREA_STYLE('',(#2609));
#2609 = FILL_AREA_STYLE_COLOUR('',#2486);
#2610 = CURVE_STYLE('',#2611,POSITIVE_LENGTH_MEASURE(0.1),#2489);
#2611 = DRAUGHTING_PRE_DEFINED_CURVE_FONT('continuous');
ENDSEC;
END-ISO-10303-21;
